mtllib sculpt_20260814T000054.mtl
usemtl c19
v 10 1 10
v 10 1 11
v 10 2 11
v 10 2 10
vn -1 0 0
f 1//1 2//1 3//1 4//1
v 10 2 10
v 11 2 10
v 11 1 10
v 10 1 10
vn 0 0 -1
f 5//2 6//2 7//2 8//2
v 10 2 10
v 10 2 11
v 10 3 11
v 10 3 10
vn -1 0 0
f 9//3 10//3 11//3 12//3
v 10 3 10
v 11 3 10
v 11 2 10
v 10 2 10
vn 0 0 -1
f 13//4 14//4 15//4 16//4
v 10 3 10
v 10 3 11
v 10 4 11
v 10 4 10
vn -1 0 0
f 17//5 18//5 19//5 20//5
v 10 4 10
v 11 4 10
v 11 3 10
v 10 3 10
vn 0 0 -1
f 21//6 22//6 23//6 24//6
v 10 4 10
v 10 4 11
v 10 5 11
v 10 5 10
vn -1 0 0
f 25//7 26//7 27//7 28//7
v 10 5 10
v 11 5 10
v 11 4 10
v 10 4 10
vn 0 0 -1
f 29//8 30//8 31//8 32//8
v 10 5 10
v 10 5 11
v 10 6 11
v 10 6 10
vn -1 0 0
f 33//9 34//9 35//9 36//9
v 10 6 10
v 11 6 10
v 11 5 10
v 10 5 10
vn 0 0 -1
f 37//10 38//10 39//10 40//10
v 10 6 11
v 11 6 11
v 11 6 10
v 10 6 10
vn 0 1 0
f 41//11 42//11 43//11 44//11
v 10 1 11
v 10 1 12
v 10 2 12
v 10 2 11
vn -1 0 0
f 45//12 46//12 47//12 48//12
v 10 2 11
v 10 2 12
v 10 3 12
v 10 3 11
vn -1 0 0
f 49//13 50//13 51//13 52//13
v 10 3 11
v 10 3 12
v 10 4 12
v 10 4 11
vn -1 0 0
f 53//14 54//14 55//14 56//14
v 10 4 11
v 10 4 12
v 10 5 12
v 10 5 11
vn -1 0 0
f 57//15 58//15 59//15 60//15
v 10 5 11
v 10 5 12
v 10 6 12
v 10 6 11
vn -1 0 0
f 61//16 62//16 63//16 64//16
v 10 6 12
v 11 6 12
v 11 6 11
v 10 6 11
vn 0 1 0
f 65//17 66//17 67//17 68//17
v 10 1 12
v 10 1 13
v 10 2 13
v 10 2 12
vn -1 0 0
f 69//18 70//18 71//18 72//18
v 10 2 12
v 10 2 13
v 10 3 13
v 10 3 12
vn -1 0 0
f 73//19 74//19 75//19 76//19
v 10 3 12
v 10 3 13
v 10 4 13
v 10 4 12
vn -1 0 0
f 77//20 78//20 79//20 80//20
v 10 4 12
v 10 4 13
v 10 5 13
v 10 5 12
vn -1 0 0
f 81//21 82//21 83//21 84//21
v 10 5 12
v 10 5 13
v 10 6 13
v 10 6 12
vn -1 0 0
f 85//22 86//22 87//22 88//22
v 10 6 13
v 11 6 13
v 11 6 12
v 10 6 12
vn 0 1 0
f 89//23 90//23 91//23 92//23
v 10 1 13
v 10 1 14
v 10 2 14
v 10 2 13
vn -1 0 0
f 93//24 94//24 95//24 96//24
v 10 2 13
v 10 2 14
v 10 3 14
v 10 3 13
vn -1 0 0
f 97//25 98//25 99//25 100//25
v 10 3 13
v 10 3 14
v 10 4 14
v 10 4 13
vn -1 0 0
f 101//26 102//26 103//26 104//26
v 10 4 13
v 10 4 14
v 10 5 14
v 10 5 13
vn -1 0 0
f 105//27 106//27 107//27 108//27
v 10 5 13
v 10 5 14
v 10 6 14
v 10 6 13
vn -1 0 0
f 109//28 110//28 111//28 112//28
v 10 6 14
v 11 6 14
v 11 6 13
v 10 6 13
vn 0 1 0
f 113//29 114//29 115//29 116//29
v 10 1 14
v 10 1 15
v 10 2 15
v 10 2 14
vn -1 0 0
f 117//30 118//30 119//30 120//30
v 10 2 14
v 10 2 15
v 10 3 15
v 10 3 14
vn -1 0 0
f 121//31 122//31 123//31 124//31
v 10 3 14
v 10 3 15
v 10 4 15
v 10 4 14
vn -1 0 0
f 125//32 126//32 127//32 128//32
v 10 4 14
v 10 4 15
v 10 5 15
v 10 5 14
vn -1 0 0
f 129//33 130//33 131//33 132//33
v 10 5 14
v 10 5 15
v 10 6 15
v 10 6 14
vn -1 0 0
f 133//34 134//34 135//34 136//34
v 10 6 15
v 11 6 15
v 11 6 14
v 10 6 14
vn 0 1 0
f 137//35 138//35 139//35 140//35
v 10 1 15
v 10 1 16
v 10 2 16
v 10 2 15
vn -1 0 0
f 141//36 142//36 143//36 144//36
v 10 2 15
v 10 2 16
v 10 3 16
v 10 3 15
vn -1 0 0
f 145//37 146//37 147//37 148//37
v 10 3 15
v 10 3 16
v 10 4 16
v 10 4 15
vn -1 0 0
f 149//38 150//38 151//38 152//38
v 10 4 15
v 10 4 16
v 10 5 16
v 10 5 15
vn -1 0 0
f 153//39 154//39 155//39 156//39
v 10 5 15
v 10 5 16
v 10 6 16
v 10 6 15
vn -1 0 0
f 157//40 158//40 159//40 160//40
v 10 6 16
v 11 6 16
v 11 6 15
v 10 6 15
vn 0 1 0
f 161//41 162//41 163//41 164//41
v 10 1 16
v 10 1 17
v 10 2 17
v 10 2 16
vn -1 0 0
f 165//42 166//42 167//42 168//42
v 10 2 16
v 10 2 17
v 10 3 17
v 10 3 16
vn -1 0 0
f 169//43 170//43 171//43 172//43
v 10 3 16
v 10 3 17
v 10 4 17
v 10 4 16
vn -1 0 0
f 173//44 174//44 175//44 176//44
v 10 4 16
v 10 4 17
v 10 5 17
v 10 5 16
vn -1 0 0
f 177//45 178//45 179//45 180//45
v 10 5 16
v 10 5 17
v 10 6 17
v 10 6 16
vn -1 0 0
f 181//46 182//46 183//46 184//46
v 10 6 17
v 11 6 17
v 11 6 16
v 10 6 16
vn 0 1 0
f 185//47 186//47 187//47 188//47
v 10 1 17
v 10 1 18
v 10 2 18
v 10 2 17
vn -1 0 0
f 189//48 190//48 191//48 192//48
v 10 2 17
v 10 2 18
v 10 3 18
v 10 3 17
vn -1 0 0
f 193//49 194//49 195//49 196//49
v 10 3 17
v 10 3 18
v 10 4 18
v 10 4 17
vn -1 0 0
f 197//50 198//50 199//50 200//50
v 10 4 17
v 10 4 18
v 10 5 18
v 10 5 17
vn -1 0 0
f 201//51 202//51 203//51 204//51
v 10 5 17
v 10 5 18
v 10 6 18
v 10 6 17
vn -1 0 0
f 205//52 206//52 207//52 208//52
v 10 6 18
v 11 6 18
v 11 6 17
v 10 6 17
vn 0 1 0
f 209//53 210//53 211//53 212//53
v 10 1 18
v 10 1 19
v 10 2 19
v 10 2 18
vn -1 0 0
f 213//54 214//54 215//54 216//54
v 10 2 18
v 10 2 19
v 10 3 19
v 10 3 18
vn -1 0 0
f 217//55 218//55 219//55 220//55
v 10 3 18
v 10 3 19
v 10 4 19
v 10 4 18
vn -1 0 0
f 221//56 222//56 223//56 224//56
v 10 4 18
v 10 4 19
v 10 5 19
v 10 5 18
vn -1 0 0
f 225//57 226//57 227//57 228//57
v 10 5 18
v 10 5 19
v 10 6 19
v 10 6 18
vn -1 0 0
f 229//58 230//58 231//58 232//58
v 10 6 19
v 11 6 19
v 11 6 18
v 10 6 18
vn 0 1 0
f 233//59 234//59 235//59 236//59
v 10 1 19
v 10 1 20
v 10 2 20
v 10 2 19
vn -1 0 0
f 237//60 238//60 239//60 240//60
v 11 2 20
v 10 2 20
v 10 1 20
v 11 1 20
vn 0 0 1
f 241//61 242//61 243//61 244//61
v 10 2 19
v 10 2 20
v 10 3 20
v 10 3 19
vn -1 0 0
f 245//62 246//62 247//62 248//62
v 11 3 20
v 10 3 20
v 10 2 20
v 11 2 20
vn 0 0 1
f 249//63 250//63 251//63 252//63
v 10 3 19
v 10 3 20
v 10 4 20
v 10 4 19
vn -1 0 0
f 253//64 254//64 255//64 256//64
v 11 4 20
v 10 4 20
v 10 3 20
v 11 3 20
vn 0 0 1
f 257//65 258//65 259//65 260//65
v 10 4 19
v 10 4 20
v 10 5 20
v 10 5 19
vn -1 0 0
f 261//66 262//66 263//66 264//66
v 11 5 20
v 10 5 20
v 10 4 20
v 11 4 20
vn 0 0 1
f 265//67 266//67 267//67 268//67
v 10 5 19
v 10 5 20
v 10 6 20
v 10 6 19
vn -1 0 0
f 269//68 270//68 271//68 272//68
v 11 6 20
v 10 6 20
v 10 5 20
v 11 5 20
vn 0 0 1
f 273//69 274//69 275//69 276//69
v 10 6 20
v 11 6 20
v 11 6 19
v 10 6 19
vn 0 1 0
f 277//70 278//70 279//70 280//70
v 11 2 10
v 12 2 10
v 12 1 10
v 11 1 10
vn 0 0 -1
f 281//71 282//71 283//71 284//71
v 11 3 10
v 12 3 10
v 12 2 10
v 11 2 10
vn 0 0 -1
f 285//72 286//72 287//72 288//72
v 11 4 10
v 12 4 10
v 12 3 10
v 11 3 10
vn 0 0 -1
f 289//73 290//73 291//73 292//73
v 11 5 10
v 12 5 10
v 12 4 10
v 11 4 10
vn 0 0 -1
f 293//74 294//74 295//74 296//74
v 11 6 10
v 12 6 10
v 12 5 10
v 11 5 10
vn 0 0 -1
f 297//75 298//75 299//75 300//75
v 11 6 11
v 12 6 11
v 12 6 10
v 11 6 10
vn 0 1 0
f 301//76 302//76 303//76 304//76
v 11 6 12
v 12 6 12
v 12 6 11
v 11 6 11
vn 0 1 0
f 305//77 306//77 307//77 308//77
v 11 6 13
v 12 6 13
v 12 6 12
v 11 6 12
vn 0 1 0
f 309//78 310//78 311//78 312//78
v 11 6 14
v 12 6 14
v 12 6 13
v 11 6 13
vn 0 1 0
f 313//79 314//79 315//79 316//79
v 11 6 15
v 12 6 15
v 12 6 14
v 11 6 14
vn 0 1 0
f 317//80 318//80 319//80 320//80
v 11 6 16
v 12 6 16
v 12 6 15
v 11 6 15
vn 0 1 0
f 321//81 322//81 323//81 324//81
v 11 6 17
v 12 6 17
v 12 6 16
v 11 6 16
vn 0 1 0
f 325//82 326//82 327//82 328//82
v 11 6 18
v 12 6 18
v 12 6 17
v 11 6 17
vn 0 1 0
f 329//83 330//83 331//83 332//83
v 11 6 19
v 12 6 19
v 12 6 18
v 11 6 18
vn 0 1 0
f 333//84 334//84 335//84 336//84
v 12 2 20
v 11 2 20
v 11 1 20
v 12 1 20
vn 0 0 1
f 337//85 338//85 339//85 340//85
v 12 3 20
v 11 3 20
v 11 2 20
v 12 2 20
vn 0 0 1
f 341//86 342//86 343//86 344//86
v 12 4 20
v 11 4 20
v 11 3 20
v 12 3 20
vn 0 0 1
f 345//87 346//87 347//87 348//87
v 12 5 20
v 11 5 20
v 11 4 20
v 12 4 20
vn 0 0 1
f 349//88 350//88 351//88 352//88
v 12 6 20
v 11 6 20
v 11 5 20
v 12 5 20
vn 0 0 1
f 353//89 354//89 355//89 356//89
v 11 6 20
v 12 6 20
v 12 6 19
v 11 6 19
vn 0 1 0
f 357//90 358//90 359//90 360//90
v 12 2 10
v 13 2 10
v 13 1 10
v 12 1 10
vn 0 0 -1
f 361//91 362//91 363//91 364//91
v 12 3 10
v 13 3 10
v 13 2 10
v 12 2 10
vn 0 0 -1
f 365//92 366//92 367//92 368//92
v 12 4 10
v 13 4 10
v 13 3 10
v 12 3 10
vn 0 0 -1
f 369//93 370//93 371//93 372//93
v 12 5 10
v 13 5 10
v 13 4 10
v 12 4 10
vn 0 0 -1
f 373//94 374//94 375//94 376//94
v 12 6 10
v 13 6 10
v 13 5 10
v 12 5 10
vn 0 0 -1
f 377//95 378//95 379//95 380//95
v 12 6 11
v 13 6 11
v 13 6 10
v 12 6 10
vn 0 1 0
f 381//96 382//96 383//96 384//96
v 12 6 12
v 13 6 12
v 13 6 11
v 12 6 11
vn 0 1 0
f 385//97 386//97 387//97 388//97
v 12 6 13
v 13 6 13
v 13 6 12
v 12 6 12
vn 0 1 0
f 389//98 390//98 391//98 392//98
v 12 6 14
v 13 6 14
v 13 6 13
v 12 6 13
vn 0 1 0
f 393//99 394//99 395//99 396//99
v 12 6 15
v 13 6 15
v 13 6 14
v 12 6 14
vn 0 1 0
f 397//100 398//100 399//100 400//100
v 12 6 16
v 13 6 16
v 13 6 15
v 12 6 15
vn 0 1 0
f 401//101 402//101 403//101 404//101
v 12 6 17
v 13 6 17
v 13 6 16
v 12 6 16
vn 0 1 0
f 405//102 406//102 407//102 408//102
v 12 6 18
v 13 6 18
v 13 6 17
v 12 6 17
vn 0 1 0
f 409//103 410//103 411//103 412//103
v 12 6 19
v 13 6 19
v 13 6 18
v 12 6 18
vn 0 1 0
f 413//104 414//104 415//104 416//104
v 13 2 20
v 12 2 20
v 12 1 20
v 13 1 20
vn 0 0 1
f 417//105 418//105 419//105 420//105
v 13 3 20
v 12 3 20
v 12 2 20
v 13 2 20
vn 0 0 1
f 421//106 422//106 423//106 424//106
v 13 4 20
v 12 4 20
v 12 3 20
v 13 3 20
vn 0 0 1
f 425//107 426//107 427//107 428//107
v 13 5 20
v 12 5 20
v 12 4 20
v 13 4 20
vn 0 0 1
f 429//108 430//108 431//108 432//108
v 13 6 20
v 12 6 20
v 12 5 20
v 13 5 20
vn 0 0 1
f 433//109 434//109 435//109 436//109
v 12 6 20
v 13 6 20
v 13 6 19
v 12 6 19
vn 0 1 0
f 437//110 438//110 439//110 440//110
v 13 2 10
v 14 2 10
v 14 1 10
v 13 1 10
vn 0 0 -1
f 441//111 442//111 443//111 444//111
v 13 3 10
v 14 3 10
v 14 2 10
v 13 2 10
vn 0 0 -1
f 445//112 446//112 447//112 448//112
v 13 4 10
v 14 4 10
v 14 3 10
v 13 3 10
vn 0 0 -1
f 449//113 450//113 451//113 452//113
v 13 5 10
v 14 5 10
v 14 4 10
v 13 4 10
vn 0 0 -1
f 453//114 454//114 455//114 456//114
v 13 6 10
v 14 6 10
v 14 5 10
v 13 5 10
vn 0 0 -1
f 457//115 458//115 459//115 460//115
v 13 6 11
v 14 6 11
v 14 6 10
v 13 6 10
vn 0 1 0
f 461//116 462//116 463//116 464//116
v 13 6 12
v 14 6 12
v 14 6 11
v 13 6 11
vn 0 1 0
f 465//117 466//117 467//117 468//117
v 13 6 13
v 14 6 13
v 14 6 12
v 13 6 12
vn 0 1 0
f 469//118 470//118 471//118 472//118
v 13 6 14
v 14 6 14
v 14 6 13
v 13 6 13
vn 0 1 0
f 473//119 474//119 475//119 476//119
v 14 3 14
v 14 3 15
v 14 2 15
v 14 2 14
vn 1 0 0
f 477//120 478//120 479//120 480//120
v 14 4 14
v 14 4 15
v 14 3 15
v 14 3 14
vn 1 0 0
f 481//121 482//121 483//121 484//121
v 13 6 15
v 14 6 15
v 14 6 14
v 13 6 14
vn 0 1 0
f 485//122 486//122 487//122 488//122
v 14 3 15
v 14 3 16
v 14 2 16
v 14 2 15
vn 1 0 0
f 489//123 490//123 491//123 492//123
v 14 4 15
v 14 4 16
v 14 3 16
v 14 3 15
vn 1 0 0
f 493//124 494//124 495//124 496//124
v 13 6 16
v 14 6 16
v 14 6 15
v 13 6 15
vn 0 1 0
f 497//125 498//125 499//125 500//125
v 13 6 17
v 14 6 17
v 14 6 16
v 13 6 16
vn 0 1 0
f 501//126 502//126 503//126 504//126
v 13 6 18
v 14 6 18
v 14 6 17
v 13 6 17
vn 0 1 0
f 505//127 506//127 507//127 508//127
v 13 6 19
v 14 6 19
v 14 6 18
v 13 6 18
vn 0 1 0
f 509//128 510//128 511//128 512//128
v 14 2 20
v 13 2 20
v 13 1 20
v 14 1 20
vn 0 0 1
f 513//129 514//129 515//129 516//129
v 14 3 20
v 13 3 20
v 13 2 20
v 14 2 20
vn 0 0 1
f 517//130 518//130 519//130 520//130
v 14 4 20
v 13 4 20
v 13 3 20
v 14 3 20
vn 0 0 1
f 521//131 522//131 523//131 524//131
v 14 5 20
v 13 5 20
v 13 4 20
v 14 4 20
vn 0 0 1
f 525//132 526//132 527//132 528//132
v 14 6 20
v 13 6 20
v 13 5 20
v 14 5 20
vn 0 0 1
f 529//133 530//133 531//133 532//133
v 13 6 20
v 14 6 20
v 14 6 19
v 13 6 19
vn 0 1 0
f 533//134 534//134 535//134 536//134
v 14 2 10
v 15 2 10
v 15 1 10
v 14 1 10
vn 0 0 -1
f 537//135 538//135 539//135 540//135
v 14 3 10
v 15 3 10
v 15 2 10
v 14 2 10
vn 0 0 -1
f 541//136 542//136 543//136 544//136
v 14 4 10
v 15 4 10
v 15 3 10
v 14 3 10
vn 0 0 -1
f 545//137 546//137 547//137 548//137
v 14 5 10
v 15 5 10
v 15 4 10
v 14 4 10
vn 0 0 -1
f 549//138 550//138 551//138 552//138
v 14 6 10
v 15 6 10
v 15 5 10
v 14 5 10
vn 0 0 -1
f 553//139 554//139 555//139 556//139
v 14 6 11
v 15 6 11
v 15 6 10
v 14 6 10
vn 0 1 0
f 557//140 558//140 559//140 560//140
v 14 6 12
v 15 6 12
v 15 6 11
v 14 6 11
vn 0 1 0
f 561//141 562//141 563//141 564//141
v 14 6 13
v 15 6 13
v 15 6 12
v 14 6 12
vn 0 1 0
f 565//142 566//142 567//142 568//142
v 15 3 14
v 14 3 14
v 14 2 14
v 15 2 14
vn 0 0 1
f 569//143 570//143 571//143 572//143
v 15 4 14
v 14 4 14
v 14 3 14
v 15 3 14
vn 0 0 1
f 573//144 574//144 575//144 576//144
v 14 6 14
v 15 6 14
v 15 6 13
v 14 6 13
vn 0 1 0
f 577//145 578//145 579//145 580//145
v 14 2 15
v 15 2 15
v 15 2 14
v 14 2 14
vn 0 1 0
f 581//146 582//146 583//146 584//146
v 14 4 14
v 15 4 14
v 15 4 15
v 14 4 15
vn 0 -1 0
f 585//147 586//147 587//147 588//147
v 14 6 15
v 15 6 15
v 15 6 14
v 14 6 14
vn 0 1 0
f 589//148 590//148 591//148 592//148
v 14 2 16
v 15 2 16
v 15 2 15
v 14 2 15
vn 0 1 0
f 593//149 594//149 595//149 596//149
v 14 4 15
v 15 4 15
v 15 4 16
v 14 4 16
vn 0 -1 0
f 597//150 598//150 599//150 600//150
v 14 6 16
v 15 6 16
v 15 6 15
v 14 6 15
vn 0 1 0
f 601//151 602//151 603//151 604//151
v 14 3 16
v 15 3 16
v 15 2 16
v 14 2 16
vn 0 0 -1
f 605//152 606//152 607//152 608//152
v 14 4 16
v 15 4 16
v 15 3 16
v 14 3 16
vn 0 0 -1
f 609//153 610//153 611//153 612//153
v 14 6 17
v 15 6 17
v 15 6 16
v 14 6 16
vn 0 1 0
f 613//154 614//154 615//154 616//154
v 14 6 18
v 15 6 18
v 15 6 17
v 14 6 17
vn 0 1 0
f 617//155 618//155 619//155 620//155
v 14 6 19
v 15 6 19
v 15 6 18
v 14 6 18
vn 0 1 0
f 621//156 622//156 623//156 624//156
v 15 2 20
v 14 2 20
v 14 1 20
v 15 1 20
vn 0 0 1
f 625//157 626//157 627//157 628//157
v 15 3 20
v 14 3 20
v 14 2 20
v 15 2 20
vn 0 0 1
f 629//158 630//158 631//158 632//158
v 15 4 20
v 14 4 20
v 14 3 20
v 15 3 20
vn 0 0 1
f 633//159 634//159 635//159 636//159
v 15 5 20
v 14 5 20
v 14 4 20
v 15 4 20
vn 0 0 1
f 637//160 638//160 639//160 640//160
v 15 6 20
v 14 6 20
v 14 5 20
v 15 5 20
vn 0 0 1
f 641//161 642//161 643//161 644//161
v 14 6 20
v 15 6 20
v 15 6 19
v 14 6 19
vn 0 1 0
f 645//162 646//162 647//162 648//162
v 15 2 10
v 16 2 10
v 16 1 10
v 15 1 10
vn 0 0 -1
f 649//163 650//163 651//163 652//163
v 15 3 10
v 16 3 10
v 16 2 10
v 15 2 10
vn 0 0 -1
f 653//164 654//164 655//164 656//164
v 15 4 10
v 16 4 10
v 16 3 10
v 15 3 10
vn 0 0 -1
f 657//165 658//165 659//165 660//165
v 15 5 10
v 16 5 10
v 16 4 10
v 15 4 10
vn 0 0 -1
f 661//166 662//166 663//166 664//166
v 15 6 10
v 16 6 10
v 16 5 10
v 15 5 10
vn 0 0 -1
f 665//167 666//167 667//167 668//167
v 15 6 11
v 16 6 11
v 16 6 10
v 15 6 10
vn 0 1 0
f 669//168 670//168 671//168 672//168
v 15 6 12
v 16 6 12
v 16 6 11
v 15 6 11
vn 0 1 0
f 673//169 674//169 675//169 676//169
v 15 6 13
v 16 6 13
v 16 6 12
v 15 6 12
vn 0 1 0
f 677//170 678//170 679//170 680//170
v 16 3 14
v 15 3 14
v 15 2 14
v 16 2 14
vn 0 0 1
f 681//171 682//171 683//171 684//171
v 16 4 14
v 15 4 14
v 15 3 14
v 16 3 14
vn 0 0 1
f 685//172 686//172 687//172 688//172
v 15 6 14
v 16 6 14
v 16 6 13
v 15 6 13
vn 0 1 0
f 689//173 690//173 691//173 692//173
v 15 2 15
v 16 2 15
v 16 2 14
v 15 2 14
vn 0 1 0
f 693//174 694//174 695//174 696//174
v 15 4 14
v 16 4 14
v 16 4 15
v 15 4 15
vn 0 -1 0
f 697//175 698//175 699//175 700//175
v 15 6 15
v 16 6 15
v 16 6 14
v 15 6 14
vn 0 1 0
f 701//176 702//176 703//176 704//176
v 15 2 16
v 16 2 16
v 16 2 15
v 15 2 15
vn 0 1 0
f 705//177 706//177 707//177 708//177
v 15 4 15
v 16 4 15
v 16 4 16
v 15 4 16
vn 0 -1 0
f 709//178 710//178 711//178 712//178
v 15 6 16
v 16 6 16
v 16 6 15
v 15 6 15
vn 0 1 0
f 713//179 714//179 715//179 716//179
v 15 3 16
v 16 3 16
v 16 2 16
v 15 2 16
vn 0 0 -1
f 717//180 718//180 719//180 720//180
v 15 4 16
v 16 4 16
v 16 3 16
v 15 3 16
vn 0 0 -1
f 721//181 722//181 723//181 724//181
v 15 6 17
v 16 6 17
v 16 6 16
v 15 6 16
vn 0 1 0
f 725//182 726//182 727//182 728//182
v 15 6 18
v 16 6 18
v 16 6 17
v 15 6 17
vn 0 1 0
f 729//183 730//183 731//183 732//183
v 15 6 19
v 16 6 19
v 16 6 18
v 15 6 18
vn 0 1 0
f 733//184 734//184 735//184 736//184
v 15 6 20
v 16 6 20
v 16 6 19
v 15 6 19
vn 0 1 0
f 737//185 738//185 739//185 740//185
v 16 2 10
v 17 2 10
v 17 1 10
v 16 1 10
vn 0 0 -1
f 741//186 742//186 743//186 744//186
v 16 3 10
v 17 3 10
v 17 2 10
v 16 2 10
vn 0 0 -1
f 745//187 746//187 747//187 748//187
v 16 4 10
v 17 4 10
v 17 3 10
v 16 3 10
vn 0 0 -1
f 749//188 750//188 751//188 752//188
v 16 5 10
v 17 5 10
v 17 4 10
v 16 4 10
vn 0 0 -1
f 753//189 754//189 755//189 756//189
v 16 6 10
v 17 6 10
v 17 5 10
v 16 5 10
vn 0 0 -1
f 757//190 758//190 759//190 760//190
v 16 6 11
v 17 6 11
v 17 6 10
v 16 6 10
vn 0 1 0
f 761//191 762//191 763//191 764//191
v 16 6 12
v 17 6 12
v 17 6 11
v 16 6 11
vn 0 1 0
f 765//192 766//192 767//192 768//192
v 16 6 13
v 17 6 13
v 17 6 12
v 16 6 12
vn 0 1 0
f 769//193 770//193 771//193 772//193
v 16 6 14
v 17 6 14
v 17 6 13
v 16 6 13
vn 0 1 0
f 773//194 774//194 775//194 776//194
v 16 2 14
v 16 2 15
v 16 3 15
v 16 3 14
vn -1 0 0
f 777//195 778//195 779//195 780//195
v 16 3 14
v 16 3 15
v 16 4 15
v 16 4 14
vn -1 0 0
f 781//196 782//196 783//196 784//196
v 16 6 15
v 17 6 15
v 17 6 14
v 16 6 14
vn 0 1 0
f 785//197 786//197 787//197 788//197
v 16 2 15
v 16 2 16
v 16 3 16
v 16 3 15
vn -1 0 0
f 789//198 790//198 791//198 792//198
v 16 3 15
v 16 3 16
v 16 4 16
v 16 4 15
vn -1 0 0
f 793//199 794//199 795//199 796//199
v 16 6 16
v 17 6 16
v 17 6 15
v 16 6 15
vn 0 1 0
f 797//200 798//200 799//200 800//200
v 16 6 17
v 17 6 17
v 17 6 16
v 16 6 16
vn 0 1 0
f 801//201 802//201 803//201 804//201
v 16 6 18
v 17 6 18
v 17 6 17
v 16 6 17
vn 0 1 0
f 805//202 806//202 807//202 808//202
v 16 6 19
v 17 6 19
v 17 6 18
v 16 6 18
vn 0 1 0
f 809//203 810//203 811//203 812//203
v 16 6 20
v 17 6 20
v 17 6 19
v 16 6 19
vn 0 1 0
f 813//204 814//204 815//204 816//204
v 17 2 10
v 18 2 10
v 18 1 10
v 17 1 10
vn 0 0 -1
f 817//205 818//205 819//205 820//205
v 17 3 10
v 18 3 10
v 18 2 10
v 17 2 10
vn 0 0 -1
f 821//206 822//206 823//206 824//206
v 17 4 10
v 18 4 10
v 18 3 10
v 17 3 10
vn 0 0 -1
f 825//207 826//207 827//207 828//207
v 17 5 10
v 18 5 10
v 18 4 10
v 17 4 10
vn 0 0 -1
f 829//208 830//208 831//208 832//208
v 17 6 10
v 18 6 10
v 18 5 10
v 17 5 10
vn 0 0 -1
f 833//209 834//209 835//209 836//209
v 17 6 11
v 18 6 11
v 18 6 10
v 17 6 10
vn 0 1 0
f 837//210 838//210 839//210 840//210
v 17 6 12
v 18 6 12
v 18 6 11
v 17 6 11
vn 0 1 0
f 841//211 842//211 843//211 844//211
v 17 6 13
v 18 6 13
v 18 6 12
v 17 6 12
vn 0 1 0
f 845//212 846//212 847//212 848//212
v 17 6 14
v 18 6 14
v 18 6 13
v 17 6 13
vn 0 1 0
f 849//213 850//213 851//213 852//213
v 17 6 15
v 18 6 15
v 18 6 14
v 17 6 14
vn 0 1 0
f 853//214 854//214 855//214 856//214
v 17 6 16
v 18 6 16
v 18 6 15
v 17 6 15
vn 0 1 0
f 857//215 858//215 859//215 860//215
v 17 6 17
v 18 6 17
v 18 6 16
v 17 6 16
vn 0 1 0
f 861//216 862//216 863//216 864//216
v 17 6 18
v 18 6 18
v 18 6 17
v 17 6 17
vn 0 1 0
f 865//217 866//217 867//217 868//217
v 17 6 19
v 18 6 19
v 18 6 18
v 17 6 18
vn 0 1 0
f 869//218 870//218 871//218 872//218
v 17 6 20
v 18 6 20
v 18 6 19
v 17 6 19
vn 0 1 0
f 873//219 874//219 875//219 876//219
v 18 2 10
v 19 2 10
v 19 1 10
v 18 1 10
vn 0 0 -1
f 877//220 878//220 879//220 880//220
v 18 3 10
v 19 3 10
v 19 2 10
v 18 2 10
vn 0 0 -1
f 881//221 882//221 883//221 884//221
v 18 4 10
v 19 4 10
v 19 3 10
v 18 3 10
vn 0 0 -1
f 885//222 886//222 887//222 888//222
v 18 5 10
v 19 5 10
v 19 4 10
v 18 4 10
vn 0 0 -1
f 889//223 890//223 891//223 892//223
v 18 6 10
v 19 6 10
v 19 5 10
v 18 5 10
vn 0 0 -1
f 893//224 894//224 895//224 896//224
v 18 6 11
v 19 6 11
v 19 6 10
v 18 6 10
vn 0 1 0
f 897//225 898//225 899//225 900//225
v 18 6 12
v 19 6 12
v 19 6 11
v 18 6 11
vn 0 1 0
f 901//226 902//226 903//226 904//226
v 18 6 13
v 19 6 13
v 19 6 12
v 18 6 12
vn 0 1 0
f 905//227 906//227 907//227 908//227
v 18 6 14
v 19 6 14
v 19 6 13
v 18 6 13
vn 0 1 0
f 909//228 910//228 911//228 912//228
v 18 6 15
v 19 6 15
v 19 6 14
v 18 6 14
vn 0 1 0
f 913//229 914//229 915//229 916//229
v 18 6 16
v 19 6 16
v 19 6 15
v 18 6 15
vn 0 1 0
f 917//230 918//230 919//230 920//230
v 18 6 17
v 19 6 17
v 19 6 16
v 18 6 16
vn 0 1 0
f 921//231 922//231 923//231 924//231
v 18 6 18
v 19 6 18
v 19 6 17
v 18 6 17
vn 0 1 0
f 925//232 926//232 927//232 928//232
v 18 6 19
v 19 6 19
v 19 6 18
v 18 6 18
vn 0 1 0
f 929//233 930//233 931//233 932//233
v 18 6 20
v 19 6 20
v 19 6 19
v 18 6 19
vn 0 1 0
f 933//234 934//234 935//234 936//234
v 20 2 10
v 20 2 11
v 20 1 11
v 20 1 10
vn 1 0 0
f 937//235 938//235 939//235 940//235
v 19 2 10
v 20 2 10
v 20 1 10
v 19 1 10
vn 0 0 -1
f 941//236 942//236 943//236 944//236
v 20 3 10
v 20 3 11
v 20 2 11
v 20 2 10
vn 1 0 0
f 945//237 946//237 947//237 948//237
v 19 3 10
v 20 3 10
v 20 2 10
v 19 2 10
vn 0 0 -1
f 949//238 950//238 951//238 952//238
v 20 4 10
v 20 4 11
v 20 3 11
v 20 3 10
vn 1 0 0
f 953//239 954//239 955//239 956//239
v 19 4 10
v 20 4 10
v 20 3 10
v 19 3 10
vn 0 0 -1
f 957//240 958//240 959//240 960//240
v 20 5 10
v 20 5 11
v 20 4 11
v 20 4 10
vn 1 0 0
f 961//241 962//241 963//241 964//241
v 19 5 10
v 20 5 10
v 20 4 10
v 19 4 10
vn 0 0 -1
f 965//242 966//242 967//242 968//242
v 20 6 10
v 20 6 11
v 20 5 11
v 20 5 10
vn 1 0 0
f 969//243 970//243 971//243 972//243
v 19 6 10
v 20 6 10
v 20 5 10
v 19 5 10
vn 0 0 -1
f 973//244 974//244 975//244 976//244
v 19 6 11
v 20 6 11
v 20 6 10
v 19 6 10
vn 0 1 0
f 977//245 978//245 979//245 980//245
v 20 2 11
v 20 2 12
v 20 1 12
v 20 1 11
vn 1 0 0
f 981//246 982//246 983//246 984//246
v 20 3 11
v 20 3 12
v 20 2 12
v 20 2 11
vn 1 0 0
f 985//247 986//247 987//247 988//247
v 20 4 11
v 20 4 12
v 20 3 12
v 20 3 11
vn 1 0 0
f 989//248 990//248 991//248 992//248
v 20 5 11
v 20 5 12
v 20 4 12
v 20 4 11
vn 1 0 0
f 993//249 994//249 995//249 996//249
v 20 6 11
v 20 6 12
v 20 5 12
v 20 5 11
vn 1 0 0
f 997//250 998//250 999//250 1000//250
v 19 6 12
v 20 6 12
v 20 6 11
v 19 6 11
vn 0 1 0
f 1001//251 1002//251 1003//251 1004//251
v 20 2 12
v 20 2 13
v 20 1 13
v 20 1 12
vn 1 0 0
f 1005//252 1006//252 1007//252 1008//252
v 20 3 12
v 20 3 13
v 20 2 13
v 20 2 12
vn 1 0 0
f 1009//253 1010//253 1011//253 1012//253
v 20 4 12
v 20 4 13
v 20 3 13
v 20 3 12
vn 1 0 0
f 1013//254 1014//254 1015//254 1016//254
v 20 5 12
v 20 5 13
v 20 4 13
v 20 4 12
vn 1 0 0
f 1017//255 1018//255 1019//255 1020//255
v 20 6 12
v 20 6 13
v 20 5 13
v 20 5 12
vn 1 0 0
f 1021//256 1022//256 1023//256 1024//256
v 19 6 13
v 20 6 13
v 20 6 12
v 19 6 12
vn 0 1 0
f 1025//257 1026//257 1027//257 1028//257
v 20 2 13
v 20 2 14
v 20 1 14
v 20 1 13
vn 1 0 0
f 1029//258 1030//258 1031//258 1032//258
v 20 3 13
v 20 3 14
v 20 2 14
v 20 2 13
vn 1 0 0
f 1033//259 1034//259 1035//259 1036//259
v 20 4 13
v 20 4 14
v 20 3 14
v 20 3 13
vn 1 0 0
f 1037//260 1038//260 1039//260 1040//260
v 20 5 13
v 20 5 14
v 20 4 14
v 20 4 13
vn 1 0 0
f 1041//261 1042//261 1043//261 1044//261
v 20 6 13
v 20 6 14
v 20 5 14
v 20 5 13
vn 1 0 0
f 1045//262 1046//262 1047//262 1048//262
v 19 6 14
v 20 6 14
v 20 6 13
v 19 6 13
vn 0 1 0
f 1049//263 1050//263 1051//263 1052//263
v 20 2 14
v 20 2 15
v 20 1 15
v 20 1 14
vn 1 0 0
f 1053//264 1054//264 1055//264 1056//264
v 20 3 14
v 20 3 15
v 20 2 15
v 20 2 14
vn 1 0 0
f 1057//265 1058//265 1059//265 1060//265
v 20 4 14
v 20 4 15
v 20 3 15
v 20 3 14
vn 1 0 0
f 1061//266 1062//266 1063//266 1064//266
v 20 5 14
v 20 5 15
v 20 4 15
v 20 4 14
vn 1 0 0
f 1065//267 1066//267 1067//267 1068//267
v 20 6 14
v 20 6 15
v 20 5 15
v 20 5 14
vn 1 0 0
f 1069//268 1070//268 1071//268 1072//268
v 19 6 15
v 20 6 15
v 20 6 14
v 19 6 14
vn 0 1 0
f 1073//269 1074//269 1075//269 1076//269
v 19 6 16
v 20 6 16
v 20 6 15
v 19 6 15
vn 0 1 0
f 1077//270 1078//270 1079//270 1080//270
v 19 6 17
v 20 6 17
v 20 6 16
v 19 6 16
vn 0 1 0
f 1081//271 1082//271 1083//271 1084//271
v 19 6 18
v 20 6 18
v 20 6 17
v 19 6 17
vn 0 1 0
f 1085//272 1086//272 1087//272 1088//272
v 19 6 19
v 20 6 19
v 20 6 18
v 19 6 18
vn 0 1 0
f 1089//273 1090//273 1091//273 1092//273
v 19 6 20
v 20 6 20
v 20 6 19
v 19 6 19
vn 0 1 0
f 1093//274 1094//274 1095//274 1096//274
v 8 0 8
v 8 0 9
v 8 1 9
v 8 1 8
vn -1 0 0
f 1097//275 1098//275 1099//275 1100//275
v 8 1 8
v 9 1 8
v 9 0 8
v 8 0 8
vn 0 0 -1
f 1101//276 1102//276 1103//276 1104//276
v 8 1 9
v 9 1 9
v 9 1 8
v 8 1 8
vn 0 1 0
f 1105//277 1106//277 1107//277 1108//277
v 8 0 8
v 9 0 8
v 9 0 9
v 8 0 9
vn 0 -1 0
f 1109//278 1110//278 1111//278 1112//278
v 8 0 9
v 8 0 10
v 8 1 10
v 8 1 9
vn -1 0 0
f 1113//279 1114//279 1115//279 1116//279
v 8 1 10
v 9 1 10
v 9 1 9
v 8 1 9
vn 0 1 0
f 1117//280 1118//280 1119//280 1120//280
v 8 0 9
v 9 0 9
v 9 0 10
v 8 0 10
vn 0 -1 0
f 1121//281 1122//281 1123//281 1124//281
v 8 0 10
v 8 0 11
v 8 1 11
v 8 1 10
vn -1 0 0
f 1125//282 1126//282 1127//282 1128//282
v 8 1 11
v 9 1 11
v 9 1 10
v 8 1 10
vn 0 1 0
f 1129//283 1130//283 1131//283 1132//283
v 8 0 10
v 9 0 10
v 9 0 11
v 8 0 11
vn 0 -1 0
f 1133//284 1134//284 1135//284 1136//284
v 8 0 11
v 8 0 12
v 8 1 12
v 8 1 11
vn -1 0 0
f 1137//285 1138//285 1139//285 1140//285
v 8 1 12
v 9 1 12
v 9 1 11
v 8 1 11
vn 0 1 0
f 1141//286 1142//286 1143//286 1144//286
v 8 0 11
v 9 0 11
v 9 0 12
v 8 0 12
vn 0 -1 0
f 1145//287 1146//287 1147//287 1148//287
v 8 0 12
v 8 0 13
v 8 1 13
v 8 1 12
vn -1 0 0
f 1149//288 1150//288 1151//288 1152//288
v 8 1 13
v 9 1 13
v 9 1 12
v 8 1 12
vn 0 1 0
f 1153//289 1154//289 1155//289 1156//289
v 8 0 12
v 9 0 12
v 9 0 13
v 8 0 13
vn 0 -1 0
f 1157//290 1158//290 1159//290 1160//290
v 8 0 13
v 8 0 14
v 8 1 14
v 8 1 13
vn -1 0 0
f 1161//291 1162//291 1163//291 1164//291
v 8 1 14
v 9 1 14
v 9 1 13
v 8 1 13
vn 0 1 0
f 1165//292 1166//292 1167//292 1168//292
v 8 0 13
v 9 0 13
v 9 0 14
v 8 0 14
vn 0 -1 0
f 1169//293 1170//293 1171//293 1172//293
v 8 0 14
v 8 0 15
v 8 1 15
v 8 1 14
vn -1 0 0
f 1173//294 1174//294 1175//294 1176//294
v 8 1 15
v 9 1 15
v 9 1 14
v 8 1 14
vn 0 1 0
f 1177//295 1178//295 1179//295 1180//295
v 8 0 14
v 9 0 14
v 9 0 15
v 8 0 15
vn 0 -1 0
f 1181//296 1182//296 1183//296 1184//296
v 8 0 15
v 8 0 16
v 8 1 16
v 8 1 15
vn -1 0 0
f 1185//297 1186//297 1187//297 1188//297
v 8 1 16
v 9 1 16
v 9 1 15
v 8 1 15
vn 0 1 0
f 1189//298 1190//298 1191//298 1192//298
v 8 0 15
v 9 0 15
v 9 0 16
v 8 0 16
vn 0 -1 0
f 1193//299 1194//299 1195//299 1196//299
v 8 0 16
v 8 0 17
v 8 1 17
v 8 1 16
vn -1 0 0
f 1197//300 1198//300 1199//300 1200//300
v 8 1 17
v 9 1 17
v 9 1 16
v 8 1 16
vn 0 1 0
f 1201//301 1202//301 1203//301 1204//301
v 8 0 16
v 9 0 16
v 9 0 17
v 8 0 17
vn 0 -1 0
f 1205//302 1206//302 1207//302 1208//302
v 8 0 17
v 8 0 18
v 8 1 18
v 8 1 17
vn -1 0 0
f 1209//303 1210//303 1211//303 1212//303
v 8 1 18
v 9 1 18
v 9 1 17
v 8 1 17
vn 0 1 0
f 1213//304 1214//304 1215//304 1216//304
v 8 0 17
v 9 0 17
v 9 0 18
v 8 0 18
vn 0 -1 0
f 1217//305 1218//305 1219//305 1220//305
v 8 0 18
v 8 0 19
v 8 1 19
v 8 1 18
vn -1 0 0
f 1221//306 1222//306 1223//306 1224//306
v 8 1 19
v 9 1 19
v 9 1 18
v 8 1 18
vn 0 1 0
f 1225//307 1226//307 1227//307 1228//307
v 8 0 18
v 9 0 18
v 9 0 19
v 8 0 19
vn 0 -1 0
f 1229//308 1230//308 1231//308 1232//308
v 8 0 19
v 8 0 20
v 8 1 20
v 8 1 19
vn -1 0 0
f 1233//309 1234//309 1235//309 1236//309
v 8 1 20
v 9 1 20
v 9 1 19
v 8 1 19
vn 0 1 0
f 1237//310 1238//310 1239//310 1240//310
v 8 0 19
v 9 0 19
v 9 0 20
v 8 0 20
vn 0 -1 0
f 1241//311 1242//311 1243//311 1244//311
v 8 0 20
v 8 0 21
v 8 1 21
v 8 1 20
vn -1 0 0
f 1245//312 1246//312 1247//312 1248//312
v 8 1 21
v 9 1 21
v 9 1 20
v 8 1 20
vn 0 1 0
f 1249//313 1250//313 1251//313 1252//313
v 8 0 20
v 9 0 20
v 9 0 21
v 8 0 21
vn 0 -1 0
f 1253//314 1254//314 1255//314 1256//314
v 8 0 21
v 8 0 22
v 8 1 22
v 8 1 21
vn -1 0 0
f 1257//315 1258//315 1259//315 1260//315
v 9 1 22
v 8 1 22
v 8 0 22
v 9 0 22
vn 0 0 1
f 1261//316 1262//316 1263//316 1264//316
v 8 1 22
v 9 1 22
v 9 1 21
v 8 1 21
vn 0 1 0
f 1265//317 1266//317 1267//317 1268//317
v 8 0 21
v 9 0 21
v 9 0 22
v 8 0 22
vn 0 -1 0
f 1269//318 1270//318 1271//318 1272//318
v 9 1 8
v 10 1 8
v 10 0 8
v 9 0 8
vn 0 0 -1
f 1273//319 1274//319 1275//319 1276//319
v 9 1 9
v 10 1 9
v 10 1 8
v 9 1 8
vn 0 1 0
f 1277//320 1278//320 1279//320 1280//320
v 9 0 8
v 10 0 8
v 10 0 9
v 9 0 9
vn 0 -1 0
f 1281//321 1282//321 1283//321 1284//321
v 9 1 10
v 10 1 10
v 10 1 9
v 9 1 9
vn 0 1 0
f 1285//322 1286//322 1287//322 1288//322
v 9 0 9
v 10 0 9
v 10 0 10
v 9 0 10
vn 0 -1 0
f 1289//323 1290//323 1291//323 1292//323
v 9 1 11
v 10 1 11
v 10 1 10
v 9 1 10
vn 0 1 0
f 1293//324 1294//324 1295//324 1296//324
v 9 0 10
v 10 0 10
v 10 0 11
v 9 0 11
vn 0 -1 0
f 1297//325 1298//325 1299//325 1300//325
v 9 1 12
v 10 1 12
v 10 1 11
v 9 1 11
vn 0 1 0
f 1301//326 1302//326 1303//326 1304//326
v 9 0 11
v 10 0 11
v 10 0 12
v 9 0 12
vn 0 -1 0
f 1305//327 1306//327 1307//327 1308//327
v 9 1 13
v 10 1 13
v 10 1 12
v 9 1 12
vn 0 1 0
f 1309//328 1310//328 1311//328 1312//328
v 9 0 12
v 10 0 12
v 10 0 13
v 9 0 13
vn 0 -1 0
f 1313//329 1314//329 1315//329 1316//329
v 9 1 14
v 10 1 14
v 10 1 13
v 9 1 13
vn 0 1 0
f 1317//330 1318//330 1319//330 1320//330
v 9 0 13
v 10 0 13
v 10 0 14
v 9 0 14
vn 0 -1 0
f 1321//331 1322//331 1323//331 1324//331
v 9 1 15
v 10 1 15
v 10 1 14
v 9 1 14
vn 0 1 0
f 1325//332 1326//332 1327//332 1328//332
v 9 0 14
v 10 0 14
v 10 0 15
v 9 0 15
vn 0 -1 0
f 1329//333 1330//333 1331//333 1332//333
v 9 1 16
v 10 1 16
v 10 1 15
v 9 1 15
vn 0 1 0
f 1333//334 1334//334 1335//334 1336//334
v 9 0 15
v 10 0 15
v 10 0 16
v 9 0 16
vn 0 -1 0
f 1337//335 1338//335 1339//335 1340//335
v 9 1 17
v 10 1 17
v 10 1 16
v 9 1 16
vn 0 1 0
f 1341//336 1342//336 1343//336 1344//336
v 9 0 16
v 10 0 16
v 10 0 17
v 9 0 17
vn 0 -1 0
f 1345//337 1346//337 1347//337 1348//337
v 9 1 18
v 10 1 18
v 10 1 17
v 9 1 17
vn 0 1 0
f 1349//338 1350//338 1351//338 1352//338
v 9 0 17
v 10 0 17
v 10 0 18
v 9 0 18
vn 0 -1 0
f 1353//339 1354//339 1355//339 1356//339
v 9 1 19
v 10 1 19
v 10 1 18
v 9 1 18
vn 0 1 0
f 1357//340 1358//340 1359//340 1360//340
v 9 0 18
v 10 0 18
v 10 0 19
v 9 0 19
vn 0 -1 0
f 1361//341 1362//341 1363//341 1364//341
v 9 1 20
v 10 1 20
v 10 1 19
v 9 1 19
vn 0 1 0
f 1365//342 1366//342 1367//342 1368//342
v 9 0 19
v 10 0 19
v 10 0 20
v 9 0 20
vn 0 -1 0
f 1369//343 1370//343 1371//343 1372//343
v 9 1 21
v 10 1 21
v 10 1 20
v 9 1 20
vn 0 1 0
f 1373//344 1374//344 1375//344 1376//344
v 9 0 20
v 10 0 20
v 10 0 21
v 9 0 21
vn 0 -1 0
f 1377//345 1378//345 1379//345 1380//345
v 10 1 22
v 9 1 22
v 9 0 22
v 10 0 22
vn 0 0 1
f 1381//346 1382//346 1383//346 1384//346
v 9 1 22
v 10 1 22
v 10 1 21
v 9 1 21
vn 0 1 0
f 1385//347 1386//347 1387//347 1388//347
v 9 0 21
v 10 0 21
v 10 0 22
v 9 0 22
vn 0 -1 0
f 1389//348 1390//348 1391//348 1392//348
v 10 1 8
v 11 1 8
v 11 0 8
v 10 0 8
vn 0 0 -1
f 1393//349 1394//349 1395//349 1396//349
v 10 1 9
v 11 1 9
v 11 1 8
v 10 1 8
vn 0 1 0
f 1397//350 1398//350 1399//350 1400//350
v 10 0 8
v 11 0 8
v 11 0 9
v 10 0 9
vn 0 -1 0
f 1401//351 1402//351 1403//351 1404//351
v 10 1 10
v 11 1 10
v 11 1 9
v 10 1 9
vn 0 1 0
f 1405//352 1406//352 1407//352 1408//352
v 10 0 9
v 11 0 9
v 11 0 10
v 10 0 10
vn 0 -1 0
f 1409//353 1410//353 1411//353 1412//353
v 10 0 10
v 11 0 10
v 11 0 11
v 10 0 11
vn 0 -1 0
f 1413//354 1414//354 1415//354 1416//354
v 10 0 11
v 11 0 11
v 11 0 12
v 10 0 12
vn 0 -1 0
f 1417//355 1418//355 1419//355 1420//355
v 10 0 12
v 11 0 12
v 11 0 13
v 10 0 13
vn 0 -1 0
f 1421//356 1422//356 1423//356 1424//356
v 10 0 13
v 11 0 13
v 11 0 14
v 10 0 14
vn 0 -1 0
f 1425//357 1426//357 1427//357 1428//357
v 10 0 14
v 11 0 14
v 11 0 15
v 10 0 15
vn 0 -1 0
f 1429//358 1430//358 1431//358 1432//358
v 10 0 15
v 11 0 15
v 11 0 16
v 10 0 16
vn 0 -1 0
f 1433//359 1434//359 1435//359 1436//359
v 10 0 16
v 11 0 16
v 11 0 17
v 10 0 17
vn 0 -1 0
f 1437//360 1438//360 1439//360 1440//360
v 10 0 17
v 11 0 17
v 11 0 18
v 10 0 18
vn 0 -1 0
f 1441//361 1442//361 1443//361 1444//361
v 10 0 18
v 11 0 18
v 11 0 19
v 10 0 19
vn 0 -1 0
f 1445//362 1446//362 1447//362 1448//362
v 10 0 19
v 11 0 19
v 11 0 20
v 10 0 20
vn 0 -1 0
f 1449//363 1450//363 1451//363 1452//363
v 10 1 21
v 11 1 21
v 11 1 20
v 10 1 20
vn 0 1 0
f 1453//364 1454//364 1455//364 1456//364
v 10 0 20
v 11 0 20
v 11 0 21
v 10 0 21
vn 0 -1 0
f 1457//365 1458//365 1459//365 1460//365
v 11 1 22
v 10 1 22
v 10 0 22
v 11 0 22
vn 0 0 1
f 1461//366 1462//366 1463//366 1464//366
v 10 1 22
v 11 1 22
v 11 1 21
v 10 1 21
vn 0 1 0
f 1465//367 1466//367 1467//367 1468//367
v 10 0 21
v 11 0 21
v 11 0 22
v 10 0 22
vn 0 -1 0
f 1469//368 1470//368 1471//368 1472//368
v 11 1 8
v 12 1 8
v 12 0 8
v 11 0 8
vn 0 0 -1
f 1473//369 1474//369 1475//369 1476//369
v 11 1 9
v 12 1 9
v 12 1 8
v 11 1 8
vn 0 1 0
f 1477//370 1478//370 1479//370 1480//370
v 11 0 8
v 12 0 8
v 12 0 9
v 11 0 9
vn 0 -1 0
f 1481//371 1482//371 1483//371 1484//371
v 11 1 10
v 12 1 10
v 12 1 9
v 11 1 9
vn 0 1 0
f 1485//372 1486//372 1487//372 1488//372
v 11 0 9
v 12 0 9
v 12 0 10
v 11 0 10
vn 0 -1 0
f 1489//373 1490//373 1491//373 1492//373
v 11 0 10
v 12 0 10
v 12 0 11
v 11 0 11
vn 0 -1 0
f 1493//374 1494//374 1495//374 1496//374
v 11 0 11
v 12 0 11
v 12 0 12
v 11 0 12
vn 0 -1 0
f 1497//375 1498//375 1499//375 1500//375
v 11 0 12
v 12 0 12
v 12 0 13
v 11 0 13
vn 0 -1 0
f 1501//376 1502//376 1503//376 1504//376
v 11 0 13
v 12 0 13
v 12 0 14
v 11 0 14
vn 0 -1 0
f 1505//377 1506//377 1507//377 1508//377
v 11 0 14
v 12 0 14
v 12 0 15
v 11 0 15
vn 0 -1 0
f 1509//378 1510//378 1511//378 1512//378
v 11 0 15
v 12 0 15
v 12 0 16
v 11 0 16
vn 0 -1 0
f 1513//379 1514//379 1515//379 1516//379
v 11 0 16
v 12 0 16
v 12 0 17
v 11 0 17
vn 0 -1 0
f 1517//380 1518//380 1519//380 1520//380
v 11 0 17
v 12 0 17
v 12 0 18
v 11 0 18
vn 0 -1 0
f 1521//381 1522//381 1523//381 1524//381
v 11 0 18
v 12 0 18
v 12 0 19
v 11 0 19
vn 0 -1 0
f 1525//382 1526//382 1527//382 1528//382
v 11 0 19
v 12 0 19
v 12 0 20
v 11 0 20
vn 0 -1 0
f 1529//383 1530//383 1531//383 1532//383
v 11 1 21
v 12 1 21
v 12 1 20
v 11 1 20
vn 0 1 0
f 1533//384 1534//384 1535//384 1536//384
v 11 0 20
v 12 0 20
v 12 0 21
v 11 0 21
vn 0 -1 0
f 1537//385 1538//385 1539//385 1540//385
v 12 1 22
v 11 1 22
v 11 0 22
v 12 0 22
vn 0 0 1
f 1541//386 1542//386 1543//386 1544//386
v 11 1 22
v 12 1 22
v 12 1 21
v 11 1 21
vn 0 1 0
f 1545//387 1546//387 1547//387 1548//387
v 11 0 21
v 12 0 21
v 12 0 22
v 11 0 22
vn 0 -1 0
f 1549//388 1550//388 1551//388 1552//388
v 12 1 8
v 13 1 8
v 13 0 8
v 12 0 8
vn 0 0 -1
f 1553//389 1554//389 1555//389 1556//389
v 12 1 9
v 13 1 9
v 13 1 8
v 12 1 8
vn 0 1 0
f 1557//390 1558//390 1559//390 1560//390
v 12 0 8
v 13 0 8
v 13 0 9
v 12 0 9
vn 0 -1 0
f 1561//391 1562//391 1563//391 1564//391
v 12 1 10
v 13 1 10
v 13 1 9
v 12 1 9
vn 0 1 0
f 1565//392 1566//392 1567//392 1568//392
v 12 0 9
v 13 0 9
v 13 0 10
v 12 0 10
vn 0 -1 0
f 1569//393 1570//393 1571//393 1572//393
v 12 0 10
v 13 0 10
v 13 0 11
v 12 0 11
vn 0 -1 0
f 1573//394 1574//394 1575//394 1576//394
v 12 0 11
v 13 0 11
v 13 0 12
v 12 0 12
vn 0 -1 0
f 1577//395 1578//395 1579//395 1580//395
v 12 0 12
v 13 0 12
v 13 0 13
v 12 0 13
vn 0 -1 0
f 1581//396 1582//396 1583//396 1584//396
v 12 0 13
v 13 0 13
v 13 0 14
v 12 0 14
vn 0 -1 0
f 1585//397 1586//397 1587//397 1588//397
v 12 0 14
v 13 0 14
v 13 0 15
v 12 0 15
vn 0 -1 0
f 1589//398 1590//398 1591//398 1592//398
v 12 0 15
v 13 0 15
v 13 0 16
v 12 0 16
vn 0 -1 0
f 1593//399 1594//399 1595//399 1596//399
v 12 0 16
v 13 0 16
v 13 0 17
v 12 0 17
vn 0 -1 0
f 1597//400 1598//400 1599//400 1600//400
v 12 0 17
v 13 0 17
v 13 0 18
v 12 0 18
vn 0 -1 0
f 1601//401 1602//401 1603//401 1604//401
v 12 0 18
v 13 0 18
v 13 0 19
v 12 0 19
vn 0 -1 0
f 1605//402 1606//402 1607//402 1608//402
v 12 0 19
v 13 0 19
v 13 0 20
v 12 0 20
vn 0 -1 0
f 1609//403 1610//403 1611//403 1612//403
v 12 1 21
v 13 1 21
v 13 1 20
v 12 1 20
vn 0 1 0
f 1613//404 1614//404 1615//404 1616//404
v 12 0 20
v 13 0 20
v 13 0 21
v 12 0 21
vn 0 -1 0
f 1617//405 1618//405 1619//405 1620//405
v 13 1 22
v 12 1 22
v 12 0 22
v 13 0 22
vn 0 0 1
f 1621//406 1622//406 1623//406 1624//406
v 12 1 22
v 13 1 22
v 13 1 21
v 12 1 21
vn 0 1 0
f 1625//407 1626//407 1627//407 1628//407
v 12 0 21
v 13 0 21
v 13 0 22
v 12 0 22
vn 0 -1 0
f 1629//408 1630//408 1631//408 1632//408
v 13 1 8
v 14 1 8
v 14 0 8
v 13 0 8
vn 0 0 -1
f 1633//409 1634//409 1635//409 1636//409
v 13 1 9
v 14 1 9
v 14 1 8
v 13 1 8
vn 0 1 0
f 1637//410 1638//410 1639//410 1640//410
v 13 0 8
v 14 0 8
v 14 0 9
v 13 0 9
vn 0 -1 0
f 1641//411 1642//411 1643//411 1644//411
v 13 1 10
v 14 1 10
v 14 1 9
v 13 1 9
vn 0 1 0
f 1645//412 1646//412 1647//412 1648//412
v 13 0 9
v 14 0 9
v 14 0 10
v 13 0 10
vn 0 -1 0
f 1649//413 1650//413 1651//413 1652//413
v 13 0 10
v 14 0 10
v 14 0 11
v 13 0 11
vn 0 -1 0
f 1653//414 1654//414 1655//414 1656//414
v 13 0 11
v 14 0 11
v 14 0 12
v 13 0 12
vn 0 -1 0
f 1657//415 1658//415 1659//415 1660//415
v 13 0 12
v 14 0 12
v 14 0 13
v 13 0 13
vn 0 -1 0
f 1661//416 1662//416 1663//416 1664//416
v 13 0 13
v 14 0 13
v 14 0 14
v 13 0 14
vn 0 -1 0
f 1665//417 1666//417 1667//417 1668//417
v 13 0 14
v 14 0 14
v 14 0 15
v 13 0 15
vn 0 -1 0
f 1669//418 1670//418 1671//418 1672//418
v 13 0 15
v 14 0 15
v 14 0 16
v 13 0 16
vn 0 -1 0
f 1673//419 1674//419 1675//419 1676//419
v 13 0 16
v 14 0 16
v 14 0 17
v 13 0 17
vn 0 -1 0
f 1677//420 1678//420 1679//420 1680//420
v 13 0 17
v 14 0 17
v 14 0 18
v 13 0 18
vn 0 -1 0
f 1681//421 1682//421 1683//421 1684//421
v 13 0 18
v 14 0 18
v 14 0 19
v 13 0 19
vn 0 -1 0
f 1685//422 1686//422 1687//422 1688//422
v 13 0 19
v 14 0 19
v 14 0 20
v 13 0 20
vn 0 -1 0
f 1689//423 1690//423 1691//423 1692//423
v 13 1 21
v 14 1 21
v 14 1 20
v 13 1 20
vn 0 1 0
f 1693//424 1694//424 1695//424 1696//424
v 13 0 20
v 14 0 20
v 14 0 21
v 13 0 21
vn 0 -1 0
f 1697//425 1698//425 1699//425 1700//425
v 14 1 22
v 13 1 22
v 13 0 22
v 14 0 22
vn 0 0 1
f 1701//426 1702//426 1703//426 1704//426
v 13 1 22
v 14 1 22
v 14 1 21
v 13 1 21
vn 0 1 0
f 1705//427 1706//427 1707//427 1708//427
v 13 0 21
v 14 0 21
v 14 0 22
v 13 0 22
vn 0 -1 0
f 1709//428 1710//428 1711//428 1712//428
v 14 1 8
v 15 1 8
v 15 0 8
v 14 0 8
vn 0 0 -1
f 1713//429 1714//429 1715//429 1716//429
v 14 1 9
v 15 1 9
v 15 1 8
v 14 1 8
vn 0 1 0
f 1717//430 1718//430 1719//430 1720//430
v 14 0 8
v 15 0 8
v 15 0 9
v 14 0 9
vn 0 -1 0
f 1721//431 1722//431 1723//431 1724//431
v 14 1 10
v 15 1 10
v 15 1 9
v 14 1 9
vn 0 1 0
f 1725//432 1726//432 1727//432 1728//432
v 14 0 9
v 15 0 9
v 15 0 10
v 14 0 10
vn 0 -1 0
f 1729//433 1730//433 1731//433 1732//433
v 14 0 10
v 15 0 10
v 15 0 11
v 14 0 11
vn 0 -1 0
f 1733//434 1734//434 1735//434 1736//434
v 14 0 11
v 15 0 11
v 15 0 12
v 14 0 12
vn 0 -1 0
f 1737//435 1738//435 1739//435 1740//435
v 14 0 12
v 15 0 12
v 15 0 13
v 14 0 13
vn 0 -1 0
f 1741//436 1742//436 1743//436 1744//436
v 14 0 13
v 15 0 13
v 15 0 14
v 14 0 14
vn 0 -1 0
f 1745//437 1746//437 1747//437 1748//437
v 14 0 14
v 15 0 14
v 15 0 15
v 14 0 15
vn 0 -1 0
f 1749//438 1750//438 1751//438 1752//438
v 14 0 15
v 15 0 15
v 15 0 16
v 14 0 16
vn 0 -1 0
f 1753//439 1754//439 1755//439 1756//439
v 14 0 16
v 15 0 16
v 15 0 17
v 14 0 17
vn 0 -1 0
f 1757//440 1758//440 1759//440 1760//440
v 14 0 17
v 15 0 17
v 15 0 18
v 14 0 18
vn 0 -1 0
f 1761//441 1762//441 1763//441 1764//441
v 14 0 18
v 15 0 18
v 15 0 19
v 14 0 19
vn 0 -1 0
f 1765//442 1766//442 1767//442 1768//442
v 14 0 19
v 15 0 19
v 15 0 20
v 14 0 20
vn 0 -1 0
f 1769//443 1770//443 1771//443 1772//443
v 14 1 21
v 15 1 21
v 15 1 20
v 14 1 20
vn 0 1 0
f 1773//444 1774//444 1775//444 1776//444
v 14 0 20
v 15 0 20
v 15 0 21
v 14 0 21
vn 0 -1 0
f 1777//445 1778//445 1779//445 1780//445
v 15 1 22
v 14 1 22
v 14 0 22
v 15 0 22
vn 0 0 1
f 1781//446 1782//446 1783//446 1784//446
v 14 1 22
v 15 1 22
v 15 1 21
v 14 1 21
vn 0 1 0
f 1785//447 1786//447 1787//447 1788//447
v 14 0 21
v 15 0 21
v 15 0 22
v 14 0 22
vn 0 -1 0
f 1789//448 1790//448 1791//448 1792//448
v 15 1 8
v 16 1 8
v 16 0 8
v 15 0 8
vn 0 0 -1
f 1793//449 1794//449 1795//449 1796//449
v 15 1 9
v 16 1 9
v 16 1 8
v 15 1 8
vn 0 1 0
f 1797//450 1798//450 1799//450 1800//450
v 15 0 8
v 16 0 8
v 16 0 9
v 15 0 9
vn 0 -1 0
f 1801//451 1802//451 1803//451 1804//451
v 15 1 10
v 16 1 10
v 16 1 9
v 15 1 9
vn 0 1 0
f 1805//452 1806//452 1807//452 1808//452
v 15 0 9
v 16 0 9
v 16 0 10
v 15 0 10
vn 0 -1 0
f 1809//453 1810//453 1811//453 1812//453
v 15 0 10
v 16 0 10
v 16 0 11
v 15 0 11
vn 0 -1 0
f 1813//454 1814//454 1815//454 1816//454
v 15 0 11
v 16 0 11
v 16 0 12
v 15 0 12
vn 0 -1 0
f 1817//455 1818//455 1819//455 1820//455
v 15 0 12
v 16 0 12
v 16 0 13
v 15 0 13
vn 0 -1 0
f 1821//456 1822//456 1823//456 1824//456
v 15 0 13
v 16 0 13
v 16 0 14
v 15 0 14
vn 0 -1 0
f 1825//457 1826//457 1827//457 1828//457
v 15 0 14
v 16 0 14
v 16 0 15
v 15 0 15
vn 0 -1 0
f 1829//458 1830//458 1831//458 1832//458
v 15 0 15
v 16 0 15
v 16 0 16
v 15 0 16
vn 0 -1 0
f 1833//459 1834//459 1835//459 1836//459
v 15 0 16
v 16 0 16
v 16 0 17
v 15 0 17
vn 0 -1 0
f 1837//460 1838//460 1839//460 1840//460
v 15 0 17
v 16 0 17
v 16 0 18
v 15 0 18
vn 0 -1 0
f 1841//461 1842//461 1843//461 1844//461
v 15 0 18
v 16 0 18
v 16 0 19
v 15 0 19
vn 0 -1 0
f 1845//462 1846//462 1847//462 1848//462
v 15 0 19
v 16 0 19
v 16 0 20
v 15 0 20
vn 0 -1 0
f 1849//463 1850//463 1851//463 1852//463
v 15 0 20
v 16 0 20
v 16 0 21
v 15 0 21
vn 0 -1 0
f 1853//464 1854//464 1855//464 1856//464
v 16 1 22
v 15 1 22
v 15 0 22
v 16 0 22
vn 0 0 1
f 1857//465 1858//465 1859//465 1860//465
v 15 0 21
v 16 0 21
v 16 0 22
v 15 0 22
vn 0 -1 0
f 1861//466 1862//466 1863//466 1864//466
v 16 1 8
v 17 1 8
v 17 0 8
v 16 0 8
vn 0 0 -1
f 1865//467 1866//467 1867//467 1868//467
v 16 1 9
v 17 1 9
v 17 1 8
v 16 1 8
vn 0 1 0
f 1869//468 1870//468 1871//468 1872//468
v 16 0 8
v 17 0 8
v 17 0 9
v 16 0 9
vn 0 -1 0
f 1873//469 1874//469 1875//469 1876//469
v 16 1 10
v 17 1 10
v 17 1 9
v 16 1 9
vn 0 1 0
f 1877//470 1878//470 1879//470 1880//470
v 16 0 9
v 17 0 9
v 17 0 10
v 16 0 10
vn 0 -1 0
f 1881//471 1882//471 1883//471 1884//471
v 16 0 10
v 17 0 10
v 17 0 11
v 16 0 11
vn 0 -1 0
f 1885//472 1886//472 1887//472 1888//472
v 16 0 11
v 17 0 11
v 17 0 12
v 16 0 12
vn 0 -1 0
f 1889//473 1890//473 1891//473 1892//473
v 16 0 12
v 17 0 12
v 17 0 13
v 16 0 13
vn 0 -1 0
f 1893//474 1894//474 1895//474 1896//474
v 16 0 13
v 17 0 13
v 17 0 14
v 16 0 14
vn 0 -1 0
f 1897//475 1898//475 1899//475 1900//475
v 16 0 14
v 17 0 14
v 17 0 15
v 16 0 15
vn 0 -1 0
f 1901//476 1902//476 1903//476 1904//476
v 16 0 15
v 17 0 15
v 17 0 16
v 16 0 16
vn 0 -1 0
f 1905//477 1906//477 1907//477 1908//477
v 16 0 16
v 17 0 16
v 17 0 17
v 16 0 17
vn 0 -1 0
f 1909//478 1910//478 1911//478 1912//478
v 16 0 17
v 17 0 17
v 17 0 18
v 16 0 18
vn 0 -1 0
f 1913//479 1914//479 1915//479 1916//479
v 16 0 18
v 17 0 18
v 17 0 19
v 16 0 19
vn 0 -1 0
f 1917//480 1918//480 1919//480 1920//480
v 16 0 19
v 17 0 19
v 17 0 20
v 16 0 20
vn 0 -1 0
f 1921//481 1922//481 1923//481 1924//481
v 16 0 20
v 17 0 20
v 17 0 21
v 16 0 21
vn 0 -1 0
f 1925//482 1926//482 1927//482 1928//482
v 17 1 22
v 16 1 22
v 16 0 22
v 17 0 22
vn 0 0 1
f 1929//483 1930//483 1931//483 1932//483
v 16 0 21
v 17 0 21
v 17 0 22
v 16 0 22
vn 0 -1 0
f 1933//484 1934//484 1935//484 1936//484
v 17 1 8
v 18 1 8
v 18 0 8
v 17 0 8
vn 0 0 -1
f 1937//485 1938//485 1939//485 1940//485
v 17 1 9
v 18 1 9
v 18 1 8
v 17 1 8
vn 0 1 0
f 1941//486 1942//486 1943//486 1944//486
v 17 0 8
v 18 0 8
v 18 0 9
v 17 0 9
vn 0 -1 0
f 1945//487 1946//487 1947//487 1948//487
v 17 1 10
v 18 1 10
v 18 1 9
v 17 1 9
vn 0 1 0
f 1949//488 1950//488 1951//488 1952//488
v 17 0 9
v 18 0 9
v 18 0 10
v 17 0 10
vn 0 -1 0
f 1953//489 1954//489 1955//489 1956//489
v 17 0 10
v 18 0 10
v 18 0 11
v 17 0 11
vn 0 -1 0
f 1957//490 1958//490 1959//490 1960//490
v 17 0 11
v 18 0 11
v 18 0 12
v 17 0 12
vn 0 -1 0
f 1961//491 1962//491 1963//491 1964//491
v 17 0 12
v 18 0 12
v 18 0 13
v 17 0 13
vn 0 -1 0
f 1965//492 1966//492 1967//492 1968//492
v 17 0 13
v 18 0 13
v 18 0 14
v 17 0 14
vn 0 -1 0
f 1969//493 1970//493 1971//493 1972//493
v 17 0 14
v 18 0 14
v 18 0 15
v 17 0 15
vn 0 -1 0
f 1973//494 1974//494 1975//494 1976//494
v 17 0 15
v 18 0 15
v 18 0 16
v 17 0 16
vn 0 -1 0
f 1977//495 1978//495 1979//495 1980//495
v 17 0 16
v 18 0 16
v 18 0 17
v 17 0 17
vn 0 -1 0
f 1981//496 1982//496 1983//496 1984//496
v 17 0 17
v 18 0 17
v 18 0 18
v 17 0 18
vn 0 -1 0
f 1985//497 1986//497 1987//497 1988//497
v 17 0 18
v 18 0 18
v 18 0 19
v 17 0 19
vn 0 -1 0
f 1989//498 1990//498 1991//498 1992//498
v 17 0 19
v 18 0 19
v 18 0 20
v 17 0 20
vn 0 -1 0
f 1993//499 1994//499 1995//499 1996//499
v 17 0 20
v 18 0 20
v 18 0 21
v 17 0 21
vn 0 -1 0
f 1997//500 1998//500 1999//500 2000//500
v 18 1 22
v 17 1 22
v 17 0 22
v 18 0 22
vn 0 0 1
f 2001//501 2002//501 2003//501 2004//501
v 17 0 21
v 18 0 21
v 18 0 22
v 17 0 22
vn 0 -1 0
f 2005//502 2006//502 2007//502 2008//502
v 18 1 8
v 19 1 8
v 19 0 8
v 18 0 8
vn 0 0 -1
f 2009//503 2010//503 2011//503 2012//503
v 18 1 9
v 19 1 9
v 19 1 8
v 18 1 8
vn 0 1 0
f 2013//504 2014//504 2015//504 2016//504
v 18 0 8
v 19 0 8
v 19 0 9
v 18 0 9
vn 0 -1 0
f 2017//505 2018//505 2019//505 2020//505
v 18 1 10
v 19 1 10
v 19 1 9
v 18 1 9
vn 0 1 0
f 2021//506 2022//506 2023//506 2024//506
v 18 0 9
v 19 0 9
v 19 0 10
v 18 0 10
vn 0 -1 0
f 2025//507 2026//507 2027//507 2028//507
v 18 0 10
v 19 0 10
v 19 0 11
v 18 0 11
vn 0 -1 0
f 2029//508 2030//508 2031//508 2032//508
v 18 0 11
v 19 0 11
v 19 0 12
v 18 0 12
vn 0 -1 0
f 2033//509 2034//509 2035//509 2036//509
v 18 0 12
v 19 0 12
v 19 0 13
v 18 0 13
vn 0 -1 0
f 2037//510 2038//510 2039//510 2040//510
v 18 0 13
v 19 0 13
v 19 0 14
v 18 0 14
vn 0 -1 0
f 2041//511 2042//511 2043//511 2044//511
v 18 0 14
v 19 0 14
v 19 0 15
v 18 0 15
vn 0 -1 0
f 2045//512 2046//512 2047//512 2048//512
v 18 0 15
v 19 0 15
v 19 0 16
v 18 0 16
vn 0 -1 0
f 2049//513 2050//513 2051//513 2052//513
v 18 0 16
v 19 0 16
v 19 0 17
v 18 0 17
vn 0 -1 0
f 2053//514 2054//514 2055//514 2056//514
v 18 0 17
v 19 0 17
v 19 0 18
v 18 0 18
vn 0 -1 0
f 2057//515 2058//515 2059//515 2060//515
v 18 0 18
v 19 0 18
v 19 0 19
v 18 0 19
vn 0 -1 0
f 2061//516 2062//516 2063//516 2064//516
v 18 0 19
v 19 0 19
v 19 0 20
v 18 0 20
vn 0 -1 0
f 2065//517 2066//517 2067//517 2068//517
v 18 0 20
v 19 0 20
v 19 0 21
v 18 0 21
vn 0 -1 0
f 2069//518 2070//518 2071//518 2072//518
v 19 1 22
v 18 1 22
v 18 0 22
v 19 0 22
vn 0 0 1
f 2073//519 2074//519 2075//519 2076//519
v 18 0 21
v 19 0 21
v 19 0 22
v 18 0 22
vn 0 -1 0
f 2077//520 2078//520 2079//520 2080//520
v 19 1 8
v 20 1 8
v 20 0 8
v 19 0 8
vn 0 0 -1
f 2081//521 2082//521 2083//521 2084//521
v 19 1 9
v 20 1 9
v 20 1 8
v 19 1 8
vn 0 1 0
f 2085//522 2086//522 2087//522 2088//522
v 19 0 8
v 20 0 8
v 20 0 9
v 19 0 9
vn 0 -1 0
f 2089//523 2090//523 2091//523 2092//523
v 19 1 10
v 20 1 10
v 20 1 9
v 19 1 9
vn 0 1 0
f 2093//524 2094//524 2095//524 2096//524
v 19 0 9
v 20 0 9
v 20 0 10
v 19 0 10
vn 0 -1 0
f 2097//525 2098//525 2099//525 2100//525
v 19 0 10
v 20 0 10
v 20 0 11
v 19 0 11
vn 0 -1 0
f 2101//526 2102//526 2103//526 2104//526
v 19 0 11
v 20 0 11
v 20 0 12
v 19 0 12
vn 0 -1 0
f 2105//527 2106//527 2107//527 2108//527
v 19 0 12
v 20 0 12
v 20 0 13
v 19 0 13
vn 0 -1 0
f 2109//528 2110//528 2111//528 2112//528
v 19 0 13
v 20 0 13
v 20 0 14
v 19 0 14
vn 0 -1 0
f 2113//529 2114//529 2115//529 2116//529
v 19 0 14
v 20 0 14
v 20 0 15
v 19 0 15
vn 0 -1 0
f 2117//530 2118//530 2119//530 2120//530
v 19 0 15
v 20 0 15
v 20 0 16
v 19 0 16
vn 0 -1 0
f 2121//531 2122//531 2123//531 2124//531
v 19 0 16
v 20 0 16
v 20 0 17
v 19 0 17
vn 0 -1 0
f 2125//532 2126//532 2127//532 2128//532
v 19 0 17
v 20 0 17
v 20 0 18
v 19 0 18
vn 0 -1 0
f 2129//533 2130//533 2131//533 2132//533
v 19 0 18
v 20 0 18
v 20 0 19
v 19 0 19
vn 0 -1 0
f 2133//534 2134//534 2135//534 2136//534
v 19 0 19
v 20 0 19
v 20 0 20
v 19 0 20
vn 0 -1 0
f 2137//535 2138//535 2139//535 2140//535
v 19 0 20
v 20 0 20
v 20 0 21
v 19 0 21
vn 0 -1 0
f 2141//536 2142//536 2143//536 2144//536
v 20 1 22
v 19 1 22
v 19 0 22
v 20 0 22
vn 0 0 1
f 2145//537 2146//537 2147//537 2148//537
v 19 0 21
v 20 0 21
v 20 0 22
v 19 0 22
vn 0 -1 0
f 2149//538 2150//538 2151//538 2152//538
v 20 1 8
v 21 1 8
v 21 0 8
v 20 0 8
vn 0 0 -1
f 2153//539 2154//539 2155//539 2156//539
v 20 1 9
v 21 1 9
v 21 1 8
v 20 1 8
vn 0 1 0
f 2157//540 2158//540 2159//540 2160//540
v 20 0 8
v 21 0 8
v 21 0 9
v 20 0 9
vn 0 -1 0
f 2161//541 2162//541 2163//541 2164//541
v 20 1 10
v 21 1 10
v 21 1 9
v 20 1 9
vn 0 1 0
f 2165//542 2166//542 2167//542 2168//542
v 20 0 9
v 21 0 9
v 21 0 10
v 20 0 10
vn 0 -1 0
f 2169//543 2170//543 2171//543 2172//543
v 20 1 11
v 21 1 11
v 21 1 10
v 20 1 10
vn 0 1 0
f 2173//544 2174//544 2175//544 2176//544
v 20 0 10
v 21 0 10
v 21 0 11
v 20 0 11
vn 0 -1 0
f 2177//545 2178//545 2179//545 2180//545
v 20 1 12
v 21 1 12
v 21 1 11
v 20 1 11
vn 0 1 0
f 2181//546 2182//546 2183//546 2184//546
v 20 0 11
v 21 0 11
v 21 0 12
v 20 0 12
vn 0 -1 0
f 2185//547 2186//547 2187//547 2188//547
v 20 1 13
v 21 1 13
v 21 1 12
v 20 1 12
vn 0 1 0
f 2189//548 2190//548 2191//548 2192//548
v 20 0 12
v 21 0 12
v 21 0 13
v 20 0 13
vn 0 -1 0
f 2193//549 2194//549 2195//549 2196//549
v 20 1 14
v 21 1 14
v 21 1 13
v 20 1 13
vn 0 1 0
f 2197//550 2198//550 2199//550 2200//550
v 20 0 13
v 21 0 13
v 21 0 14
v 20 0 14
vn 0 -1 0
f 2201//551 2202//551 2203//551 2204//551
v 20 1 15
v 21 1 15
v 21 1 14
v 20 1 14
vn 0 1 0
f 2205//552 2206//552 2207//552 2208//552
v 20 0 14
v 21 0 14
v 21 0 15
v 20 0 15
vn 0 -1 0
f 2209//553 2210//553 2211//553 2212//553
v 20 0 15
v 21 0 15
v 21 0 16
v 20 0 16
vn 0 -1 0
f 2213//554 2214//554 2215//554 2216//554
v 20 0 16
v 21 0 16
v 21 0 17
v 20 0 17
vn 0 -1 0
f 2217//555 2218//555 2219//555 2220//555
v 20 0 17
v 21 0 17
v 21 0 18
v 20 0 18
vn 0 -1 0
f 2221//556 2222//556 2223//556 2224//556
v 20 0 18
v 21 0 18
v 21 0 19
v 20 0 19
vn 0 -1 0
f 2225//557 2226//557 2227//557 2228//557
v 20 0 19
v 21 0 19
v 21 0 20
v 20 0 20
vn 0 -1 0
f 2229//558 2230//558 2231//558 2232//558
v 20 0 20
v 21 0 20
v 21 0 21
v 20 0 21
vn 0 -1 0
f 2233//559 2234//559 2235//559 2236//559
v 21 1 22
v 20 1 22
v 20 0 22
v 21 0 22
vn 0 0 1
f 2237//560 2238//560 2239//560 2240//560
v 20 0 21
v 21 0 21
v 21 0 22
v 20 0 22
vn 0 -1 0
f 2241//561 2242//561 2243//561 2244//561
v 22 1 8
v 22 1 9
v 22 0 9
v 22 0 8
vn 1 0 0
f 2245//562 2246//562 2247//562 2248//562
v 21 1 8
v 22 1 8
v 22 0 8
v 21 0 8
vn 0 0 -1
f 2249//563 2250//563 2251//563 2252//563
v 21 1 9
v 22 1 9
v 22 1 8
v 21 1 8
vn 0 1 0
f 2253//564 2254//564 2255//564 2256//564
v 21 0 8
v 22 0 8
v 22 0 9
v 21 0 9
vn 0 -1 0
f 2257//565 2258//565 2259//565 2260//565
v 22 1 9
v 22 1 10
v 22 0 10
v 22 0 9
vn 1 0 0
f 2261//566 2262//566 2263//566 2264//566
v 21 1 10
v 22 1 10
v 22 1 9
v 21 1 9
vn 0 1 0
f 2265//567 2266//567 2267//567 2268//567
v 21 0 9
v 22 0 9
v 22 0 10
v 21 0 10
vn 0 -1 0
f 2269//568 2270//568 2271//568 2272//568
v 22 1 10
v 22 1 11
v 22 0 11
v 22 0 10
vn 1 0 0
f 2273//569 2274//569 2275//569 2276//569
v 21 1 11
v 22 1 11
v 22 1 10
v 21 1 10
vn 0 1 0
f 2277//570 2278//570 2279//570 2280//570
v 21 0 10
v 22 0 10
v 22 0 11
v 21 0 11
vn 0 -1 0
f 2281//571 2282//571 2283//571 2284//571
v 22 1 11
v 22 1 12
v 22 0 12
v 22 0 11
vn 1 0 0
f 2285//572 2286//572 2287//572 2288//572
v 21 1 12
v 22 1 12
v 22 1 11
v 21 1 11
vn 0 1 0
f 2289//573 2290//573 2291//573 2292//573
v 21 0 11
v 22 0 11
v 22 0 12
v 21 0 12
vn 0 -1 0
f 2293//574 2294//574 2295//574 2296//574
v 22 1 12
v 22 1 13
v 22 0 13
v 22 0 12
vn 1 0 0
f 2297//575 2298//575 2299//575 2300//575
v 21 1 13
v 22 1 13
v 22 1 12
v 21 1 12
vn 0 1 0
f 2301//576 2302//576 2303//576 2304//576
v 21 0 12
v 22 0 12
v 22 0 13
v 21 0 13
vn 0 -1 0
f 2305//577 2306//577 2307//577 2308//577
v 22 1 13
v 22 1 14
v 22 0 14
v 22 0 13
vn 1 0 0
f 2309//578 2310//578 2311//578 2312//578
v 21 1 14
v 22 1 14
v 22 1 13
v 21 1 13
vn 0 1 0
f 2313//579 2314//579 2315//579 2316//579
v 21 0 13
v 22 0 13
v 22 0 14
v 21 0 14
vn 0 -1 0
f 2317//580 2318//580 2319//580 2320//580
v 22 1 14
v 22 1 15
v 22 0 15
v 22 0 14
vn 1 0 0
f 2321//581 2322//581 2323//581 2324//581
v 21 1 15
v 22 1 15
v 22 1 14
v 21 1 14
vn 0 1 0
f 2325//582 2326//582 2327//582 2328//582
v 21 0 14
v 22 0 14
v 22 0 15
v 21 0 15
vn 0 -1 0
f 2329//583 2330//583 2331//583 2332//583
v 22 1 15
v 22 1 16
v 22 0 16
v 22 0 15
vn 1 0 0
f 2333//584 2334//584 2335//584 2336//584
v 21 0 15
v 22 0 15
v 22 0 16
v 21 0 16
vn 0 -1 0
f 2337//585 2338//585 2339//585 2340//585
v 22 1 16
v 22 1 17
v 22 0 17
v 22 0 16
vn 1 0 0
f 2341//586 2342//586 2343//586 2344//586
v 21 0 16
v 22 0 16
v 22 0 17
v 21 0 17
vn 0 -1 0
f 2345//587 2346//587 2347//587 2348//587
v 22 1 17
v 22 1 18
v 22 0 18
v 22 0 17
vn 1 0 0
f 2349//588 2350//588 2351//588 2352//588
v 21 0 17
v 22 0 17
v 22 0 18
v 21 0 18
vn 0 -1 0
f 2353//589 2354//589 2355//589 2356//589
v 22 1 18
v 22 1 19
v 22 0 19
v 22 0 18
vn 1 0 0
f 2357//590 2358//590 2359//590 2360//590
v 21 0 18
v 22 0 18
v 22 0 19
v 21 0 19
vn 0 -1 0
f 2361//591 2362//591 2363//591 2364//591
v 22 1 19
v 22 1 20
v 22 0 20
v 22 0 19
vn 1 0 0
f 2365//592 2366//592 2367//592 2368//592
v 21 0 19
v 22 0 19
v 22 0 20
v 21 0 20
vn 0 -1 0
f 2369//593 2370//593 2371//593 2372//593
v 22 1 20
v 22 1 21
v 22 0 21
v 22 0 20
vn 1 0 0
f 2373//594 2374//594 2375//594 2376//594
v 21 0 20
v 22 0 20
v 22 0 21
v 21 0 21
vn 0 -1 0
f 2377//595 2378//595 2379//595 2380//595
v 22 1 21
v 22 1 22
v 22 0 22
v 22 0 21
vn 1 0 0
f 2381//596 2382//596 2383//596 2384//596
v 22 1 22
v 21 1 22
v 21 0 22
v 22 0 22
vn 0 0 1
f 2385//597 2386//597 2387//597 2388//597
v 21 0 21
v 22 0 21
v 22 0 22
v 21 0 22
vn 0 -1 0
f 2389//598 2390//598 2391//598 2392//598
usemtl c31
v 60 1 60
v 61 1 60
v 61 1 61
v 60 1 61
vn 0 -1 0
f 2393//599 2394//599 2395//599 2396//599
v 60 2 60
v 60 2 61
v 60 3 61
v 60 3 60
vn -1 0 0
f 2397//600 2398//600 2399//600 2400//600
v 60 3 60
v 61 3 60
v 61 2 60
v 60 2 60
vn 0 0 -1
f 2401//601 2402//601 2403//601 2404//601
v 60 3 60
v 60 3 61
v 60 4 61
v 60 4 60
vn -1 0 0
f 2405//602 2406//602 2407//602 2408//602
v 60 4 60
v 61 4 60
v 61 3 60
v 60 3 60
vn 0 0 -1
f 2409//603 2410//603 2411//603 2412//603
v 60 4 60
v 60 4 61
v 60 5 61
v 60 5 60
vn -1 0 0
f 2413//604 2414//604 2415//604 2416//604
v 60 5 60
v 61 5 60
v 61 4 60
v 60 4 60
vn 0 0 -1
f 2417//605 2418//605 2419//605 2420//605
v 60 5 60
v 60 5 61
v 60 6 61
v 60 6 60
vn -1 0 0
f 2421//606 2422//606 2423//606 2424//606
v 60 6 60
v 61 6 60
v 61 5 60
v 60 5 60
vn 0 0 -1
f 2425//607 2426//607 2427//607 2428//607
v 60 6 60
v 60 6 61
v 60 7 61
v 60 7 60
vn -1 0 0
f 2429//608 2430//608 2431//608 2432//608
v 60 7 60
v 61 7 60
v 61 6 60
v 60 6 60
vn 0 0 -1
f 2433//609 2434//609 2435//609 2436//609
v 60 7 60
v 60 7 61
v 60 8 61
v 60 8 60
vn -1 0 0
f 2437//610 2438//610 2439//610 2440//610
v 60 8 60
v 61 8 60
v 61 7 60
v 60 7 60
vn 0 0 -1
f 2441//611 2442//611 2443//611 2444//611
v 60 8 60
v 60 8 61
v 60 9 61
v 60 9 60
vn -1 0 0
f 2445//612 2446//612 2447//612 2448//612
v 60 9 60
v 61 9 60
v 61 8 60
v 60 8 60
vn 0 0 -1
f 2449//613 2450//613 2451//613 2452//613
v 60 9 60
v 60 9 61
v 60 10 61
v 60 10 60
vn -1 0 0
f 2453//614 2454//614 2455//614 2456//614
v 60 10 60
v 61 10 60
v 61 9 60
v 60 9 60
vn 0 0 -1
f 2457//615 2458//615 2459//615 2460//615
v 60 10 60
v 60 10 61
v 60 11 61
v 60 11 60
vn -1 0 0
f 2461//616 2462//616 2463//616 2464//616
v 60 11 60
v 61 11 60
v 61 10 60
v 60 10 60
vn 0 0 -1
f 2465//617 2466//617 2467//617 2468//617
v 60 11 60
v 60 11 61
v 60 12 61
v 60 12 60
vn -1 0 0
f 2469//618 2470//618 2471//618 2472//618
v 60 12 60
v 61 12 60
v 61 11 60
v 60 11 60
vn 0 0 -1
f 2473//619 2474//619 2475//619 2476//619
v 60 12 60
v 60 12 61
v 60 13 61
v 60 13 60
vn -1 0 0
f 2477//620 2478//620 2479//620 2480//620
v 60 13 60
v 61 13 60
v 61 12 60
v 60 12 60
vn 0 0 -1
f 2481//621 2482//621 2483//621 2484//621
v 60 13 60
v 60 13 61
v 60 14 61
v 60 14 60
vn -1 0 0
f 2485//622 2486//622 2487//622 2488//622
v 60 14 60
v 61 14 60
v 61 13 60
v 60 13 60
vn 0 0 -1
f 2489//623 2490//623 2491//623 2492//623
v 60 14 60
v 60 14 61
v 60 15 61
v 60 15 60
vn -1 0 0
f 2493//624 2494//624 2495//624 2496//624
v 60 15 60
v 61 15 60
v 61 14 60
v 60 14 60
vn 0 0 -1
f 2497//625 2498//625 2499//625 2500//625
v 60 15 60
v 60 15 61
v 60 16 61
v 60 16 60
vn -1 0 0
f 2501//626 2502//626 2503//626 2504//626
v 60 16 60
v 61 16 60
v 61 15 60
v 60 15 60
vn 0 0 -1
f 2505//627 2506//627 2507//627 2508//627
v 60 16 60
v 60 16 61
v 60 17 61
v 60 17 60
vn -1 0 0
f 2509//628 2510//628 2511//628 2512//628
v 60 17 60
v 61 17 60
v 61 16 60
v 60 16 60
vn 0 0 -1
f 2513//629 2514//629 2515//629 2516//629
v 60 17 60
v 60 17 61
v 60 18 61
v 60 18 60
vn -1 0 0
f 2517//630 2518//630 2519//630 2520//630
v 60 18 60
v 61 18 60
v 61 17 60
v 60 17 60
vn 0 0 -1
f 2521//631 2522//631 2523//631 2524//631
v 60 18 60
v 60 18 61
v 60 19 61
v 60 19 60
vn -1 0 0
f 2525//632 2526//632 2527//632 2528//632
v 60 19 60
v 61 19 60
v 61 18 60
v 60 18 60
vn 0 0 -1
f 2529//633 2530//633 2531//633 2532//633
v 60 19 60
v 60 19 61
v 60 20 61
v 60 20 60
vn -1 0 0
f 2533//634 2534//634 2535//634 2536//634
v 60 20 60
v 61 20 60
v 61 19 60
v 60 19 60
vn 0 0 -1
f 2537//635 2538//635 2539//635 2540//635
v 60 20 60
v 60 20 61
v 60 21 61
v 60 21 60
vn -1 0 0
f 2541//636 2542//636 2543//636 2544//636
v 60 21 60
v 61 21 60
v 61 20 60
v 60 20 60
vn 0 0 -1
f 2545//637 2546//637 2547//637 2548//637
v 60 21 60
v 60 21 61
v 60 22 61
v 60 22 60
vn -1 0 0
f 2549//638 2550//638 2551//638 2552//638
v 60 22 60
v 61 22 60
v 61 21 60
v 60 21 60
vn 0 0 -1
f 2553//639 2554//639 2555//639 2556//639
v 60 22 60
v 60 22 61
v 60 23 61
v 60 23 60
vn -1 0 0
f 2557//640 2558//640 2559//640 2560//640
v 60 23 60
v 61 23 60
v 61 22 60
v 60 22 60
vn 0 0 -1
f 2561//641 2562//641 2563//641 2564//641
v 60 23 60
v 60 23 61
v 60 24 61
v 60 24 60
vn -1 0 0
f 2565//642 2566//642 2567//642 2568//642
v 60 24 60
v 61 24 60
v 61 23 60
v 60 23 60
vn 0 0 -1
f 2569//643 2570//643 2571//643 2572//643
v 60 24 60
v 60 24 61
v 60 25 61
v 60 25 60
vn -1 0 0
f 2573//644 2574//644 2575//644 2576//644
v 60 25 60
v 61 25 60
v 61 24 60
v 60 24 60
vn 0 0 -1
f 2577//645 2578//645 2579//645 2580//645
v 60 25 60
v 60 25 61
v 60 26 61
v 60 26 60
vn -1 0 0
f 2581//646 2582//646 2583//646 2584//646
v 60 26 60
v 61 26 60
v 61 25 60
v 60 25 60
vn 0 0 -1
f 2585//647 2586//647 2587//647 2588//647
v 60 26 60
v 60 26 61
v 60 27 61
v 60 27 60
vn -1 0 0
f 2589//648 2590//648 2591//648 2592//648
v 60 27 60
v 61 27 60
v 61 26 60
v 60 26 60
vn 0 0 -1
f 2593//649 2594//649 2595//649 2596//649
v 60 27 60
v 60 27 61
v 60 28 61
v 60 28 60
vn -1 0 0
f 2597//650 2598//650 2599//650 2600//650
v 60 28 60
v 61 28 60
v 61 27 60
v 60 27 60
vn 0 0 -1
f 2601//651 2602//651 2603//651 2604//651
v 60 28 60
v 60 28 61
v 60 29 61
v 60 29 60
vn -1 0 0
f 2605//652 2606//652 2607//652 2608//652
v 60 29 60
v 61 29 60
v 61 28 60
v 60 28 60
vn 0 0 -1
f 2609//653 2610//653 2611//653 2612//653
v 60 29 60
v 60 29 61
v 60 30 61
v 60 30 60
vn -1 0 0
f 2613//654 2614//654 2615//654 2616//654
v 60 30 60
v 61 30 60
v 61 29 60
v 60 29 60
vn 0 0 -1
f 2617//655 2618//655 2619//655 2620//655
v 60 30 60
v 60 30 61
v 60 31 61
v 60 31 60
vn -1 0 0
f 2621//656 2622//656 2623//656 2624//656
v 60 31 60
v 61 31 60
v 61 30 60
v 60 30 60
vn 0 0 -1
f 2625//657 2626//657 2627//657 2628//657
v 60 31 60
v 60 31 61
v 60 32 61
v 60 32 60
vn -1 0 0
f 2629//658 2630//658 2631//658 2632//658
v 60 32 60
v 61 32 60
v 61 31 60
v 60 31 60
vn 0 0 -1
f 2633//659 2634//659 2635//659 2636//659
v 60 32 60
v 60 32 61
v 60 33 61
v 60 33 60
vn -1 0 0
f 2637//660 2638//660 2639//660 2640//660
v 60 33 60
v 61 33 60
v 61 32 60
v 60 32 60
vn 0 0 -1
f 2641//661 2642//661 2643//661 2644//661
v 60 33 60
v 60 33 61
v 60 34 61
v 60 34 60
vn -1 0 0
f 2645//662 2646//662 2647//662 2648//662
v 60 34 60
v 61 34 60
v 61 33 60
v 60 33 60
vn 0 0 -1
f 2649//663 2650//663 2651//663 2652//663
v 60 34 60
v 60 34 61
v 60 35 61
v 60 35 60
vn -1 0 0
f 2653//664 2654//664 2655//664 2656//664
v 60 35 60
v 61 35 60
v 61 34 60
v 60 34 60
vn 0 0 -1
f 2657//665 2658//665 2659//665 2660//665
v 60 35 60
v 60 35 61
v 60 36 61
v 60 36 60
vn -1 0 0
f 2661//666 2662//666 2663//666 2664//666
v 60 36 60
v 61 36 60
v 61 35 60
v 60 35 60
vn 0 0 -1
f 2665//667 2666//667 2667//667 2668//667
v 60 36 60
v 60 36 61
v 60 37 61
v 60 37 60
vn -1 0 0
f 2669//668 2670//668 2671//668 2672//668
v 60 37 60
v 61 37 60
v 61 36 60
v 60 36 60
vn 0 0 -1
f 2673//669 2674//669 2675//669 2676//669
v 60 37 60
v 60 37 61
v 60 38 61
v 60 38 60
vn -1 0 0
f 2677//670 2678//670 2679//670 2680//670
v 60 38 60
v 61 38 60
v 61 37 60
v 60 37 60
vn 0 0 -1
f 2681//671 2682//671 2683//671 2684//671
v 60 38 60
v 60 38 61
v 60 39 61
v 60 39 60
vn -1 0 0
f 2685//672 2686//672 2687//672 2688//672
v 60 39 60
v 61 39 60
v 61 38 60
v 60 38 60
vn 0 0 -1
f 2689//673 2690//673 2691//673 2692//673
v 60 39 60
v 60 39 61
v 60 40 61
v 60 40 60
vn -1 0 0
f 2693//674 2694//674 2695//674 2696//674
v 60 40 60
v 61 40 60
v 61 39 60
v 60 39 60
vn 0 0 -1
f 2697//675 2698//675 2699//675 2700//675
v 60 40 60
v 60 40 61
v 60 41 61
v 60 41 60
vn -1 0 0
f 2701//676 2702//676 2703//676 2704//676
v 60 41 60
v 61 41 60
v 61 40 60
v 60 40 60
vn 0 0 -1
f 2705//677 2706//677 2707//677 2708//677
v 60 41 60
v 60 41 61
v 60 42 61
v 60 42 60
vn -1 0 0
f 2709//678 2710//678 2711//678 2712//678
v 60 42 60
v 61 42 60
v 61 41 60
v 60 41 60
vn 0 0 -1
f 2713//679 2714//679 2715//679 2716//679
v 60 42 60
v 60 42 61
v 60 43 61
v 60 43 60
vn -1 0 0
f 2717//680 2718//680 2719//680 2720//680
v 60 43 60
v 61 43 60
v 61 42 60
v 60 42 60
vn 0 0 -1
f 2721//681 2722//681 2723//681 2724//681
v 60 43 60
v 60 43 61
v 60 44 61
v 60 44 60
vn -1 0 0
f 2725//682 2726//682 2727//682 2728//682
v 60 44 60
v 61 44 60
v 61 43 60
v 60 43 60
vn 0 0 -1
f 2729//683 2730//683 2731//683 2732//683
v 60 44 60
v 60 44 61
v 60 45 61
v 60 45 60
vn -1 0 0
f 2733//684 2734//684 2735//684 2736//684
v 60 45 60
v 61 45 60
v 61 44 60
v 60 44 60
vn 0 0 -1
f 2737//685 2738//685 2739//685 2740//685
v 60 45 60
v 60 45 61
v 60 46 61
v 60 46 60
vn -1 0 0
f 2741//686 2742//686 2743//686 2744//686
v 60 46 60
v 61 46 60
v 61 45 60
v 60 45 60
vn 0 0 -1
f 2745//687 2746//687 2747//687 2748//687
v 60 46 60
v 60 46 61
v 60 47 61
v 60 47 60
vn -1 0 0
f 2749//688 2750//688 2751//688 2752//688
v 60 47 60
v 61 47 60
v 61 46 60
v 60 46 60
vn 0 0 -1
f 2753//689 2754//689 2755//689 2756//689
v 60 47 60
v 60 47 61
v 60 48 61
v 60 48 60
vn -1 0 0
f 2757//690 2758//690 2759//690 2760//690
v 60 48 60
v 61 48 60
v 61 47 60
v 60 47 60
vn 0 0 -1
f 2761//691 2762//691 2763//691 2764//691
v 60 48 60
v 60 48 61
v 60 49 61
v 60 49 60
vn -1 0 0
f 2765//692 2766//692 2767//692 2768//692
v 60 49 60
v 61 49 60
v 61 48 60
v 60 48 60
vn 0 0 -1
f 2769//693 2770//693 2771//693 2772//693
v 60 49 60
v 60 49 61
v 60 50 61
v 60 50 60
vn -1 0 0
f 2773//694 2774//694 2775//694 2776//694
v 60 50 60
v 61 50 60
v 61 49 60
v 60 49 60
vn 0 0 -1
f 2777//695 2778//695 2779//695 2780//695
v 60 50 60
v 60 50 61
v 60 51 61
v 60 51 60
vn -1 0 0
f 2781//696 2782//696 2783//696 2784//696
v 60 51 60
v 61 51 60
v 61 50 60
v 60 50 60
vn 0 0 -1
f 2785//697 2786//697 2787//697 2788//697
v 60 51 60
v 60 51 61
v 60 52 61
v 60 52 60
vn -1 0 0
f 2789//698 2790//698 2791//698 2792//698
v 60 52 60
v 61 52 60
v 61 51 60
v 60 51 60
vn 0 0 -1
f 2793//699 2794//699 2795//699 2796//699
v 60 52 60
v 60 52 61
v 60 53 61
v 60 53 60
vn -1 0 0
f 2797//700 2798//700 2799//700 2800//700
v 60 53 60
v 61 53 60
v 61 52 60
v 60 52 60
vn 0 0 -1
f 2801//701 2802//701 2803//701 2804//701
v 60 53 60
v 60 53 61
v 60 54 61
v 60 54 60
vn -1 0 0
f 2805//702 2806//702 2807//702 2808//702
v 60 54 60
v 61 54 60
v 61 53 60
v 60 53 60
vn 0 0 -1
f 2809//703 2810//703 2811//703 2812//703
v 60 54 60
v 60 54 61
v 60 55 61
v 60 55 60
vn -1 0 0
f 2813//704 2814//704 2815//704 2816//704
v 60 55 60
v 61 55 60
v 61 54 60
v 60 54 60
vn 0 0 -1
f 2817//705 2818//705 2819//705 2820//705
v 60 55 60
v 60 55 61
v 60 56 61
v 60 56 60
vn -1 0 0
f 2821//706 2822//706 2823//706 2824//706
v 60 56 60
v 61 56 60
v 61 55 60
v 60 55 60
vn 0 0 -1
f 2825//707 2826//707 2827//707 2828//707
v 60 56 60
v 60 56 61
v 60 57 61
v 60 57 60
vn -1 0 0
f 2829//708 2830//708 2831//708 2832//708
v 60 57 60
v 61 57 60
v 61 56 60
v 60 56 60
vn 0 0 -1
f 2833//709 2834//709 2835//709 2836//709
v 60 57 60
v 60 57 61
v 60 58 61
v 60 58 60
vn -1 0 0
f 2837//710 2838//710 2839//710 2840//710
v 60 58 60
v 61 58 60
v 61 57 60
v 60 57 60
vn 0 0 -1
f 2841//711 2842//711 2843//711 2844//711
v 60 58 60
v 60 58 61
v 60 59 61
v 60 59 60
vn -1 0 0
f 2845//712 2846//712 2847//712 2848//712
v 60 59 60
v 61 59 60
v 61 58 60
v 60 58 60
vn 0 0 -1
f 2849//713 2850//713 2851//713 2852//713
v 60 59 60
v 60 59 61
v 60 60 61
v 60 60 60
vn -1 0 0
f 2853//714 2854//714 2855//714 2856//714
v 60 60 60
v 61 60 60
v 61 59 60
v 60 59 60
vn 0 0 -1
f 2857//715 2858//715 2859//715 2860//715
v 60 61 61
v 61 61 61
v 61 61 60
v 60 61 60
vn 0 1 0
f 2861//716 2862//716 2863//716 2864//716
v 60 1 61
v 61 1 61
v 61 1 62
v 60 1 62
vn 0 -1 0
f 2865//717 2866//717 2867//717 2868//717
v 60 2 61
v 60 2 62
v 60 3 62
v 60 3 61
vn -1 0 0
f 2869//718 2870//718 2871//718 2872//718
v 60 3 61
v 60 3 62
v 60 4 62
v 60 4 61
vn -1 0 0
f 2873//719 2874//719 2875//719 2876//719
v 60 4 61
v 60 4 62
v 60 5 62
v 60 5 61
vn -1 0 0
f 2877//720 2878//720 2879//720 2880//720
v 60 5 61
v 60 5 62
v 60 6 62
v 60 6 61
vn -1 0 0
f 2881//721 2882//721 2883//721 2884//721
v 60 6 61
v 60 6 62
v 60 7 62
v 60 7 61
vn -1 0 0
f 2885//722 2886//722 2887//722 2888//722
v 60 7 61
v 60 7 62
v 60 8 62
v 60 8 61
vn -1 0 0
f 2889//723 2890//723 2891//723 2892//723
v 60 8 61
v 60 8 62
v 60 9 62
v 60 9 61
vn -1 0 0
f 2893//724 2894//724 2895//724 2896//724
v 60 9 61
v 60 9 62
v 60 10 62
v 60 10 61
vn -1 0 0
f 2897//725 2898//725 2899//725 2900//725
v 60 10 61
v 60 10 62
v 60 11 62
v 60 11 61
vn -1 0 0
f 2901//726 2902//726 2903//726 2904//726
v 60 11 61
v 60 11 62
v 60 12 62
v 60 12 61
vn -1 0 0
f 2905//727 2906//727 2907//727 2908//727
v 60 12 61
v 60 12 62
v 60 13 62
v 60 13 61
vn -1 0 0
f 2909//728 2910//728 2911//728 2912//728
v 60 13 61
v 60 13 62
v 60 14 62
v 60 14 61
vn -1 0 0
f 2913//729 2914//729 2915//729 2916//729
v 60 14 61
v 60 14 62
v 60 15 62
v 60 15 61
vn -1 0 0
f 2917//730 2918//730 2919//730 2920//730
v 60 15 61
v 60 15 62
v 60 16 62
v 60 16 61
vn -1 0 0
f 2921//731 2922//731 2923//731 2924//731
v 60 16 61
v 60 16 62
v 60 17 62
v 60 17 61
vn -1 0 0
f 2925//732 2926//732 2927//732 2928//732
v 60 17 61
v 60 17 62
v 60 18 62
v 60 18 61
vn -1 0 0
f 2929//733 2930//733 2931//733 2932//733
v 60 18 61
v 60 18 62
v 60 19 62
v 60 19 61
vn -1 0 0
f 2933//734 2934//734 2935//734 2936//734
v 60 19 61
v 60 19 62
v 60 20 62
v 60 20 61
vn -1 0 0
f 2937//735 2938//735 2939//735 2940//735
v 60 20 61
v 60 20 62
v 60 21 62
v 60 21 61
vn -1 0 0
f 2941//736 2942//736 2943//736 2944//736
v 60 21 61
v 60 21 62
v 60 22 62
v 60 22 61
vn -1 0 0
f 2945//737 2946//737 2947//737 2948//737
v 60 22 61
v 60 22 62
v 60 23 62
v 60 23 61
vn -1 0 0
f 2949//738 2950//738 2951//738 2952//738
v 60 23 61
v 60 23 62
v 60 24 62
v 60 24 61
vn -1 0 0
f 2953//739 2954//739 2955//739 2956//739
v 60 24 61
v 60 24 62
v 60 25 62
v 60 25 61
vn -1 0 0
f 2957//740 2958//740 2959//740 2960//740
v 60 25 61
v 60 25 62
v 60 26 62
v 60 26 61
vn -1 0 0
f 2961//741 2962//741 2963//741 2964//741
v 60 26 61
v 60 26 62
v 60 27 62
v 60 27 61
vn -1 0 0
f 2965//742 2966//742 2967//742 2968//742
v 60 27 61
v 60 27 62
v 60 28 62
v 60 28 61
vn -1 0 0
f 2969//743 2970//743 2971//743 2972//743
v 60 28 61
v 60 28 62
v 60 29 62
v 60 29 61
vn -1 0 0
f 2973//744 2974//744 2975//744 2976//744
v 60 29 61
v 60 29 62
v 60 30 62
v 60 30 61
vn -1 0 0
f 2977//745 2978//745 2979//745 2980//745
v 60 30 61
v 60 30 62
v 60 31 62
v 60 31 61
vn -1 0 0
f 2981//746 2982//746 2983//746 2984//746
v 60 31 61
v 60 31 62
v 60 32 62
v 60 32 61
vn -1 0 0
f 2985//747 2986//747 2987//747 2988//747
v 60 32 61
v 60 32 62
v 60 33 62
v 60 33 61
vn -1 0 0
f 2989//748 2990//748 2991//748 2992//748
v 60 33 61
v 60 33 62
v 60 34 62
v 60 34 61
vn -1 0 0
f 2993//749 2994//749 2995//749 2996//749
v 60 34 61
v 60 34 62
v 60 35 62
v 60 35 61
vn -1 0 0
f 2997//750 2998//750 2999//750 3000//750
v 60 35 61
v 60 35 62
v 60 36 62
v 60 36 61
vn -1 0 0
f 3001//751 3002//751 3003//751 3004//751
v 60 36 61
v 60 36 62
v 60 37 62
v 60 37 61
vn -1 0 0
f 3005//752 3006//752 3007//752 3008//752
v 60 37 61
v 60 37 62
v 60 38 62
v 60 38 61
vn -1 0 0
f 3009//753 3010//753 3011//753 3012//753
v 60 38 61
v 60 38 62
v 60 39 62
v 60 39 61
vn -1 0 0
f 3013//754 3014//754 3015//754 3016//754
v 60 39 61
v 60 39 62
v 60 40 62
v 60 40 61
vn -1 0 0
f 3017//755 3018//755 3019//755 3020//755
v 60 40 61
v 60 40 62
v 60 41 62
v 60 41 61
vn -1 0 0
f 3021//756 3022//756 3023//756 3024//756
v 60 41 61
v 60 41 62
v 60 42 62
v 60 42 61
vn -1 0 0
f 3025//757 3026//757 3027//757 3028//757
v 60 42 61
v 60 42 62
v 60 43 62
v 60 43 61
vn -1 0 0
f 3029//758 3030//758 3031//758 3032//758
v 60 43 61
v 60 43 62
v 60 44 62
v 60 44 61
vn -1 0 0
f 3033//759 3034//759 3035//759 3036//759
v 60 44 61
v 60 44 62
v 60 45 62
v 60 45 61
vn -1 0 0
f 3037//760 3038//760 3039//760 3040//760
v 60 45 61
v 60 45 62
v 60 46 62
v 60 46 61
vn -1 0 0
f 3041//761 3042//761 3043//761 3044//761
v 60 46 61
v 60 46 62
v 60 47 62
v 60 47 61
vn -1 0 0
f 3045//762 3046//762 3047//762 3048//762
v 60 47 61
v 60 47 62
v 60 48 62
v 60 48 61
vn -1 0 0
f 3049//763 3050//763 3051//763 3052//763
v 60 48 61
v 60 48 62
v 60 49 62
v 60 49 61
vn -1 0 0
f 3053//764 3054//764 3055//764 3056//764
v 60 49 61
v 60 49 62
v 60 50 62
v 60 50 61
vn -1 0 0
f 3057//765 3058//765 3059//765 3060//765
v 60 50 61
v 60 50 62
v 60 51 62
v 60 51 61
vn -1 0 0
f 3061//766 3062//766 3063//766 3064//766
v 60 51 61
v 60 51 62
v 60 52 62
v 60 52 61
vn -1 0 0
f 3065//767 3066//767 3067//767 3068//767
v 60 52 61
v 60 52 62
v 60 53 62
v 60 53 61
vn -1 0 0
f 3069//768 3070//768 3071//768 3072//768
v 60 53 61
v 60 53 62
v 60 54 62
v 60 54 61
vn -1 0 0
f 3073//769 3074//769 3075//769 3076//769
v 60 54 61
v 60 54 62
v 60 55 62
v 60 55 61
vn -1 0 0
f 3077//770 3078//770 3079//770 3080//770
v 60 55 61
v 60 55 62
v 60 56 62
v 60 56 61
vn -1 0 0
f 3081//771 3082//771 3083//771 3084//771
v 60 56 61
v 60 56 62
v 60 57 62
v 60 57 61
vn -1 0 0
f 3085//772 3086//772 3087//772 3088//772
v 60 57 61
v 60 57 62
v 60 58 62
v 60 58 61
vn -1 0 0
f 3089//773 3090//773 3091//773 3092//773
v 60 58 61
v 60 58 62
v 60 59 62
v 60 59 61
vn -1 0 0
f 3093//774 3094//774 3095//774 3096//774
v 60 59 61
v 60 59 62
v 60 60 62
v 60 60 61
vn -1 0 0
f 3097//775 3098//775 3099//775 3100//775
v 60 61 62
v 61 61 62
v 61 61 61
v 60 61 61
vn 0 1 0
f 3101//776 3102//776 3103//776 3104//776
v 60 1 62
v 61 1 62
v 61 1 63
v 60 1 63
vn 0 -1 0
f 3105//777 3106//777 3107//777 3108//777
v 60 2 62
v 60 2 63
v 60 3 63
v 60 3 62
vn -1 0 0
f 3109//778 3110//778 3111//778 3112//778
v 61 3 63
v 60 3 63
v 60 2 63
v 61 2 63
vn 0 0 1
f 3113//779 3114//779 3115//779 3116//779
v 60 3 62
v 60 3 63
v 60 4 63
v 60 4 62
vn -1 0 0
f 3117//780 3118//780 3119//780 3120//780
v 61 4 63
v 60 4 63
v 60 3 63
v 61 3 63
vn 0 0 1
f 3121//781 3122//781 3123//781 3124//781
v 60 4 62
v 60 4 63
v 60 5 63
v 60 5 62
vn -1 0 0
f 3125//782 3126//782 3127//782 3128//782
v 61 5 63
v 60 5 63
v 60 4 63
v 61 4 63
vn 0 0 1
f 3129//783 3130//783 3131//783 3132//783
v 60 5 62
v 60 5 63
v 60 6 63
v 60 6 62
vn -1 0 0
f 3133//784 3134//784 3135//784 3136//784
v 61 6 63
v 60 6 63
v 60 5 63
v 61 5 63
vn 0 0 1
f 3137//785 3138//785 3139//785 3140//785
v 60 6 62
v 60 6 63
v 60 7 63
v 60 7 62
vn -1 0 0
f 3141//786 3142//786 3143//786 3144//786
v 61 7 63
v 60 7 63
v 60 6 63
v 61 6 63
vn 0 0 1
f 3145//787 3146//787 3147//787 3148//787
v 60 7 62
v 60 7 63
v 60 8 63
v 60 8 62
vn -1 0 0
f 3149//788 3150//788 3151//788 3152//788
v 61 8 63
v 60 8 63
v 60 7 63
v 61 7 63
vn 0 0 1
f 3153//789 3154//789 3155//789 3156//789
v 60 8 62
v 60 8 63
v 60 9 63
v 60 9 62
vn -1 0 0
f 3157//790 3158//790 3159//790 3160//790
v 61 9 63
v 60 9 63
v 60 8 63
v 61 8 63
vn 0 0 1
f 3161//791 3162//791 3163//791 3164//791
v 60 9 62
v 60 9 63
v 60 10 63
v 60 10 62
vn -1 0 0
f 3165//792 3166//792 3167//792 3168//792
v 61 10 63
v 60 10 63
v 60 9 63
v 61 9 63
vn 0 0 1
f 3169//793 3170//793 3171//793 3172//793
v 60 10 62
v 60 10 63
v 60 11 63
v 60 11 62
vn -1 0 0
f 3173//794 3174//794 3175//794 3176//794
v 61 11 63
v 60 11 63
v 60 10 63
v 61 10 63
vn 0 0 1
f 3177//795 3178//795 3179//795 3180//795
v 60 11 62
v 60 11 63
v 60 12 63
v 60 12 62
vn -1 0 0
f 3181//796 3182//796 3183//796 3184//796
v 61 12 63
v 60 12 63
v 60 11 63
v 61 11 63
vn 0 0 1
f 3185//797 3186//797 3187//797 3188//797
v 60 12 62
v 60 12 63
v 60 13 63
v 60 13 62
vn -1 0 0
f 3189//798 3190//798 3191//798 3192//798
v 61 13 63
v 60 13 63
v 60 12 63
v 61 12 63
vn 0 0 1
f 3193//799 3194//799 3195//799 3196//799
v 60 13 62
v 60 13 63
v 60 14 63
v 60 14 62
vn -1 0 0
f 3197//800 3198//800 3199//800 3200//800
v 61 14 63
v 60 14 63
v 60 13 63
v 61 13 63
vn 0 0 1
f 3201//801 3202//801 3203//801 3204//801
v 60 14 62
v 60 14 63
v 60 15 63
v 60 15 62
vn -1 0 0
f 3205//802 3206//802 3207//802 3208//802
v 61 15 63
v 60 15 63
v 60 14 63
v 61 14 63
vn 0 0 1
f 3209//803 3210//803 3211//803 3212//803
v 60 15 62
v 60 15 63
v 60 16 63
v 60 16 62
vn -1 0 0
f 3213//804 3214//804 3215//804 3216//804
v 61 16 63
v 60 16 63
v 60 15 63
v 61 15 63
vn 0 0 1
f 3217//805 3218//805 3219//805 3220//805
v 60 16 62
v 60 16 63
v 60 17 63
v 60 17 62
vn -1 0 0
f 3221//806 3222//806 3223//806 3224//806
v 61 17 63
v 60 17 63
v 60 16 63
v 61 16 63
vn 0 0 1
f 3225//807 3226//807 3227//807 3228//807
v 60 17 62
v 60 17 63
v 60 18 63
v 60 18 62
vn -1 0 0
f 3229//808 3230//808 3231//808 3232//808
v 61 18 63
v 60 18 63
v 60 17 63
v 61 17 63
vn 0 0 1
f 3233//809 3234//809 3235//809 3236//809
v 60 18 62
v 60 18 63
v 60 19 63
v 60 19 62
vn -1 0 0
f 3237//810 3238//810 3239//810 3240//810
v 61 19 63
v 60 19 63
v 60 18 63
v 61 18 63
vn 0 0 1
f 3241//811 3242//811 3243//811 3244//811
v 60 19 62
v 60 19 63
v 60 20 63
v 60 20 62
vn -1 0 0
f 3245//812 3246//812 3247//812 3248//812
v 61 20 63
v 60 20 63
v 60 19 63
v 61 19 63
vn 0 0 1
f 3249//813 3250//813 3251//813 3252//813
v 60 20 62
v 60 20 63
v 60 21 63
v 60 21 62
vn -1 0 0
f 3253//814 3254//814 3255//814 3256//814
v 61 21 63
v 60 21 63
v 60 20 63
v 61 20 63
vn 0 0 1
f 3257//815 3258//815 3259//815 3260//815
v 60 21 62
v 60 21 63
v 60 22 63
v 60 22 62
vn -1 0 0
f 3261//816 3262//816 3263//816 3264//816
v 61 22 63
v 60 22 63
v 60 21 63
v 61 21 63
vn 0 0 1
f 3265//817 3266//817 3267//817 3268//817
v 60 22 62
v 60 22 63
v 60 23 63
v 60 23 62
vn -1 0 0
f 3269//818 3270//818 3271//818 3272//818
v 61 23 63
v 60 23 63
v 60 22 63
v 61 22 63
vn 0 0 1
f 3273//819 3274//819 3275//819 3276//819
v 60 23 62
v 60 23 63
v 60 24 63
v 60 24 62
vn -1 0 0
f 3277//820 3278//820 3279//820 3280//820
v 61 24 63
v 60 24 63
v 60 23 63
v 61 23 63
vn 0 0 1
f 3281//821 3282//821 3283//821 3284//821
v 60 24 62
v 60 24 63
v 60 25 63
v 60 25 62
vn -1 0 0
f 3285//822 3286//822 3287//822 3288//822
v 61 25 63
v 60 25 63
v 60 24 63
v 61 24 63
vn 0 0 1
f 3289//823 3290//823 3291//823 3292//823
v 60 25 62
v 60 25 63
v 60 26 63
v 60 26 62
vn -1 0 0
f 3293//824 3294//824 3295//824 3296//824
v 61 26 63
v 60 26 63
v 60 25 63
v 61 25 63
vn 0 0 1
f 3297//825 3298//825 3299//825 3300//825
v 60 26 62
v 60 26 63
v 60 27 63
v 60 27 62
vn -1 0 0
f 3301//826 3302//826 3303//826 3304//826
v 61 27 63
v 60 27 63
v 60 26 63
v 61 26 63
vn 0 0 1
f 3305//827 3306//827 3307//827 3308//827
v 60 27 62
v 60 27 63
v 60 28 63
v 60 28 62
vn -1 0 0
f 3309//828 3310//828 3311//828 3312//828
v 61 28 63
v 60 28 63
v 60 27 63
v 61 27 63
vn 0 0 1
f 3313//829 3314//829 3315//829 3316//829
v 60 28 62
v 60 28 63
v 60 29 63
v 60 29 62
vn -1 0 0
f 3317//830 3318//830 3319//830 3320//830
v 61 29 63
v 60 29 63
v 60 28 63
v 61 28 63
vn 0 0 1
f 3321//831 3322//831 3323//831 3324//831
v 60 29 62
v 60 29 63
v 60 30 63
v 60 30 62
vn -1 0 0
f 3325//832 3326//832 3327//832 3328//832
v 61 30 63
v 60 30 63
v 60 29 63
v 61 29 63
vn 0 0 1
f 3329//833 3330//833 3331//833 3332//833
v 60 30 62
v 60 30 63
v 60 31 63
v 60 31 62
vn -1 0 0
f 3333//834 3334//834 3335//834 3336//834
v 61 31 63
v 60 31 63
v 60 30 63
v 61 30 63
vn 0 0 1
f 3337//835 3338//835 3339//835 3340//835
v 60 31 62
v 60 31 63
v 60 32 63
v 60 32 62
vn -1 0 0
f 3341//836 3342//836 3343//836 3344//836
v 61 32 63
v 60 32 63
v 60 31 63
v 61 31 63
vn 0 0 1
f 3345//837 3346//837 3347//837 3348//837
v 60 32 62
v 60 32 63
v 60 33 63
v 60 33 62
vn -1 0 0
f 3349//838 3350//838 3351//838 3352//838
v 61 33 63
v 60 33 63
v 60 32 63
v 61 32 63
vn 0 0 1
f 3353//839 3354//839 3355//839 3356//839
v 60 33 62
v 60 33 63
v 60 34 63
v 60 34 62
vn -1 0 0
f 3357//840 3358//840 3359//840 3360//840
v 61 34 63
v 60 34 63
v 60 33 63
v 61 33 63
vn 0 0 1
f 3361//841 3362//841 3363//841 3364//841
v 60 34 62
v 60 34 63
v 60 35 63
v 60 35 62
vn -1 0 0
f 3365//842 3366//842 3367//842 3368//842
v 61 35 63
v 60 35 63
v 60 34 63
v 61 34 63
vn 0 0 1
f 3369//843 3370//843 3371//843 3372//843
v 60 35 62
v 60 35 63
v 60 36 63
v 60 36 62
vn -1 0 0
f 3373//844 3374//844 3375//844 3376//844
v 61 36 63
v 60 36 63
v 60 35 63
v 61 35 63
vn 0 0 1
f 3377//845 3378//845 3379//845 3380//845
v 60 36 62
v 60 36 63
v 60 37 63
v 60 37 62
vn -1 0 0
f 3381//846 3382//846 3383//846 3384//846
v 61 37 63
v 60 37 63
v 60 36 63
v 61 36 63
vn 0 0 1
f 3385//847 3386//847 3387//847 3388//847
v 60 37 62
v 60 37 63
v 60 38 63
v 60 38 62
vn -1 0 0
f 3389//848 3390//848 3391//848 3392//848
v 61 38 63
v 60 38 63
v 60 37 63
v 61 37 63
vn 0 0 1
f 3393//849 3394//849 3395//849 3396//849
v 60 38 62
v 60 38 63
v 60 39 63
v 60 39 62
vn -1 0 0
f 3397//850 3398//850 3399//850 3400//850
v 61 39 63
v 60 39 63
v 60 38 63
v 61 38 63
vn 0 0 1
f 3401//851 3402//851 3403//851 3404//851
v 60 39 62
v 60 39 63
v 60 40 63
v 60 40 62
vn -1 0 0
f 3405//852 3406//852 3407//852 3408//852
v 61 40 63
v 60 40 63
v 60 39 63
v 61 39 63
vn 0 0 1
f 3409//853 3410//853 3411//853 3412//853
v 60 40 62
v 60 40 63
v 60 41 63
v 60 41 62
vn -1 0 0
f 3413//854 3414//854 3415//854 3416//854
v 61 41 63
v 60 41 63
v 60 40 63
v 61 40 63
vn 0 0 1
f 3417//855 3418//855 3419//855 3420//855
v 60 41 62
v 60 41 63
v 60 42 63
v 60 42 62
vn -1 0 0
f 3421//856 3422//856 3423//856 3424//856
v 61 42 63
v 60 42 63
v 60 41 63
v 61 41 63
vn 0 0 1
f 3425//857 3426//857 3427//857 3428//857
v 60 42 62
v 60 42 63
v 60 43 63
v 60 43 62
vn -1 0 0
f 3429//858 3430//858 3431//858 3432//858
v 61 43 63
v 60 43 63
v 60 42 63
v 61 42 63
vn 0 0 1
f 3433//859 3434//859 3435//859 3436//859
v 60 43 62
v 60 43 63
v 60 44 63
v 60 44 62
vn -1 0 0
f 3437//860 3438//860 3439//860 3440//860
v 61 44 63
v 60 44 63
v 60 43 63
v 61 43 63
vn 0 0 1
f 3441//861 3442//861 3443//861 3444//861
v 60 44 62
v 60 44 63
v 60 45 63
v 60 45 62
vn -1 0 0
f 3445//862 3446//862 3447//862 3448//862
v 61 45 63
v 60 45 63
v 60 44 63
v 61 44 63
vn 0 0 1
f 3449//863 3450//863 3451//863 3452//863
v 60 45 62
v 60 45 63
v 60 46 63
v 60 46 62
vn -1 0 0
f 3453//864 3454//864 3455//864 3456//864
v 61 46 63
v 60 46 63
v 60 45 63
v 61 45 63
vn 0 0 1
f 3457//865 3458//865 3459//865 3460//865
v 60 46 62
v 60 46 63
v 60 47 63
v 60 47 62
vn -1 0 0
f 3461//866 3462//866 3463//866 3464//866
v 61 47 63
v 60 47 63
v 60 46 63
v 61 46 63
vn 0 0 1
f 3465//867 3466//867 3467//867 3468//867
v 60 47 62
v 60 47 63
v 60 48 63
v 60 48 62
vn -1 0 0
f 3469//868 3470//868 3471//868 3472//868
v 61 48 63
v 60 48 63
v 60 47 63
v 61 47 63
vn 0 0 1
f 3473//869 3474//869 3475//869 3476//869
v 60 48 62
v 60 48 63
v 60 49 63
v 60 49 62
vn -1 0 0
f 3477//870 3478//870 3479//870 3480//870
v 61 49 63
v 60 49 63
v 60 48 63
v 61 48 63
vn 0 0 1
f 3481//871 3482//871 3483//871 3484//871
v 60 49 62
v 60 49 63
v 60 50 63
v 60 50 62
vn -1 0 0
f 3485//872 3486//872 3487//872 3488//872
v 61 50 63
v 60 50 63
v 60 49 63
v 61 49 63
vn 0 0 1
f 3489//873 3490//873 3491//873 3492//873
v 60 50 62
v 60 50 63
v 60 51 63
v 60 51 62
vn -1 0 0
f 3493//874 3494//874 3495//874 3496//874
v 61 51 63
v 60 51 63
v 60 50 63
v 61 50 63
vn 0 0 1
f 3497//875 3498//875 3499//875 3500//875
v 60 51 62
v 60 51 63
v 60 52 63
v 60 52 62
vn -1 0 0
f 3501//876 3502//876 3503//876 3504//876
v 61 52 63
v 60 52 63
v 60 51 63
v 61 51 63
vn 0 0 1
f 3505//877 3506//877 3507//877 3508//877
v 60 52 62
v 60 52 63
v 60 53 63
v 60 53 62
vn -1 0 0
f 3509//878 3510//878 3511//878 3512//878
v 61 53 63
v 60 53 63
v 60 52 63
v 61 52 63
vn 0 0 1
f 3513//879 3514//879 3515//879 3516//879
v 60 53 62
v 60 53 63
v 60 54 63
v 60 54 62
vn -1 0 0
f 3517//880 3518//880 3519//880 3520//880
v 61 54 63
v 60 54 63
v 60 53 63
v 61 53 63
vn 0 0 1
f 3521//881 3522//881 3523//881 3524//881
v 60 54 62
v 60 54 63
v 60 55 63
v 60 55 62
vn -1 0 0
f 3525//882 3526//882 3527//882 3528//882
v 61 55 63
v 60 55 63
v 60 54 63
v 61 54 63
vn 0 0 1
f 3529//883 3530//883 3531//883 3532//883
v 60 55 62
v 60 55 63
v 60 56 63
v 60 56 62
vn -1 0 0
f 3533//884 3534//884 3535//884 3536//884
v 61 56 63
v 60 56 63
v 60 55 63
v 61 55 63
vn 0 0 1
f 3537//885 3538//885 3539//885 3540//885
v 60 56 62
v 60 56 63
v 60 57 63
v 60 57 62
vn -1 0 0
f 3541//886 3542//886 3543//886 3544//886
v 61 57 63
v 60 57 63
v 60 56 63
v 61 56 63
vn 0 0 1
f 3545//887 3546//887 3547//887 3548//887
v 60 57 62
v 60 57 63
v 60 58 63
v 60 58 62
vn -1 0 0
f 3549//888 3550//888 3551//888 3552//888
v 61 58 63
v 60 58 63
v 60 57 63
v 61 57 63
vn 0 0 1
f 3553//889 3554//889 3555//889 3556//889
v 60 58 62
v 60 58 63
v 60 59 63
v 60 59 62
vn -1 0 0
f 3557//890 3558//890 3559//890 3560//890
v 61 59 63
v 60 59 63
v 60 58 63
v 61 58 63
vn 0 0 1
f 3561//891 3562//891 3563//891 3564//891
v 60 59 62
v 60 59 63
v 60 60 63
v 60 60 62
vn -1 0 0
f 3565//892 3566//892 3567//892 3568//892
v 61 60 63
v 60 60 63
v 60 59 63
v 61 59 63
vn 0 0 1
f 3569//893 3570//893 3571//893 3572//893
v 60 61 63
v 61 61 63
v 61 61 62
v 60 61 62
vn 0 1 0
f 3573//894 3574//894 3575//894 3576//894
v 61 1 60
v 62 1 60
v 62 1 61
v 61 1 61
vn 0 -1 0
f 3577//895 3578//895 3579//895 3580//895
v 61 3 60
v 62 3 60
v 62 2 60
v 61 2 60
vn 0 0 -1
f 3581//896 3582//896 3583//896 3584//896
v 61 4 60
v 62 4 60
v 62 3 60
v 61 3 60
vn 0 0 -1
f 3585//897 3586//897 3587//897 3588//897
v 61 5 60
v 62 5 60
v 62 4 60
v 61 4 60
vn 0 0 -1
f 3589//898 3590//898 3591//898 3592//898
v 61 6 60
v 62 6 60
v 62 5 60
v 61 5 60
vn 0 0 -1
f 3593//899 3594//899 3595//899 3596//899
v 61 7 60
v 62 7 60
v 62 6 60
v 61 6 60
vn 0 0 -1
f 3597//900 3598//900 3599//900 3600//900
v 61 8 60
v 62 8 60
v 62 7 60
v 61 7 60
vn 0 0 -1
f 3601//901 3602//901 3603//901 3604//901
v 61 9 60
v 62 9 60
v 62 8 60
v 61 8 60
vn 0 0 -1
f 3605//902 3606//902 3607//902 3608//902
v 61 10 60
v 62 10 60
v 62 9 60
v 61 9 60
vn 0 0 -1
f 3609//903 3610//903 3611//903 3612//903
v 61 11 60
v 62 11 60
v 62 10 60
v 61 10 60
vn 0 0 -1
f 3613//904 3614//904 3615//904 3616//904
v 61 12 60
v 62 12 60
v 62 11 60
v 61 11 60
vn 0 0 -1
f 3617//905 3618//905 3619//905 3620//905
v 61 13 60
v 62 13 60
v 62 12 60
v 61 12 60
vn 0 0 -1
f 3621//906 3622//906 3623//906 3624//906
v 61 14 60
v 62 14 60
v 62 13 60
v 61 13 60
vn 0 0 -1
f 3625//907 3626//907 3627//907 3628//907
v 61 15 60
v 62 15 60
v 62 14 60
v 61 14 60
vn 0 0 -1
f 3629//908 3630//908 3631//908 3632//908
v 61 16 60
v 62 16 60
v 62 15 60
v 61 15 60
vn 0 0 -1
f 3633//909 3634//909 3635//909 3636//909
v 61 17 60
v 62 17 60
v 62 16 60
v 61 16 60
vn 0 0 -1
f 3637//910 3638//910 3639//910 3640//910
v 61 18 60
v 62 18 60
v 62 17 60
v 61 17 60
vn 0 0 -1
f 3641//911 3642//911 3643//911 3644//911
v 61 19 60
v 62 19 60
v 62 18 60
v 61 18 60
vn 0 0 -1
f 3645//912 3646//912 3647//912 3648//912
v 61 20 60
v 62 20 60
v 62 19 60
v 61 19 60
vn 0 0 -1
f 3649//913 3650//913 3651//913 3652//913
v 61 21 60
v 62 21 60
v 62 20 60
v 61 20 60
vn 0 0 -1
f 3653//914 3654//914 3655//914 3656//914
v 61 22 60
v 62 22 60
v 62 21 60
v 61 21 60
vn 0 0 -1
f 3657//915 3658//915 3659//915 3660//915
v 61 23 60
v 62 23 60
v 62 22 60
v 61 22 60
vn 0 0 -1
f 3661//916 3662//916 3663//916 3664//916
v 61 24 60
v 62 24 60
v 62 23 60
v 61 23 60
vn 0 0 -1
f 3665//917 3666//917 3667//917 3668//917
v 61 25 60
v 62 25 60
v 62 24 60
v 61 24 60
vn 0 0 -1
f 3669//918 3670//918 3671//918 3672//918
v 61 26 60
v 62 26 60
v 62 25 60
v 61 25 60
vn 0 0 -1
f 3673//919 3674//919 3675//919 3676//919
v 61 27 60
v 62 27 60
v 62 26 60
v 61 26 60
vn 0 0 -1
f 3677//920 3678//920 3679//920 3680//920
v 61 28 60
v 62 28 60
v 62 27 60
v 61 27 60
vn 0 0 -1
f 3681//921 3682//921 3683//921 3684//921
v 61 29 60
v 62 29 60
v 62 28 60
v 61 28 60
vn 0 0 -1
f 3685//922 3686//922 3687//922 3688//922
v 61 30 60
v 62 30 60
v 62 29 60
v 61 29 60
vn 0 0 -1
f 3689//923 3690//923 3691//923 3692//923
v 61 31 60
v 62 31 60
v 62 30 60
v 61 30 60
vn 0 0 -1
f 3693//924 3694//924 3695//924 3696//924
v 61 32 60
v 62 32 60
v 62 31 60
v 61 31 60
vn 0 0 -1
f 3697//925 3698//925 3699//925 3700//925
v 61 33 60
v 62 33 60
v 62 32 60
v 61 32 60
vn 0 0 -1
f 3701//926 3702//926 3703//926 3704//926
v 61 34 60
v 62 34 60
v 62 33 60
v 61 33 60
vn 0 0 -1
f 3705//927 3706//927 3707//927 3708//927
v 61 35 60
v 62 35 60
v 62 34 60
v 61 34 60
vn 0 0 -1
f 3709//928 3710//928 3711//928 3712//928
v 61 36 60
v 62 36 60
v 62 35 60
v 61 35 60
vn 0 0 -1
f 3713//929 3714//929 3715//929 3716//929
v 61 37 60
v 62 37 60
v 62 36 60
v 61 36 60
vn 0 0 -1
f 3717//930 3718//930 3719//930 3720//930
v 61 38 60
v 62 38 60
v 62 37 60
v 61 37 60
vn 0 0 -1
f 3721//931 3722//931 3723//931 3724//931
v 61 39 60
v 62 39 60
v 62 38 60
v 61 38 60
vn 0 0 -1
f 3725//932 3726//932 3727//932 3728//932
v 61 40 60
v 62 40 60
v 62 39 60
v 61 39 60
vn 0 0 -1
f 3729//933 3730//933 3731//933 3732//933
v 61 41 60
v 62 41 60
v 62 40 60
v 61 40 60
vn 0 0 -1
f 3733//934 3734//934 3735//934 3736//934
v 61 42 60
v 62 42 60
v 62 41 60
v 61 41 60
vn 0 0 -1
f 3737//935 3738//935 3739//935 3740//935
v 61 43 60
v 62 43 60
v 62 42 60
v 61 42 60
vn 0 0 -1
f 3741//936 3742//936 3743//936 3744//936
v 61 44 60
v 62 44 60
v 62 43 60
v 61 43 60
vn 0 0 -1
f 3745//937 3746//937 3747//937 3748//937
v 61 45 60
v 62 45 60
v 62 44 60
v 61 44 60
vn 0 0 -1
f 3749//938 3750//938 3751//938 3752//938
v 61 46 60
v 62 46 60
v 62 45 60
v 61 45 60
vn 0 0 -1
f 3753//939 3754//939 3755//939 3756//939
v 61 47 60
v 62 47 60
v 62 46 60
v 61 46 60
vn 0 0 -1
f 3757//940 3758//940 3759//940 3760//940
v 61 48 60
v 62 48 60
v 62 47 60
v 61 47 60
vn 0 0 -1
f 3761//941 3762//941 3763//941 3764//941
v 61 49 60
v 62 49 60
v 62 48 60
v 61 48 60
vn 0 0 -1
f 3765//942 3766//942 3767//942 3768//942
v 61 50 60
v 62 50 60
v 62 49 60
v 61 49 60
vn 0 0 -1
f 3769//943 3770//943 3771//943 3772//943
v 61 51 60
v 62 51 60
v 62 50 60
v 61 50 60
vn 0 0 -1
f 3773//944 3774//944 3775//944 3776//944
v 61 52 60
v 62 52 60
v 62 51 60
v 61 51 60
vn 0 0 -1
f 3777//945 3778//945 3779//945 3780//945
v 61 53 60
v 62 53 60
v 62 52 60
v 61 52 60
vn 0 0 -1
f 3781//946 3782//946 3783//946 3784//946
v 61 54 60
v 62 54 60
v 62 53 60
v 61 53 60
vn 0 0 -1
f 3785//947 3786//947 3787//947 3788//947
v 61 55 60
v 62 55 60
v 62 54 60
v 61 54 60
vn 0 0 -1
f 3789//948 3790//948 3791//948 3792//948
v 61 56 60
v 62 56 60
v 62 55 60
v 61 55 60
vn 0 0 -1
f 3793//949 3794//949 3795//949 3796//949
v 61 57 60
v 62 57 60
v 62 56 60
v 61 56 60
vn 0 0 -1
f 3797//950 3798//950 3799//950 3800//950
v 61 58 60
v 62 58 60
v 62 57 60
v 61 57 60
vn 0 0 -1
f 3801//951 3802//951 3803//951 3804//951
v 61 59 60
v 62 59 60
v 62 58 60
v 61 58 60
vn 0 0 -1
f 3805//952 3806//952 3807//952 3808//952
v 61 60 60
v 62 60 60
v 62 59 60
v 61 59 60
vn 0 0 -1
f 3809//953 3810//953 3811//953 3812//953
v 61 61 61
v 62 61 61
v 62 61 60
v 61 61 60
vn 0 1 0
f 3813//954 3814//954 3815//954 3816//954
v 61 1 61
v 62 1 61
v 62 1 62
v 61 1 62
vn 0 -1 0
f 3817//955 3818//955 3819//955 3820//955
v 61 1 62
v 62 1 62
v 62 1 63
v 61 1 63
vn 0 -1 0
f 3821//956 3822//956 3823//956 3824//956
v 62 3 63
v 61 3 63
v 61 2 63
v 62 2 63
vn 0 0 1
f 3825//957 3826//957 3827//957 3828//957
v 62 4 63
v 61 4 63
v 61 3 63
v 62 3 63
vn 0 0 1
f 3829//958 3830//958 3831//958 3832//958
v 62 5 63
v 61 5 63
v 61 4 63
v 62 4 63
vn 0 0 1
f 3833//959 3834//959 3835//959 3836//959
v 62 6 63
v 61 6 63
v 61 5 63
v 62 5 63
vn 0 0 1
f 3837//960 3838//960 3839//960 3840//960
v 62 7 63
v 61 7 63
v 61 6 63
v 62 6 63
vn 0 0 1
f 3841//961 3842//961 3843//961 3844//961
v 62 8 63
v 61 8 63
v 61 7 63
v 62 7 63
vn 0 0 1
f 3845//962 3846//962 3847//962 3848//962
v 62 9 63
v 61 9 63
v 61 8 63
v 62 8 63
vn 0 0 1
f 3849//963 3850//963 3851//963 3852//963
v 62 10 63
v 61 10 63
v 61 9 63
v 62 9 63
vn 0 0 1
f 3853//964 3854//964 3855//964 3856//964
v 62 11 63
v 61 11 63
v 61 10 63
v 62 10 63
vn 0 0 1
f 3857//965 3858//965 3859//965 3860//965
v 62 12 63
v 61 12 63
v 61 11 63
v 62 11 63
vn 0 0 1
f 3861//966 3862//966 3863//966 3864//966
v 62 13 63
v 61 13 63
v 61 12 63
v 62 12 63
vn 0 0 1
f 3865//967 3866//967 3867//967 3868//967
v 62 14 63
v 61 14 63
v 61 13 63
v 62 13 63
vn 0 0 1
f 3869//968 3870//968 3871//968 3872//968
v 62 15 63
v 61 15 63
v 61 14 63
v 62 14 63
vn 0 0 1
f 3873//969 3874//969 3875//969 3876//969
v 62 16 63
v 61 16 63
v 61 15 63
v 62 15 63
vn 0 0 1
f 3877//970 3878//970 3879//970 3880//970
v 62 17 63
v 61 17 63
v 61 16 63
v 62 16 63
vn 0 0 1
f 3881//971 3882//971 3883//971 3884//971
v 62 18 63
v 61 18 63
v 61 17 63
v 62 17 63
vn 0 0 1
f 3885//972 3886//972 3887//972 3888//972
v 62 19 63
v 61 19 63
v 61 18 63
v 62 18 63
vn 0 0 1
f 3889//973 3890//973 3891//973 3892//973
v 62 20 63
v 61 20 63
v 61 19 63
v 62 19 63
vn 0 0 1
f 3893//974 3894//974 3895//974 3896//974
v 62 21 63
v 61 21 63
v 61 20 63
v 62 20 63
vn 0 0 1
f 3897//975 3898//975 3899//975 3900//975
v 62 22 63
v 61 22 63
v 61 21 63
v 62 21 63
vn 0 0 1
f 3901//976 3902//976 3903//976 3904//976
v 62 23 63
v 61 23 63
v 61 22 63
v 62 22 63
vn 0 0 1
f 3905//977 3906//977 3907//977 3908//977
v 62 24 63
v 61 24 63
v 61 23 63
v 62 23 63
vn 0 0 1
f 3909//978 3910//978 3911//978 3912//978
v 62 25 63
v 61 25 63
v 61 24 63
v 62 24 63
vn 0 0 1
f 3913//979 3914//979 3915//979 3916//979
v 62 26 63
v 61 26 63
v 61 25 63
v 62 25 63
vn 0 0 1
f 3917//980 3918//980 3919//980 3920//980
v 62 27 63
v 61 27 63
v 61 26 63
v 62 26 63
vn 0 0 1
f 3921//981 3922//981 3923//981 3924//981
v 62 28 63
v 61 28 63
v 61 27 63
v 62 27 63
vn 0 0 1
f 3925//982 3926//982 3927//982 3928//982
v 62 29 63
v 61 29 63
v 61 28 63
v 62 28 63
vn 0 0 1
f 3929//983 3930//983 3931//983 3932//983
v 62 30 63
v 61 30 63
v 61 29 63
v 62 29 63
vn 0 0 1
f 3933//984 3934//984 3935//984 3936//984
v 62 31 63
v 61 31 63
v 61 30 63
v 62 30 63
vn 0 0 1
f 3937//985 3938//985 3939//985 3940//985
v 62 32 63
v 61 32 63
v 61 31 63
v 62 31 63
vn 0 0 1
f 3941//986 3942//986 3943//986 3944//986
v 62 33 63
v 61 33 63
v 61 32 63
v 62 32 63
vn 0 0 1
f 3945//987 3946//987 3947//987 3948//987
v 62 34 63
v 61 34 63
v 61 33 63
v 62 33 63
vn 0 0 1
f 3949//988 3950//988 3951//988 3952//988
v 62 35 63
v 61 35 63
v 61 34 63
v 62 34 63
vn 0 0 1
f 3953//989 3954//989 3955//989 3956//989
v 62 36 63
v 61 36 63
v 61 35 63
v 62 35 63
vn 0 0 1
f 3957//990 3958//990 3959//990 3960//990
v 62 37 63
v 61 37 63
v 61 36 63
v 62 36 63
vn 0 0 1
f 3961//991 3962//991 3963//991 3964//991
v 62 38 63
v 61 38 63
v 61 37 63
v 62 37 63
vn 0 0 1
f 3965//992 3966//992 3967//992 3968//992
v 62 39 63
v 61 39 63
v 61 38 63
v 62 38 63
vn 0 0 1
f 3969//993 3970//993 3971//993 3972//993
v 62 40 63
v 61 40 63
v 61 39 63
v 62 39 63
vn 0 0 1
f 3973//994 3974//994 3975//994 3976//994
v 62 41 63
v 61 41 63
v 61 40 63
v 62 40 63
vn 0 0 1
f 3977//995 3978//995 3979//995 3980//995
v 62 42 63
v 61 42 63
v 61 41 63
v 62 41 63
vn 0 0 1
f 3981//996 3982//996 3983//996 3984//996
v 62 43 63
v 61 43 63
v 61 42 63
v 62 42 63
vn 0 0 1
f 3985//997 3986//997 3987//997 3988//997
v 62 44 63
v 61 44 63
v 61 43 63
v 62 43 63
vn 0 0 1
f 3989//998 3990//998 3991//998 3992//998
v 62 45 63
v 61 45 63
v 61 44 63
v 62 44 63
vn 0 0 1
f 3993//999 3994//999 3995//999 3996//999
v 62 46 63
v 61 46 63
v 61 45 63
v 62 45 63
vn 0 0 1
f 3997//1000 3998//1000 3999//1000 4000//1000
v 62 47 63
v 61 47 63
v 61 46 63
v 62 46 63
vn 0 0 1
f 4001//1001 4002//1001 4003//1001 4004//1001
v 62 48 63
v 61 48 63
v 61 47 63
v 62 47 63
vn 0 0 1
f 4005//1002 4006//1002 4007//1002 4008//1002
v 62 49 63
v 61 49 63
v 61 48 63
v 62 48 63
vn 0 0 1
f 4009//1003 4010//1003 4011//1003 4012//1003
v 62 50 63
v 61 50 63
v 61 49 63
v 62 49 63
vn 0 0 1
f 4013//1004 4014//1004 4015//1004 4016//1004
v 62 51 63
v 61 51 63
v 61 50 63
v 62 50 63
vn 0 0 1
f 4017//1005 4018//1005 4019//1005 4020//1005
v 62 52 63
v 61 52 63
v 61 51 63
v 62 51 63
vn 0 0 1
f 4021//1006 4022//1006 4023//1006 4024//1006
v 62 53 63
v 61 53 63
v 61 52 63
v 62 52 63
vn 0 0 1
f 4025//1007 4026//1007 4027//1007 4028//1007
v 62 54 63
v 61 54 63
v 61 53 63
v 62 53 63
vn 0 0 1
f 4029//1008 4030//1008 4031//1008 4032//1008
v 62 55 63
v 61 55 63
v 61 54 63
v 62 54 63
vn 0 0 1
f 4033//1009 4034//1009 4035//1009 4036//1009
v 62 56 63
v 61 56 63
v 61 55 63
v 62 55 63
vn 0 0 1
f 4037//1010 4038//1010 4039//1010 4040//1010
v 62 57 63
v 61 57 63
v 61 56 63
v 62 56 63
vn 0 0 1
f 4041//1011 4042//1011 4043//1011 4044//1011
v 62 58 63
v 61 58 63
v 61 57 63
v 62 57 63
vn 0 0 1
f 4045//1012 4046//1012 4047//1012 4048//1012
v 62 59 63
v 61 59 63
v 61 58 63
v 62 58 63
vn 0 0 1
f 4049//1013 4050//1013 4051//1013 4052//1013
v 62 60 63
v 61 60 63
v 61 59 63
v 62 59 63
vn 0 0 1
f 4053//1014 4054//1014 4055//1014 4056//1014
v 61 61 63
v 62 61 63
v 62 61 62
v 61 61 62
vn 0 1 0
f 4057//1015 4058//1015 4059//1015 4060//1015
v 62 1 60
v 63 1 60
v 63 1 61
v 62 1 61
vn 0 -1 0
f 4061//1016 4062//1016 4063//1016 4064//1016
v 63 3 60
v 63 3 61
v 63 2 61
v 63 2 60
vn 1 0 0
f 4065//1017 4066//1017 4067//1017 4068//1017
v 62 3 60
v 63 3 60
v 63 2 60
v 62 2 60
vn 0 0 -1
f 4069//1018 4070//1018 4071//1018 4072//1018
v 63 4 60
v 63 4 61
v 63 3 61
v 63 3 60
vn 1 0 0
f 4073//1019 4074//1019 4075//1019 4076//1019
v 62 4 60
v 63 4 60
v 63 3 60
v 62 3 60
vn 0 0 -1
f 4077//1020 4078//1020 4079//1020 4080//1020
v 63 5 60
v 63 5 61
v 63 4 61
v 63 4 60
vn 1 0 0
f 4081//1021 4082//1021 4083//1021 4084//1021
v 62 5 60
v 63 5 60
v 63 4 60
v 62 4 60
vn 0 0 -1
f 4085//1022 4086//1022 4087//1022 4088//1022
v 63 6 60
v 63 6 61
v 63 5 61
v 63 5 60
vn 1 0 0
f 4089//1023 4090//1023 4091//1023 4092//1023
v 62 6 60
v 63 6 60
v 63 5 60
v 62 5 60
vn 0 0 -1
f 4093//1024 4094//1024 4095//1024 4096//1024
v 63 7 60
v 63 7 61
v 63 6 61
v 63 6 60
vn 1 0 0
f 4097//1025 4098//1025 4099//1025 4100//1025
v 62 7 60
v 63 7 60
v 63 6 60
v 62 6 60
vn 0 0 -1
f 4101//1026 4102//1026 4103//1026 4104//1026
v 63 8 60
v 63 8 61
v 63 7 61
v 63 7 60
vn 1 0 0
f 4105//1027 4106//1027 4107//1027 4108//1027
v 62 8 60
v 63 8 60
v 63 7 60
v 62 7 60
vn 0 0 -1
f 4109//1028 4110//1028 4111//1028 4112//1028
v 63 9 60
v 63 9 61
v 63 8 61
v 63 8 60
vn 1 0 0
f 4113//1029 4114//1029 4115//1029 4116//1029
v 62 9 60
v 63 9 60
v 63 8 60
v 62 8 60
vn 0 0 -1
f 4117//1030 4118//1030 4119//1030 4120//1030
v 63 10 60
v 63 10 61
v 63 9 61
v 63 9 60
vn 1 0 0
f 4121//1031 4122//1031 4123//1031 4124//1031
v 62 10 60
v 63 10 60
v 63 9 60
v 62 9 60
vn 0 0 -1
f 4125//1032 4126//1032 4127//1032 4128//1032
v 63 11 60
v 63 11 61
v 63 10 61
v 63 10 60
vn 1 0 0
f 4129//1033 4130//1033 4131//1033 4132//1033
v 62 11 60
v 63 11 60
v 63 10 60
v 62 10 60
vn 0 0 -1
f 4133//1034 4134//1034 4135//1034 4136//1034
v 63 12 60
v 63 12 61
v 63 11 61
v 63 11 60
vn 1 0 0
f 4137//1035 4138//1035 4139//1035 4140//1035
v 62 12 60
v 63 12 60
v 63 11 60
v 62 11 60
vn 0 0 -1
f 4141//1036 4142//1036 4143//1036 4144//1036
v 63 13 60
v 63 13 61
v 63 12 61
v 63 12 60
vn 1 0 0
f 4145//1037 4146//1037 4147//1037 4148//1037
v 62 13 60
v 63 13 60
v 63 12 60
v 62 12 60
vn 0 0 -1
f 4149//1038 4150//1038 4151//1038 4152//1038
v 63 14 60
v 63 14 61
v 63 13 61
v 63 13 60
vn 1 0 0
f 4153//1039 4154//1039 4155//1039 4156//1039
v 62 14 60
v 63 14 60
v 63 13 60
v 62 13 60
vn 0 0 -1
f 4157//1040 4158//1040 4159//1040 4160//1040
v 63 15 60
v 63 15 61
v 63 14 61
v 63 14 60
vn 1 0 0
f 4161//1041 4162//1041 4163//1041 4164//1041
v 62 15 60
v 63 15 60
v 63 14 60
v 62 14 60
vn 0 0 -1
f 4165//1042 4166//1042 4167//1042 4168//1042
v 63 16 60
v 63 16 61
v 63 15 61
v 63 15 60
vn 1 0 0
f 4169//1043 4170//1043 4171//1043 4172//1043
v 62 16 60
v 63 16 60
v 63 15 60
v 62 15 60
vn 0 0 -1
f 4173//1044 4174//1044 4175//1044 4176//1044
v 63 17 60
v 63 17 61
v 63 16 61
v 63 16 60
vn 1 0 0
f 4177//1045 4178//1045 4179//1045 4180//1045
v 62 17 60
v 63 17 60
v 63 16 60
v 62 16 60
vn 0 0 -1
f 4181//1046 4182//1046 4183//1046 4184//1046
v 63 18 60
v 63 18 61
v 63 17 61
v 63 17 60
vn 1 0 0
f 4185//1047 4186//1047 4187//1047 4188//1047
v 62 18 60
v 63 18 60
v 63 17 60
v 62 17 60
vn 0 0 -1
f 4189//1048 4190//1048 4191//1048 4192//1048
v 63 19 60
v 63 19 61
v 63 18 61
v 63 18 60
vn 1 0 0
f 4193//1049 4194//1049 4195//1049 4196//1049
v 62 19 60
v 63 19 60
v 63 18 60
v 62 18 60
vn 0 0 -1
f 4197//1050 4198//1050 4199//1050 4200//1050
v 63 20 60
v 63 20 61
v 63 19 61
v 63 19 60
vn 1 0 0
f 4201//1051 4202//1051 4203//1051 4204//1051
v 62 20 60
v 63 20 60
v 63 19 60
v 62 19 60
vn 0 0 -1
f 4205//1052 4206//1052 4207//1052 4208//1052
v 63 21 60
v 63 21 61
v 63 20 61
v 63 20 60
vn 1 0 0
f 4209//1053 4210//1053 4211//1053 4212//1053
v 62 21 60
v 63 21 60
v 63 20 60
v 62 20 60
vn 0 0 -1
f 4213//1054 4214//1054 4215//1054 4216//1054
v 63 22 60
v 63 22 61
v 63 21 61
v 63 21 60
vn 1 0 0
f 4217//1055 4218//1055 4219//1055 4220//1055
v 62 22 60
v 63 22 60
v 63 21 60
v 62 21 60
vn 0 0 -1
f 4221//1056 4222//1056 4223//1056 4224//1056
v 63 23 60
v 63 23 61
v 63 22 61
v 63 22 60
vn 1 0 0
f 4225//1057 4226//1057 4227//1057 4228//1057
v 62 23 60
v 63 23 60
v 63 22 60
v 62 22 60
vn 0 0 -1
f 4229//1058 4230//1058 4231//1058 4232//1058
v 63 24 60
v 63 24 61
v 63 23 61
v 63 23 60
vn 1 0 0
f 4233//1059 4234//1059 4235//1059 4236//1059
v 62 24 60
v 63 24 60
v 63 23 60
v 62 23 60
vn 0 0 -1
f 4237//1060 4238//1060 4239//1060 4240//1060
v 63 25 60
v 63 25 61
v 63 24 61
v 63 24 60
vn 1 0 0
f 4241//1061 4242//1061 4243//1061 4244//1061
v 62 25 60
v 63 25 60
v 63 24 60
v 62 24 60
vn 0 0 -1
f 4245//1062 4246//1062 4247//1062 4248//1062
v 63 26 60
v 63 26 61
v 63 25 61
v 63 25 60
vn 1 0 0
f 4249//1063 4250//1063 4251//1063 4252//1063
v 62 26 60
v 63 26 60
v 63 25 60
v 62 25 60
vn 0 0 -1
f 4253//1064 4254//1064 4255//1064 4256//1064
v 63 27 60
v 63 27 61
v 63 26 61
v 63 26 60
vn 1 0 0
f 4257//1065 4258//1065 4259//1065 4260//1065
v 62 27 60
v 63 27 60
v 63 26 60
v 62 26 60
vn 0 0 -1
f 4261//1066 4262//1066 4263//1066 4264//1066
v 63 28 60
v 63 28 61
v 63 27 61
v 63 27 60
vn 1 0 0
f 4265//1067 4266//1067 4267//1067 4268//1067
v 62 28 60
v 63 28 60
v 63 27 60
v 62 27 60
vn 0 0 -1
f 4269//1068 4270//1068 4271//1068 4272//1068
v 63 29 60
v 63 29 61
v 63 28 61
v 63 28 60
vn 1 0 0
f 4273//1069 4274//1069 4275//1069 4276//1069
v 62 29 60
v 63 29 60
v 63 28 60
v 62 28 60
vn 0 0 -1
f 4277//1070 4278//1070 4279//1070 4280//1070
v 63 30 60
v 63 30 61
v 63 29 61
v 63 29 60
vn 1 0 0
f 4281//1071 4282//1071 4283//1071 4284//1071
v 62 30 60
v 63 30 60
v 63 29 60
v 62 29 60
vn 0 0 -1
f 4285//1072 4286//1072 4287//1072 4288//1072
v 63 31 60
v 63 31 61
v 63 30 61
v 63 30 60
vn 1 0 0
f 4289//1073 4290//1073 4291//1073 4292//1073
v 62 31 60
v 63 31 60
v 63 30 60
v 62 30 60
vn 0 0 -1
f 4293//1074 4294//1074 4295//1074 4296//1074
v 63 32 60
v 63 32 61
v 63 31 61
v 63 31 60
vn 1 0 0
f 4297//1075 4298//1075 4299//1075 4300//1075
v 62 32 60
v 63 32 60
v 63 31 60
v 62 31 60
vn 0 0 -1
f 4301//1076 4302//1076 4303//1076 4304//1076
v 63 33 60
v 63 33 61
v 63 32 61
v 63 32 60
vn 1 0 0
f 4305//1077 4306//1077 4307//1077 4308//1077
v 62 33 60
v 63 33 60
v 63 32 60
v 62 32 60
vn 0 0 -1
f 4309//1078 4310//1078 4311//1078 4312//1078
v 63 34 60
v 63 34 61
v 63 33 61
v 63 33 60
vn 1 0 0
f 4313//1079 4314//1079 4315//1079 4316//1079
v 62 34 60
v 63 34 60
v 63 33 60
v 62 33 60
vn 0 0 -1
f 4317//1080 4318//1080 4319//1080 4320//1080
v 63 35 60
v 63 35 61
v 63 34 61
v 63 34 60
vn 1 0 0
f 4321//1081 4322//1081 4323//1081 4324//1081
v 62 35 60
v 63 35 60
v 63 34 60
v 62 34 60
vn 0 0 -1
f 4325//1082 4326//1082 4327//1082 4328//1082
v 63 36 60
v 63 36 61
v 63 35 61
v 63 35 60
vn 1 0 0
f 4329//1083 4330//1083 4331//1083 4332//1083
v 62 36 60
v 63 36 60
v 63 35 60
v 62 35 60
vn 0 0 -1
f 4333//1084 4334//1084 4335//1084 4336//1084
v 63 37 60
v 63 37 61
v 63 36 61
v 63 36 60
vn 1 0 0
f 4337//1085 4338//1085 4339//1085 4340//1085
v 62 37 60
v 63 37 60
v 63 36 60
v 62 36 60
vn 0 0 -1
f 4341//1086 4342//1086 4343//1086 4344//1086
v 63 38 60
v 63 38 61
v 63 37 61
v 63 37 60
vn 1 0 0
f 4345//1087 4346//1087 4347//1087 4348//1087
v 62 38 60
v 63 38 60
v 63 37 60
v 62 37 60
vn 0 0 -1
f 4349//1088 4350//1088 4351//1088 4352//1088
v 63 39 60
v 63 39 61
v 63 38 61
v 63 38 60
vn 1 0 0
f 4353//1089 4354//1089 4355//1089 4356//1089
v 62 39 60
v 63 39 60
v 63 38 60
v 62 38 60
vn 0 0 -1
f 4357//1090 4358//1090 4359//1090 4360//1090
v 63 40 60
v 63 40 61
v 63 39 61
v 63 39 60
vn 1 0 0
f 4361//1091 4362//1091 4363//1091 4364//1091
v 62 40 60
v 63 40 60
v 63 39 60
v 62 39 60
vn 0 0 -1
f 4365//1092 4366//1092 4367//1092 4368//1092
v 63 41 60
v 63 41 61
v 63 40 61
v 63 40 60
vn 1 0 0
f 4369//1093 4370//1093 4371//1093 4372//1093
v 62 41 60
v 63 41 60
v 63 40 60
v 62 40 60
vn 0 0 -1
f 4373//1094 4374//1094 4375//1094 4376//1094
v 63 42 60
v 63 42 61
v 63 41 61
v 63 41 60
vn 1 0 0
f 4377//1095 4378//1095 4379//1095 4380//1095
v 62 42 60
v 63 42 60
v 63 41 60
v 62 41 60
vn 0 0 -1
f 4381//1096 4382//1096 4383//1096 4384//1096
v 63 43 60
v 63 43 61
v 63 42 61
v 63 42 60
vn 1 0 0
f 4385//1097 4386//1097 4387//1097 4388//1097
v 62 43 60
v 63 43 60
v 63 42 60
v 62 42 60
vn 0 0 -1
f 4389//1098 4390//1098 4391//1098 4392//1098
v 63 44 60
v 63 44 61
v 63 43 61
v 63 43 60
vn 1 0 0
f 4393//1099 4394//1099 4395//1099 4396//1099
v 62 44 60
v 63 44 60
v 63 43 60
v 62 43 60
vn 0 0 -1
f 4397//1100 4398//1100 4399//1100 4400//1100
v 63 45 60
v 63 45 61
v 63 44 61
v 63 44 60
vn 1 0 0
f 4401//1101 4402//1101 4403//1101 4404//1101
v 62 45 60
v 63 45 60
v 63 44 60
v 62 44 60
vn 0 0 -1
f 4405//1102 4406//1102 4407//1102 4408//1102
v 63 46 60
v 63 46 61
v 63 45 61
v 63 45 60
vn 1 0 0
f 4409//1103 4410//1103 4411//1103 4412//1103
v 62 46 60
v 63 46 60
v 63 45 60
v 62 45 60
vn 0 0 -1
f 4413//1104 4414//1104 4415//1104 4416//1104
v 63 47 60
v 63 47 61
v 63 46 61
v 63 46 60
vn 1 0 0
f 4417//1105 4418//1105 4419//1105 4420//1105
v 62 47 60
v 63 47 60
v 63 46 60
v 62 46 60
vn 0 0 -1
f 4421//1106 4422//1106 4423//1106 4424//1106
v 63 48 60
v 63 48 61
v 63 47 61
v 63 47 60
vn 1 0 0
f 4425//1107 4426//1107 4427//1107 4428//1107
v 62 48 60
v 63 48 60
v 63 47 60
v 62 47 60
vn 0 0 -1
f 4429//1108 4430//1108 4431//1108 4432//1108
v 63 49 60
v 63 49 61
v 63 48 61
v 63 48 60
vn 1 0 0
f 4433//1109 4434//1109 4435//1109 4436//1109
v 62 49 60
v 63 49 60
v 63 48 60
v 62 48 60
vn 0 0 -1
f 4437//1110 4438//1110 4439//1110 4440//1110
v 63 50 60
v 63 50 61
v 63 49 61
v 63 49 60
vn 1 0 0
f 4441//1111 4442//1111 4443//1111 4444//1111
v 62 50 60
v 63 50 60
v 63 49 60
v 62 49 60
vn 0 0 -1
f 4445//1112 4446//1112 4447//1112 4448//1112
v 63 51 60
v 63 51 61
v 63 50 61
v 63 50 60
vn 1 0 0
f 4449//1113 4450//1113 4451//1113 4452//1113
v 62 51 60
v 63 51 60
v 63 50 60
v 62 50 60
vn 0 0 -1
f 4453//1114 4454//1114 4455//1114 4456//1114
v 63 52 60
v 63 52 61
v 63 51 61
v 63 51 60
vn 1 0 0
f 4457//1115 4458//1115 4459//1115 4460//1115
v 62 52 60
v 63 52 60
v 63 51 60
v 62 51 60
vn 0 0 -1
f 4461//1116 4462//1116 4463//1116 4464//1116
v 63 53 60
v 63 53 61
v 63 52 61
v 63 52 60
vn 1 0 0
f 4465//1117 4466//1117 4467//1117 4468//1117
v 62 53 60
v 63 53 60
v 63 52 60
v 62 52 60
vn 0 0 -1
f 4469//1118 4470//1118 4471//1118 4472//1118
v 63 54 60
v 63 54 61
v 63 53 61
v 63 53 60
vn 1 0 0
f 4473//1119 4474//1119 4475//1119 4476//1119
v 62 54 60
v 63 54 60
v 63 53 60
v 62 53 60
vn 0 0 -1
f 4477//1120 4478//1120 4479//1120 4480//1120
v 63 55 60
v 63 55 61
v 63 54 61
v 63 54 60
vn 1 0 0
f 4481//1121 4482//1121 4483//1121 4484//1121
v 62 55 60
v 63 55 60
v 63 54 60
v 62 54 60
vn 0 0 -1
f 4485//1122 4486//1122 4487//1122 4488//1122
v 63 56 60
v 63 56 61
v 63 55 61
v 63 55 60
vn 1 0 0
f 4489//1123 4490//1123 4491//1123 4492//1123
v 62 56 60
v 63 56 60
v 63 55 60
v 62 55 60
vn 0 0 -1
f 4493//1124 4494//1124 4495//1124 4496//1124
v 63 57 60
v 63 57 61
v 63 56 61
v 63 56 60
vn 1 0 0
f 4497//1125 4498//1125 4499//1125 4500//1125
v 62 57 60
v 63 57 60
v 63 56 60
v 62 56 60
vn 0 0 -1
f 4501//1126 4502//1126 4503//1126 4504//1126
v 63 58 60
v 63 58 61
v 63 57 61
v 63 57 60
vn 1 0 0
f 4505//1127 4506//1127 4507//1127 4508//1127
v 62 58 60
v 63 58 60
v 63 57 60
v 62 57 60
vn 0 0 -1
f 4509//1128 4510//1128 4511//1128 4512//1128
v 63 59 60
v 63 59 61
v 63 58 61
v 63 58 60
vn 1 0 0
f 4513//1129 4514//1129 4515//1129 4516//1129
v 62 59 60
v 63 59 60
v 63 58 60
v 62 58 60
vn 0 0 -1
f 4517//1130 4518//1130 4519//1130 4520//1130
v 63 60 60
v 63 60 61
v 63 59 61
v 63 59 60
vn 1 0 0
f 4521//1131 4522//1131 4523//1131 4524//1131
v 62 60 60
v 63 60 60
v 63 59 60
v 62 59 60
vn 0 0 -1
f 4525//1132 4526//1132 4527//1132 4528//1132
v 62 61 61
v 63 61 61
v 63 61 60
v 62 61 60
vn 0 1 0
f 4529//1133 4530//1133 4531//1133 4532//1133
v 62 1 61
v 63 1 61
v 63 1 62
v 62 1 62
vn 0 -1 0
f 4533//1134 4534//1134 4535//1134 4536//1134
v 63 3 61
v 63 3 62
v 63 2 62
v 63 2 61
vn 1 0 0
f 4537//1135 4538//1135 4539//1135 4540//1135
v 63 4 61
v 63 4 62
v 63 3 62
v 63 3 61
vn 1 0 0
f 4541//1136 4542//1136 4543//1136 4544//1136
v 63 5 61
v 63 5 62
v 63 4 62
v 63 4 61
vn 1 0 0
f 4545//1137 4546//1137 4547//1137 4548//1137
v 63 6 61
v 63 6 62
v 63 5 62
v 63 5 61
vn 1 0 0
f 4549//1138 4550//1138 4551//1138 4552//1138
v 63 7 61
v 63 7 62
v 63 6 62
v 63 6 61
vn 1 0 0
f 4553//1139 4554//1139 4555//1139 4556//1139
v 63 8 61
v 63 8 62
v 63 7 62
v 63 7 61
vn 1 0 0
f 4557//1140 4558//1140 4559//1140 4560//1140
v 63 9 61
v 63 9 62
v 63 8 62
v 63 8 61
vn 1 0 0
f 4561//1141 4562//1141 4563//1141 4564//1141
v 63 10 61
v 63 10 62
v 63 9 62
v 63 9 61
vn 1 0 0
f 4565//1142 4566//1142 4567//1142 4568//1142
v 63 11 61
v 63 11 62
v 63 10 62
v 63 10 61
vn 1 0 0
f 4569//1143 4570//1143 4571//1143 4572//1143
v 63 12 61
v 63 12 62
v 63 11 62
v 63 11 61
vn 1 0 0
f 4573//1144 4574//1144 4575//1144 4576//1144
v 63 13 61
v 63 13 62
v 63 12 62
v 63 12 61
vn 1 0 0
f 4577//1145 4578//1145 4579//1145 4580//1145
v 63 14 61
v 63 14 62
v 63 13 62
v 63 13 61
vn 1 0 0
f 4581//1146 4582//1146 4583//1146 4584//1146
v 63 15 61
v 63 15 62
v 63 14 62
v 63 14 61
vn 1 0 0
f 4585//1147 4586//1147 4587//1147 4588//1147
v 63 16 61
v 63 16 62
v 63 15 62
v 63 15 61
vn 1 0 0
f 4589//1148 4590//1148 4591//1148 4592//1148
v 63 17 61
v 63 17 62
v 63 16 62
v 63 16 61
vn 1 0 0
f 4593//1149 4594//1149 4595//1149 4596//1149
v 63 18 61
v 63 18 62
v 63 17 62
v 63 17 61
vn 1 0 0
f 4597//1150 4598//1150 4599//1150 4600//1150
v 63 19 61
v 63 19 62
v 63 18 62
v 63 18 61
vn 1 0 0
f 4601//1151 4602//1151 4603//1151 4604//1151
v 63 20 61
v 63 20 62
v 63 19 62
v 63 19 61
vn 1 0 0
f 4605//1152 4606//1152 4607//1152 4608//1152
v 63 21 61
v 63 21 62
v 63 20 62
v 63 20 61
vn 1 0 0
f 4609//1153 4610//1153 4611//1153 4612//1153
v 63 22 61
v 63 22 62
v 63 21 62
v 63 21 61
vn 1 0 0
f 4613//1154 4614//1154 4615//1154 4616//1154
v 63 23 61
v 63 23 62
v 63 22 62
v 63 22 61
vn 1 0 0
f 4617//1155 4618//1155 4619//1155 4620//1155
v 63 24 61
v 63 24 62
v 63 23 62
v 63 23 61
vn 1 0 0
f 4621//1156 4622//1156 4623//1156 4624//1156
v 63 25 61
v 63 25 62
v 63 24 62
v 63 24 61
vn 1 0 0
f 4625//1157 4626//1157 4627//1157 4628//1157
v 63 26 61
v 63 26 62
v 63 25 62
v 63 25 61
vn 1 0 0
f 4629//1158 4630//1158 4631//1158 4632//1158
v 63 27 61
v 63 27 62
v 63 26 62
v 63 26 61
vn 1 0 0
f 4633//1159 4634//1159 4635//1159 4636//1159
v 63 28 61
v 63 28 62
v 63 27 62
v 63 27 61
vn 1 0 0
f 4637//1160 4638//1160 4639//1160 4640//1160
v 63 29 61
v 63 29 62
v 63 28 62
v 63 28 61
vn 1 0 0
f 4641//1161 4642//1161 4643//1161 4644//1161
v 63 30 61
v 63 30 62
v 63 29 62
v 63 29 61
vn 1 0 0
f 4645//1162 4646//1162 4647//1162 4648//1162
v 63 31 61
v 63 31 62
v 63 30 62
v 63 30 61
vn 1 0 0
f 4649//1163 4650//1163 4651//1163 4652//1163
v 63 32 61
v 63 32 62
v 63 31 62
v 63 31 61
vn 1 0 0
f 4653//1164 4654//1164 4655//1164 4656//1164
v 63 33 61
v 63 33 62
v 63 32 62
v 63 32 61
vn 1 0 0
f 4657//1165 4658//1165 4659//1165 4660//1165
v 63 34 61
v 63 34 62
v 63 33 62
v 63 33 61
vn 1 0 0
f 4661//1166 4662//1166 4663//1166 4664//1166
v 63 35 61
v 63 35 62
v 63 34 62
v 63 34 61
vn 1 0 0
f 4665//1167 4666//1167 4667//1167 4668//1167
v 63 36 61
v 63 36 62
v 63 35 62
v 63 35 61
vn 1 0 0
f 4669//1168 4670//1168 4671//1168 4672//1168
v 63 37 61
v 63 37 62
v 63 36 62
v 63 36 61
vn 1 0 0
f 4673//1169 4674//1169 4675//1169 4676//1169
v 63 38 61
v 63 38 62
v 63 37 62
v 63 37 61
vn 1 0 0
f 4677//1170 4678//1170 4679//1170 4680//1170
v 63 39 61
v 63 39 62
v 63 38 62
v 63 38 61
vn 1 0 0
f 4681//1171 4682//1171 4683//1171 4684//1171
v 63 40 61
v 63 40 62
v 63 39 62
v 63 39 61
vn 1 0 0
f 4685//1172 4686//1172 4687//1172 4688//1172
v 63 41 61
v 63 41 62
v 63 40 62
v 63 40 61
vn 1 0 0
f 4689//1173 4690//1173 4691//1173 4692//1173
v 63 42 61
v 63 42 62
v 63 41 62
v 63 41 61
vn 1 0 0
f 4693//1174 4694//1174 4695//1174 4696//1174
v 63 43 61
v 63 43 62
v 63 42 62
v 63 42 61
vn 1 0 0
f 4697//1175 4698//1175 4699//1175 4700//1175
v 63 44 61
v 63 44 62
v 63 43 62
v 63 43 61
vn 1 0 0
f 4701//1176 4702//1176 4703//1176 4704//1176
v 63 45 61
v 63 45 62
v 63 44 62
v 63 44 61
vn 1 0 0
f 4705//1177 4706//1177 4707//1177 4708//1177
v 63 46 61
v 63 46 62
v 63 45 62
v 63 45 61
vn 1 0 0
f 4709//1178 4710//1178 4711//1178 4712//1178
v 63 47 61
v 63 47 62
v 63 46 62
v 63 46 61
vn 1 0 0
f 4713//1179 4714//1179 4715//1179 4716//1179
v 63 48 61
v 63 48 62
v 63 47 62
v 63 47 61
vn 1 0 0
f 4717//1180 4718//1180 4719//1180 4720//1180
v 63 49 61
v 63 49 62
v 63 48 62
v 63 48 61
vn 1 0 0
f 4721//1181 4722//1181 4723//1181 4724//1181
v 63 50 61
v 63 50 62
v 63 49 62
v 63 49 61
vn 1 0 0
f 4725//1182 4726//1182 4727//1182 4728//1182
v 63 51 61
v 63 51 62
v 63 50 62
v 63 50 61
vn 1 0 0
f 4729//1183 4730//1183 4731//1183 4732//1183
v 63 52 61
v 63 52 62
v 63 51 62
v 63 51 61
vn 1 0 0
f 4733//1184 4734//1184 4735//1184 4736//1184
v 63 53 61
v 63 53 62
v 63 52 62
v 63 52 61
vn 1 0 0
f 4737//1185 4738//1185 4739//1185 4740//1185
v 63 54 61
v 63 54 62
v 63 53 62
v 63 53 61
vn 1 0 0
f 4741//1186 4742//1186 4743//1186 4744//1186
v 63 55 61
v 63 55 62
v 63 54 62
v 63 54 61
vn 1 0 0
f 4745//1187 4746//1187 4747//1187 4748//1187
v 63 56 61
v 63 56 62
v 63 55 62
v 63 55 61
vn 1 0 0
f 4749//1188 4750//1188 4751//1188 4752//1188
v 63 57 61
v 63 57 62
v 63 56 62
v 63 56 61
vn 1 0 0
f 4753//1189 4754//1189 4755//1189 4756//1189
v 63 58 61
v 63 58 62
v 63 57 62
v 63 57 61
vn 1 0 0
f 4757//1190 4758//1190 4759//1190 4760//1190
v 63 59 61
v 63 59 62
v 63 58 62
v 63 58 61
vn 1 0 0
f 4761//1191 4762//1191 4763//1191 4764//1191
v 63 60 61
v 63 60 62
v 63 59 62
v 63 59 61
vn 1 0 0
f 4765//1192 4766//1192 4767//1192 4768//1192
v 62 61 62
v 63 61 62
v 63 61 61
v 62 61 61
vn 0 1 0
f 4769//1193 4770//1193 4771//1193 4772//1193
v 62 1 62
v 63 1 62
v 63 1 63
v 62 1 63
vn 0 -1 0
f 4773//1194 4774//1194 4775//1194 4776//1194
v 63 3 62
v 63 3 63
v 63 2 63
v 63 2 62
vn 1 0 0
f 4777//1195 4778//1195 4779//1195 4780//1195
v 63 3 63
v 62 3 63
v 62 2 63
v 63 2 63
vn 0 0 1
f 4781//1196 4782//1196 4783//1196 4784//1196
v 63 4 62
v 63 4 63
v 63 3 63
v 63 3 62
vn 1 0 0
f 4785//1197 4786//1197 4787//1197 4788//1197
v 63 4 63
v 62 4 63
v 62 3 63
v 63 3 63
vn 0 0 1
f 4789//1198 4790//1198 4791//1198 4792//1198
v 63 5 62
v 63 5 63
v 63 4 63
v 63 4 62
vn 1 0 0
f 4793//1199 4794//1199 4795//1199 4796//1199
v 63 5 63
v 62 5 63
v 62 4 63
v 63 4 63
vn 0 0 1
f 4797//1200 4798//1200 4799//1200 4800//1200
v 63 6 62
v 63 6 63
v 63 5 63
v 63 5 62
vn 1 0 0
f 4801//1201 4802//1201 4803//1201 4804//1201
v 63 6 63
v 62 6 63
v 62 5 63
v 63 5 63
vn 0 0 1
f 4805//1202 4806//1202 4807//1202 4808//1202
v 63 7 62
v 63 7 63
v 63 6 63
v 63 6 62
vn 1 0 0
f 4809//1203 4810//1203 4811//1203 4812//1203
v 63 7 63
v 62 7 63
v 62 6 63
v 63 6 63
vn 0 0 1
f 4813//1204 4814//1204 4815//1204 4816//1204
v 63 8 62
v 63 8 63
v 63 7 63
v 63 7 62
vn 1 0 0
f 4817//1205 4818//1205 4819//1205 4820//1205
v 63 8 63
v 62 8 63
v 62 7 63
v 63 7 63
vn 0 0 1
f 4821//1206 4822//1206 4823//1206 4824//1206
v 63 9 62
v 63 9 63
v 63 8 63
v 63 8 62
vn 1 0 0
f 4825//1207 4826//1207 4827//1207 4828//1207
v 63 9 63
v 62 9 63
v 62 8 63
v 63 8 63
vn 0 0 1
f 4829//1208 4830//1208 4831//1208 4832//1208
v 63 10 62
v 63 10 63
v 63 9 63
v 63 9 62
vn 1 0 0
f 4833//1209 4834//1209 4835//1209 4836//1209
v 63 10 63
v 62 10 63
v 62 9 63
v 63 9 63
vn 0 0 1
f 4837//1210 4838//1210 4839//1210 4840//1210
v 63 11 62
v 63 11 63
v 63 10 63
v 63 10 62
vn 1 0 0
f 4841//1211 4842//1211 4843//1211 4844//1211
v 63 11 63
v 62 11 63
v 62 10 63
v 63 10 63
vn 0 0 1
f 4845//1212 4846//1212 4847//1212 4848//1212
v 63 12 62
v 63 12 63
v 63 11 63
v 63 11 62
vn 1 0 0
f 4849//1213 4850//1213 4851//1213 4852//1213
v 63 12 63
v 62 12 63
v 62 11 63
v 63 11 63
vn 0 0 1
f 4853//1214 4854//1214 4855//1214 4856//1214
v 63 13 62
v 63 13 63
v 63 12 63
v 63 12 62
vn 1 0 0
f 4857//1215 4858//1215 4859//1215 4860//1215
v 63 13 63
v 62 13 63
v 62 12 63
v 63 12 63
vn 0 0 1
f 4861//1216 4862//1216 4863//1216 4864//1216
v 63 14 62
v 63 14 63
v 63 13 63
v 63 13 62
vn 1 0 0
f 4865//1217 4866//1217 4867//1217 4868//1217
v 63 14 63
v 62 14 63
v 62 13 63
v 63 13 63
vn 0 0 1
f 4869//1218 4870//1218 4871//1218 4872//1218
v 63 15 62
v 63 15 63
v 63 14 63
v 63 14 62
vn 1 0 0
f 4873//1219 4874//1219 4875//1219 4876//1219
v 63 15 63
v 62 15 63
v 62 14 63
v 63 14 63
vn 0 0 1
f 4877//1220 4878//1220 4879//1220 4880//1220
v 63 16 62
v 63 16 63
v 63 15 63
v 63 15 62
vn 1 0 0
f 4881//1221 4882//1221 4883//1221 4884//1221
v 63 16 63
v 62 16 63
v 62 15 63
v 63 15 63
vn 0 0 1
f 4885//1222 4886//1222 4887//1222 4888//1222
v 63 17 62
v 63 17 63
v 63 16 63
v 63 16 62
vn 1 0 0
f 4889//1223 4890//1223 4891//1223 4892//1223
v 63 17 63
v 62 17 63
v 62 16 63
v 63 16 63
vn 0 0 1
f 4893//1224 4894//1224 4895//1224 4896//1224
v 63 18 62
v 63 18 63
v 63 17 63
v 63 17 62
vn 1 0 0
f 4897//1225 4898//1225 4899//1225 4900//1225
v 63 18 63
v 62 18 63
v 62 17 63
v 63 17 63
vn 0 0 1
f 4901//1226 4902//1226 4903//1226 4904//1226
v 63 19 62
v 63 19 63
v 63 18 63
v 63 18 62
vn 1 0 0
f 4905//1227 4906//1227 4907//1227 4908//1227
v 63 19 63
v 62 19 63
v 62 18 63
v 63 18 63
vn 0 0 1
f 4909//1228 4910//1228 4911//1228 4912//1228
v 63 20 62
v 63 20 63
v 63 19 63
v 63 19 62
vn 1 0 0
f 4913//1229 4914//1229 4915//1229 4916//1229
v 63 20 63
v 62 20 63
v 62 19 63
v 63 19 63
vn 0 0 1
f 4917//1230 4918//1230 4919//1230 4920//1230
v 63 21 62
v 63 21 63
v 63 20 63
v 63 20 62
vn 1 0 0
f 4921//1231 4922//1231 4923//1231 4924//1231
v 63 21 63
v 62 21 63
v 62 20 63
v 63 20 63
vn 0 0 1
f 4925//1232 4926//1232 4927//1232 4928//1232
v 63 22 62
v 63 22 63
v 63 21 63
v 63 21 62
vn 1 0 0
f 4929//1233 4930//1233 4931//1233 4932//1233
v 63 22 63
v 62 22 63
v 62 21 63
v 63 21 63
vn 0 0 1
f 4933//1234 4934//1234 4935//1234 4936//1234
v 63 23 62
v 63 23 63
v 63 22 63
v 63 22 62
vn 1 0 0
f 4937//1235 4938//1235 4939//1235 4940//1235
v 63 23 63
v 62 23 63
v 62 22 63
v 63 22 63
vn 0 0 1
f 4941//1236 4942//1236 4943//1236 4944//1236
v 63 24 62
v 63 24 63
v 63 23 63
v 63 23 62
vn 1 0 0
f 4945//1237 4946//1237 4947//1237 4948//1237
v 63 24 63
v 62 24 63
v 62 23 63
v 63 23 63
vn 0 0 1
f 4949//1238 4950//1238 4951//1238 4952//1238
v 63 25 62
v 63 25 63
v 63 24 63
v 63 24 62
vn 1 0 0
f 4953//1239 4954//1239 4955//1239 4956//1239
v 63 25 63
v 62 25 63
v 62 24 63
v 63 24 63
vn 0 0 1
f 4957//1240 4958//1240 4959//1240 4960//1240
v 63 26 62
v 63 26 63
v 63 25 63
v 63 25 62
vn 1 0 0
f 4961//1241 4962//1241 4963//1241 4964//1241
v 63 26 63
v 62 26 63
v 62 25 63
v 63 25 63
vn 0 0 1
f 4965//1242 4966//1242 4967//1242 4968//1242
v 63 27 62
v 63 27 63
v 63 26 63
v 63 26 62
vn 1 0 0
f 4969//1243 4970//1243 4971//1243 4972//1243
v 63 27 63
v 62 27 63
v 62 26 63
v 63 26 63
vn 0 0 1
f 4973//1244 4974//1244 4975//1244 4976//1244
v 63 28 62
v 63 28 63
v 63 27 63
v 63 27 62
vn 1 0 0
f 4977//1245 4978//1245 4979//1245 4980//1245
v 63 28 63
v 62 28 63
v 62 27 63
v 63 27 63
vn 0 0 1
f 4981//1246 4982//1246 4983//1246 4984//1246
v 63 29 62
v 63 29 63
v 63 28 63
v 63 28 62
vn 1 0 0
f 4985//1247 4986//1247 4987//1247 4988//1247
v 63 29 63
v 62 29 63
v 62 28 63
v 63 28 63
vn 0 0 1
f 4989//1248 4990//1248 4991//1248 4992//1248
v 63 30 62
v 63 30 63
v 63 29 63
v 63 29 62
vn 1 0 0
f 4993//1249 4994//1249 4995//1249 4996//1249
v 63 30 63
v 62 30 63
v 62 29 63
v 63 29 63
vn 0 0 1
f 4997//1250 4998//1250 4999//1250 5000//1250
v 63 31 62
v 63 31 63
v 63 30 63
v 63 30 62
vn 1 0 0
f 5001//1251 5002//1251 5003//1251 5004//1251
v 63 31 63
v 62 31 63
v 62 30 63
v 63 30 63
vn 0 0 1
f 5005//1252 5006//1252 5007//1252 5008//1252
v 63 32 62
v 63 32 63
v 63 31 63
v 63 31 62
vn 1 0 0
f 5009//1253 5010//1253 5011//1253 5012//1253
v 63 32 63
v 62 32 63
v 62 31 63
v 63 31 63
vn 0 0 1
f 5013//1254 5014//1254 5015//1254 5016//1254
v 63 33 62
v 63 33 63
v 63 32 63
v 63 32 62
vn 1 0 0
f 5017//1255 5018//1255 5019//1255 5020//1255
v 63 33 63
v 62 33 63
v 62 32 63
v 63 32 63
vn 0 0 1
f 5021//1256 5022//1256 5023//1256 5024//1256
v 63 34 62
v 63 34 63
v 63 33 63
v 63 33 62
vn 1 0 0
f 5025//1257 5026//1257 5027//1257 5028//1257
v 63 34 63
v 62 34 63
v 62 33 63
v 63 33 63
vn 0 0 1
f 5029//1258 5030//1258 5031//1258 5032//1258
v 63 35 62
v 63 35 63
v 63 34 63
v 63 34 62
vn 1 0 0
f 5033//1259 5034//1259 5035//1259 5036//1259
v 63 35 63
v 62 35 63
v 62 34 63
v 63 34 63
vn 0 0 1
f 5037//1260 5038//1260 5039//1260 5040//1260
v 63 36 62
v 63 36 63
v 63 35 63
v 63 35 62
vn 1 0 0
f 5041//1261 5042//1261 5043//1261 5044//1261
v 63 36 63
v 62 36 63
v 62 35 63
v 63 35 63
vn 0 0 1
f 5045//1262 5046//1262 5047//1262 5048//1262
v 63 37 62
v 63 37 63
v 63 36 63
v 63 36 62
vn 1 0 0
f 5049//1263 5050//1263 5051//1263 5052//1263
v 63 37 63
v 62 37 63
v 62 36 63
v 63 36 63
vn 0 0 1
f 5053//1264 5054//1264 5055//1264 5056//1264
v 63 38 62
v 63 38 63
v 63 37 63
v 63 37 62
vn 1 0 0
f 5057//1265 5058//1265 5059//1265 5060//1265
v 63 38 63
v 62 38 63
v 62 37 63
v 63 37 63
vn 0 0 1
f 5061//1266 5062//1266 5063//1266 5064//1266
v 63 39 62
v 63 39 63
v 63 38 63
v 63 38 62
vn 1 0 0
f 5065//1267 5066//1267 5067//1267 5068//1267
v 63 39 63
v 62 39 63
v 62 38 63
v 63 38 63
vn 0 0 1
f 5069//1268 5070//1268 5071//1268 5072//1268
v 63 40 62
v 63 40 63
v 63 39 63
v 63 39 62
vn 1 0 0
f 5073//1269 5074//1269 5075//1269 5076//1269
v 63 40 63
v 62 40 63
v 62 39 63
v 63 39 63
vn 0 0 1
f 5077//1270 5078//1270 5079//1270 5080//1270
v 63 41 62
v 63 41 63
v 63 40 63
v 63 40 62
vn 1 0 0
f 5081//1271 5082//1271 5083//1271 5084//1271
v 63 41 63
v 62 41 63
v 62 40 63
v 63 40 63
vn 0 0 1
f 5085//1272 5086//1272 5087//1272 5088//1272
v 63 42 62
v 63 42 63
v 63 41 63
v 63 41 62
vn 1 0 0
f 5089//1273 5090//1273 5091//1273 5092//1273
v 63 42 63
v 62 42 63
v 62 41 63
v 63 41 63
vn 0 0 1
f 5093//1274 5094//1274 5095//1274 5096//1274
v 63 43 62
v 63 43 63
v 63 42 63
v 63 42 62
vn 1 0 0
f 5097//1275 5098//1275 5099//1275 5100//1275
v 63 43 63
v 62 43 63
v 62 42 63
v 63 42 63
vn 0 0 1
f 5101//1276 5102//1276 5103//1276 5104//1276
v 63 44 62
v 63 44 63
v 63 43 63
v 63 43 62
vn 1 0 0
f 5105//1277 5106//1277 5107//1277 5108//1277
v 63 44 63
v 62 44 63
v 62 43 63
v 63 43 63
vn 0 0 1
f 5109//1278 5110//1278 5111//1278 5112//1278
v 63 45 62
v 63 45 63
v 63 44 63
v 63 44 62
vn 1 0 0
f 5113//1279 5114//1279 5115//1279 5116//1279
v 63 45 63
v 62 45 63
v 62 44 63
v 63 44 63
vn 0 0 1
f 5117//1280 5118//1280 5119//1280 5120//1280
v 63 46 62
v 63 46 63
v 63 45 63
v 63 45 62
vn 1 0 0
f 5121//1281 5122//1281 5123//1281 5124//1281
v 63 46 63
v 62 46 63
v 62 45 63
v 63 45 63
vn 0 0 1
f 5125//1282 5126//1282 5127//1282 5128//1282
v 63 47 62
v 63 47 63
v 63 46 63
v 63 46 62
vn 1 0 0
f 5129//1283 5130//1283 5131//1283 5132//1283
v 63 47 63
v 62 47 63
v 62 46 63
v 63 46 63
vn 0 0 1
f 5133//1284 5134//1284 5135//1284 5136//1284
v 63 48 62
v 63 48 63
v 63 47 63
v 63 47 62
vn 1 0 0
f 5137//1285 5138//1285 5139//1285 5140//1285
v 63 48 63
v 62 48 63
v 62 47 63
v 63 47 63
vn 0 0 1
f 5141//1286 5142//1286 5143//1286 5144//1286
v 63 49 62
v 63 49 63
v 63 48 63
v 63 48 62
vn 1 0 0
f 5145//1287 5146//1287 5147//1287 5148//1287
v 63 49 63
v 62 49 63
v 62 48 63
v 63 48 63
vn 0 0 1
f 5149//1288 5150//1288 5151//1288 5152//1288
v 63 50 62
v 63 50 63
v 63 49 63
v 63 49 62
vn 1 0 0
f 5153//1289 5154//1289 5155//1289 5156//1289
v 63 50 63
v 62 50 63
v 62 49 63
v 63 49 63
vn 0 0 1
f 5157//1290 5158//1290 5159//1290 5160//1290
v 63 51 62
v 63 51 63
v 63 50 63
v 63 50 62
vn 1 0 0
f 5161//1291 5162//1291 5163//1291 5164//1291
v 63 51 63
v 62 51 63
v 62 50 63
v 63 50 63
vn 0 0 1
f 5165//1292 5166//1292 5167//1292 5168//1292
v 63 52 62
v 63 52 63
v 63 51 63
v 63 51 62
vn 1 0 0
f 5169//1293 5170//1293 5171//1293 5172//1293
v 63 52 63
v 62 52 63
v 62 51 63
v 63 51 63
vn 0 0 1
f 5173//1294 5174//1294 5175//1294 5176//1294
v 63 53 62
v 63 53 63
v 63 52 63
v 63 52 62
vn 1 0 0
f 5177//1295 5178//1295 5179//1295 5180//1295
v 63 53 63
v 62 53 63
v 62 52 63
v 63 52 63
vn 0 0 1
f 5181//1296 5182//1296 5183//1296 5184//1296
v 63 54 62
v 63 54 63
v 63 53 63
v 63 53 62
vn 1 0 0
f 5185//1297 5186//1297 5187//1297 5188//1297
v 63 54 63
v 62 54 63
v 62 53 63
v 63 53 63
vn 0 0 1
f 5189//1298 5190//1298 5191//1298 5192//1298
v 63 55 62
v 63 55 63
v 63 54 63
v 63 54 62
vn 1 0 0
f 5193//1299 5194//1299 5195//1299 5196//1299
v 63 55 63
v 62 55 63
v 62 54 63
v 63 54 63
vn 0 0 1
f 5197//1300 5198//1300 5199//1300 5200//1300
v 63 56 62
v 63 56 63
v 63 55 63
v 63 55 62
vn 1 0 0
f 5201//1301 5202//1301 5203//1301 5204//1301
v 63 56 63
v 62 56 63
v 62 55 63
v 63 55 63
vn 0 0 1
f 5205//1302 5206//1302 5207//1302 5208//1302
v 63 57 62
v 63 57 63
v 63 56 63
v 63 56 62
vn 1 0 0
f 5209//1303 5210//1303 5211//1303 5212//1303
v 63 57 63
v 62 57 63
v 62 56 63
v 63 56 63
vn 0 0 1
f 5213//1304 5214//1304 5215//1304 5216//1304
v 63 58 62
v 63 58 63
v 63 57 63
v 63 57 62
vn 1 0 0
f 5217//1305 5218//1305 5219//1305 5220//1305
v 63 58 63
v 62 58 63
v 62 57 63
v 63 57 63
vn 0 0 1
f 5221//1306 5222//1306 5223//1306 5224//1306
v 63 59 62
v 63 59 63
v 63 58 63
v 63 58 62
vn 1 0 0
f 5225//1307 5226//1307 5227//1307 5228//1307
v 63 59 63
v 62 59 63
v 62 58 63
v 63 58 63
vn 0 0 1
f 5229//1308 5230//1308 5231//1308 5232//1308
v 63 60 62
v 63 60 63
v 63 59 63
v 63 59 62
vn 1 0 0
f 5233//1309 5234//1309 5235//1309 5236//1309
v 63 60 63
v 62 60 63
v 62 59 63
v 63 59 63
vn 0 0 1
f 5237//1310 5238//1310 5239//1310 5240//1310
v 62 61 63
v 63 61 63
v 63 61 62
v 62 61 62
vn 0 1 0
f 5241//1311 5242//1311 5243//1311 5244//1311
v 62 93 61
v 62 93 62
v 62 92 62
v 62 92 61
vn 1 0 0
f 5245//1312 5246//1312 5247//1312 5248//1312
v 61 92 61
v 61 92 62
v 61 93 62
v 61 93 61
vn -1 0 0
f 5249//1313 5250//1313 5251//1313 5252//1313
v 62 93 62
v 61 93 62
v 61 92 62
v 62 92 62
vn 0 0 1
f 5253//1314 5254//1314 5255//1314 5256//1314
v 61 93 61
v 62 93 61
v 62 92 61
v 61 92 61
vn 0 0 -1
f 5257//1315 5258//1315 5259//1315 5260//1315
v 62 94 61
v 62 94 62
v 62 93 62
v 62 93 61
vn 1 0 0
f 5261//1316 5262//1316 5263//1316 5264//1316
v 61 93 61
v 61 93 62
v 61 94 62
v 61 94 61
vn -1 0 0
f 5265//1317 5266//1317 5267//1317 5268//1317
v 62 94 62
v 61 94 62
v 61 93 62
v 62 93 62
vn 0 0 1
f 5269//1318 5270//1318 5271//1318 5272//1318
v 61 94 61
v 62 94 61
v 62 93 61
v 61 93 61
vn 0 0 -1
f 5273//1319 5274//1319 5275//1319 5276//1319
v 62 95 61
v 62 95 62
v 62 94 62
v 62 94 61
vn 1 0 0
f 5277//1320 5278//1320 5279//1320 5280//1320
v 61 94 61
v 61 94 62
v 61 95 62
v 61 95 61
vn -1 0 0
f 5281//1321 5282//1321 5283//1321 5284//1321
v 62 95 62
v 61 95 62
v 61 94 62
v 62 94 62
vn 0 0 1
f 5285//1322 5286//1322 5287//1322 5288//1322
v 61 95 61
v 62 95 61
v 62 94 61
v 61 94 61
vn 0 0 -1
f 5289//1323 5290//1323 5291//1323 5292//1323
v 62 97 61
v 62 97 62
v 62 96 62
v 62 96 61
vn 1 0 0
f 5293//1324 5294//1324 5295//1324 5296//1324
v 61 96 61
v 61 96 62
v 61 97 62
v 61 97 61
vn -1 0 0
f 5297//1325 5298//1325 5299//1325 5300//1325
v 62 97 62
v 61 97 62
v 61 96 62
v 62 96 62
vn 0 0 1
f 5301//1326 5302//1326 5303//1326 5304//1326
v 61 97 61
v 62 97 61
v 62 96 61
v 61 96 61
vn 0 0 -1
f 5305//1327 5306//1327 5307//1327 5308//1327
v 62 98 61
v 62 98 62
v 62 97 62
v 62 97 61
vn 1 0 0
f 5309//1328 5310//1328 5311//1328 5312//1328
v 61 97 61
v 61 97 62
v 61 98 62
v 61 98 61
vn -1 0 0
f 5313//1329 5314//1329 5315//1329 5316//1329
v 62 98 62
v 61 98 62
v 61 97 62
v 62 97 62
vn 0 0 1
f 5317//1330 5318//1330 5319//1330 5320//1330
v 61 98 61
v 62 98 61
v 62 97 61
v 61 97 61
vn 0 0 -1
f 5321//1331 5322//1331 5323//1331 5324//1331
v 62 99 61
v 62 99 62
v 62 98 62
v 62 98 61
vn 1 0 0
f 5325//1332 5326//1332 5327//1332 5328//1332
v 61 98 61
v 61 98 62
v 61 99 62
v 61 99 61
vn -1 0 0
f 5329//1333 5330//1333 5331//1333 5332//1333
v 62 99 62
v 61 99 62
v 61 98 62
v 62 98 62
vn 0 0 1
f 5333//1334 5334//1334 5335//1334 5336//1334
v 61 99 61
v 62 99 61
v 62 98 61
v 61 98 61
vn 0 0 -1
f 5337//1335 5338//1335 5339//1335 5340//1335
v 62 100 61
v 62 100 62
v 62 99 62
v 62 99 61
vn 1 0 0
f 5341//1336 5342//1336 5343//1336 5344//1336
v 61 99 61
v 61 99 62
v 61 100 62
v 61 100 61
vn -1 0 0
f 5345//1337 5346//1337 5347//1337 5348//1337
v 62 100 62
v 61 100 62
v 61 99 62
v 62 99 62
vn 0 0 1
f 5349//1338 5350//1338 5351//1338 5352//1338
v 61 100 61
v 62 100 61
v 62 99 61
v 61 99 61
vn 0 0 -1
f 5353//1339 5354//1339 5355//1339 5356//1339
v 62 101 61
v 62 101 62
v 62 100 62
v 62 100 61
vn 1 0 0
f 5357//1340 5358//1340 5359//1340 5360//1340
v 61 100 61
v 61 100 62
v 61 101 62
v 61 101 61
vn -1 0 0
f 5361//1341 5362//1341 5363//1341 5364//1341
v 62 101 62
v 61 101 62
v 61 100 62
v 62 100 62
vn 0 0 1
f 5365//1342 5366//1342 5367//1342 5368//1342
v 61 101 61
v 62 101 61
v 62 100 61
v 61 100 61
vn 0 0 -1
f 5369//1343 5370//1343 5371//1343 5372//1343
v 51 60 51
v 51 60 52
v 51 61 52
v 51 61 51
vn -1 0 0
f 5373//1344 5374//1344 5375//1344 5376//1344
v 51 61 51
v 52 61 51
v 52 60 51
v 51 60 51
vn 0 0 -1
f 5377//1345 5378//1345 5379//1345 5380//1345
v 51 61 52
v 52 61 52
v 52 61 51
v 51 61 51
vn 0 1 0
f 5381//1346 5382//1346 5383//1346 5384//1346
v 51 60 51
v 52 60 51
v 52 60 52
v 51 60 52
vn 0 -1 0
f 5385//1347 5386//1347 5387//1347 5388//1347
v 51 60 52
v 51 60 53
v 51 61 53
v 51 61 52
vn -1 0 0
f 5389//1348 5390//1348 5391//1348 5392//1348
v 51 61 53
v 52 61 53
v 52 61 52
v 51 61 52
vn 0 1 0
f 5393//1349 5394//1349 5395//1349 5396//1349
v 51 60 52
v 52 60 52
v 52 60 53
v 51 60 53
vn 0 -1 0
f 5397//1350 5398//1350 5399//1350 5400//1350
v 51 60 53
v 51 60 54
v 51 61 54
v 51 61 53
vn -1 0 0
f 5401//1351 5402//1351 5403//1351 5404//1351
v 51 61 54
v 52 61 54
v 52 61 53
v 51 61 53
vn 0 1 0
f 5405//1352 5406//1352 5407//1352 5408//1352
v 51 60 53
v 52 60 53
v 52 60 54
v 51 60 54
vn 0 -1 0
f 5409//1353 5410//1353 5411//1353 5412//1353
v 51 60 54
v 51 60 55
v 51 61 55
v 51 61 54
vn -1 0 0
f 5413//1354 5414//1354 5415//1354 5416//1354
v 51 61 55
v 52 61 55
v 52 61 54
v 51 61 54
vn 0 1 0
f 5417//1355 5418//1355 5419//1355 5420//1355
v 51 60 54
v 52 60 54
v 52 60 55
v 51 60 55
vn 0 -1 0
f 5421//1356 5422//1356 5423//1356 5424//1356
v 51 60 55
v 51 60 56
v 51 61 56
v 51 61 55
vn -1 0 0
f 5425//1357 5426//1357 5427//1357 5428//1357
v 51 61 56
v 52 61 56
v 52 61 55
v 51 61 55
vn 0 1 0
f 5429//1358 5430//1358 5431//1358 5432//1358
v 51 60 55
v 52 60 55
v 52 60 56
v 51 60 56
vn 0 -1 0
f 5433//1359 5434//1359 5435//1359 5436//1359
v 51 60 56
v 51 60 57
v 51 61 57
v 51 61 56
vn -1 0 0
f 5437//1360 5438//1360 5439//1360 5440//1360
v 51 61 57
v 52 61 57
v 52 61 56
v 51 61 56
vn 0 1 0
f 5441//1361 5442//1361 5443//1361 5444//1361
v 51 60 56
v 52 60 56
v 52 60 57
v 51 60 57
vn 0 -1 0
f 5445//1362 5446//1362 5447//1362 5448//1362
v 51 60 57
v 51 60 58
v 51 61 58
v 51 61 57
vn -1 0 0
f 5449//1363 5450//1363 5451//1363 5452//1363
v 51 61 58
v 52 61 58
v 52 61 57
v 51 61 57
vn 0 1 0
f 5453//1364 5454//1364 5455//1364 5456//1364
v 51 60 57
v 52 60 57
v 52 60 58
v 51 60 58
vn 0 -1 0
f 5457//1365 5458//1365 5459//1365 5460//1365
v 51 60 58
v 51 60 59
v 51 61 59
v 51 61 58
vn -1 0 0
f 5461//1366 5462//1366 5463//1366 5464//1366
v 51 61 59
v 52 61 59
v 52 61 58
v 51 61 58
vn 0 1 0
f 5465//1367 5466//1367 5467//1367 5468//1367
v 51 60 58
v 52 60 58
v 52 60 59
v 51 60 59
vn 0 -1 0
f 5469//1368 5470//1368 5471//1368 5472//1368
v 51 60 59
v 51 60 60
v 51 61 60
v 51 61 59
vn -1 0 0
f 5473//1369 5474//1369 5475//1369 5476//1369
v 51 61 60
v 52 61 60
v 52 61 59
v 51 61 59
vn 0 1 0
f 5477//1370 5478//1370 5479//1370 5480//1370
v 51 60 59
v 52 60 59
v 52 60 60
v 51 60 60
vn 0 -1 0
f 5481//1371 5482//1371 5483//1371 5484//1371
v 51 60 60
v 51 60 61
v 51 61 61
v 51 61 60
vn -1 0 0
f 5485//1372 5486//1372 5487//1372 5488//1372
v 51 61 61
v 52 61 61
v 52 61 60
v 51 61 60
vn 0 1 0
f 5489//1373 5490//1373 5491//1373 5492//1373
v 51 60 60
v 52 60 60
v 52 60 61
v 51 60 61
vn 0 -1 0
f 5493//1374 5494//1374 5495//1374 5496//1374
v 51 60 61
v 51 60 62
v 51 61 62
v 51 61 61
vn -1 0 0
f 5497//1375 5498//1375 5499//1375 5500//1375
v 51 61 62
v 52 61 62
v 52 61 61
v 51 61 61
vn 0 1 0
f 5501//1376 5502//1376 5503//1376 5504//1376
v 51 60 61
v 52 60 61
v 52 60 62
v 51 60 62
vn 0 -1 0
f 5505//1377 5506//1377 5507//1377 5508//1377
v 51 60 62
v 51 60 63
v 51 61 63
v 51 61 62
vn -1 0 0
f 5509//1378 5510//1378 5511//1378 5512//1378
v 51 61 63
v 52 61 63
v 52 61 62
v 51 61 62
vn 0 1 0
f 5513//1379 5514//1379 5515//1379 5516//1379
v 51 60 62
v 52 60 62
v 52 60 63
v 51 60 63
vn 0 -1 0
f 5517//1380 5518//1380 5519//1380 5520//1380
v 51 60 63
v 51 60 64
v 51 61 64
v 51 61 63
vn -1 0 0
f 5521//1381 5522//1381 5523//1381 5524//1381
v 51 61 64
v 52 61 64
v 52 61 63
v 51 61 63
vn 0 1 0
f 5525//1382 5526//1382 5527//1382 5528//1382
v 51 60 63
v 52 60 63
v 52 60 64
v 51 60 64
vn 0 -1 0
f 5529//1383 5530//1383 5531//1383 5532//1383
v 51 60 64
v 51 60 65
v 51 61 65
v 51 61 64
vn -1 0 0
f 5533//1384 5534//1384 5535//1384 5536//1384
v 51 61 65
v 52 61 65
v 52 61 64
v 51 61 64
vn 0 1 0
f 5537//1385 5538//1385 5539//1385 5540//1385
v 51 60 64
v 52 60 64
v 52 60 65
v 51 60 65
vn 0 -1 0
f 5541//1386 5542//1386 5543//1386 5544//1386
v 51 60 65
v 51 60 66
v 51 61 66
v 51 61 65
vn -1 0 0
f 5545//1387 5546//1387 5547//1387 5548//1387
v 51 61 66
v 52 61 66
v 52 61 65
v 51 61 65
vn 0 1 0
f 5549//1388 5550//1388 5551//1388 5552//1388
v 51 60 65
v 52 60 65
v 52 60 66
v 51 60 66
vn 0 -1 0
f 5553//1389 5554//1389 5555//1389 5556//1389
v 51 60 66
v 51 60 67
v 51 61 67
v 51 61 66
vn -1 0 0
f 5557//1390 5558//1390 5559//1390 5560//1390
v 51 61 67
v 52 61 67
v 52 61 66
v 51 61 66
vn 0 1 0
f 5561//1391 5562//1391 5563//1391 5564//1391
v 51 60 66
v 52 60 66
v 52 60 67
v 51 60 67
vn 0 -1 0
f 5565//1392 5566//1392 5567//1392 5568//1392
v 51 60 67
v 51 60 68
v 51 61 68
v 51 61 67
vn -1 0 0
f 5569//1393 5570//1393 5571//1393 5572//1393
v 51 61 68
v 52 61 68
v 52 61 67
v 51 61 67
vn 0 1 0
f 5573//1394 5574//1394 5575//1394 5576//1394
v 51 60 67
v 52 60 67
v 52 60 68
v 51 60 68
vn 0 -1 0
f 5577//1395 5578//1395 5579//1395 5580//1395
v 51 60 68
v 51 60 69
v 51 61 69
v 51 61 68
vn -1 0 0
f 5581//1396 5582//1396 5583//1396 5584//1396
v 51 61 69
v 52 61 69
v 52 61 68
v 51 61 68
vn 0 1 0
f 5585//1397 5586//1397 5587//1397 5588//1397
v 51 60 68
v 52 60 68
v 52 60 69
v 51 60 69
vn 0 -1 0
f 5589//1398 5590//1398 5591//1398 5592//1398
v 51 60 69
v 51 60 70
v 51 61 70
v 51 61 69
vn -1 0 0
f 5593//1399 5594//1399 5595//1399 5596//1399
v 51 61 70
v 52 61 70
v 52 61 69
v 51 61 69
vn 0 1 0
f 5597//1400 5598//1400 5599//1400 5600//1400
v 51 60 69
v 52 60 69
v 52 60 70
v 51 60 70
vn 0 -1 0
f 5601//1401 5602//1401 5603//1401 5604//1401
v 51 60 70
v 51 60 71
v 51 61 71
v 51 61 70
vn -1 0 0
f 5605//1402 5606//1402 5607//1402 5608//1402
v 51 61 71
v 52 61 71
v 52 61 70
v 51 61 70
vn 0 1 0
f 5609//1403 5610//1403 5611//1403 5612//1403
v 51 60 70
v 52 60 70
v 52 60 71
v 51 60 71
vn 0 -1 0
f 5613//1404 5614//1404 5615//1404 5616//1404
v 51 60 71
v 51 60 72
v 51 61 72
v 51 61 71
vn -1 0 0
f 5617//1405 5618//1405 5619//1405 5620//1405
v 52 61 72
v 51 61 72
v 51 60 72
v 52 60 72
vn 0 0 1
f 5621//1406 5622//1406 5623//1406 5624//1406
v 51 61 72
v 52 61 72
v 52 61 71
v 51 61 71
vn 0 1 0
f 5625//1407 5626//1407 5627//1407 5628//1407
v 51 60 71
v 52 60 71
v 52 60 72
v 51 60 72
vn 0 -1 0
f 5629//1408 5630//1408 5631//1408 5632//1408
v 52 61 51
v 53 61 51
v 53 60 51
v 52 60 51
vn 0 0 -1
f 5633//1409 5634//1409 5635//1409 5636//1409
v 52 61 52
v 53 61 52
v 53 61 51
v 52 61 51
vn 0 1 0
f 5637//1410 5638//1410 5639//1410 5640//1410
v 52 60 51
v 53 60 51
v 53 60 52
v 52 60 52
vn 0 -1 0
f 5641//1411 5642//1411 5643//1411 5644//1411
v 52 61 53
v 53 61 53
v 53 61 52
v 52 61 52
vn 0 1 0
f 5645//1412 5646//1412 5647//1412 5648//1412
v 52 60 52
v 53 60 52
v 53 60 53
v 52 60 53
vn 0 -1 0
f 5649//1413 5650//1413 5651//1413 5652//1413
v 52 61 54
v 53 61 54
v 53 61 53
v 52 61 53
vn 0 1 0
f 5653//1414 5654//1414 5655//1414 5656//1414
v 52 60 53
v 53 60 53
v 53 60 54
v 52 60 54
vn 0 -1 0
f 5657//1415 5658//1415 5659//1415 5660//1415
v 52 61 55
v 53 61 55
v 53 61 54
v 52 61 54
vn 0 1 0
f 5661//1416 5662//1416 5663//1416 5664//1416
v 52 60 54
v 53 60 54
v 53 60 55
v 52 60 55
vn 0 -1 0
f 5665//1417 5666//1417 5667//1417 5668//1417
v 52 61 56
v 53 61 56
v 53 61 55
v 52 61 55
vn 0 1 0
f 5669//1418 5670//1418 5671//1418 5672//1418
v 52 60 55
v 53 60 55
v 53 60 56
v 52 60 56
vn 0 -1 0
f 5673//1419 5674//1419 5675//1419 5676//1419
v 52 61 57
v 53 61 57
v 53 61 56
v 52 61 56
vn 0 1 0
f 5677//1420 5678//1420 5679//1420 5680//1420
v 52 60 56
v 53 60 56
v 53 60 57
v 52 60 57
vn 0 -1 0
f 5681//1421 5682//1421 5683//1421 5684//1421
v 52 61 58
v 53 61 58
v 53 61 57
v 52 61 57
vn 0 1 0
f 5685//1422 5686//1422 5687//1422 5688//1422
v 52 60 57
v 53 60 57
v 53 60 58
v 52 60 58
vn 0 -1 0
f 5689//1423 5690//1423 5691//1423 5692//1423
v 52 61 59
v 53 61 59
v 53 61 58
v 52 61 58
vn 0 1 0
f 5693//1424 5694//1424 5695//1424 5696//1424
v 52 60 58
v 53 60 58
v 53 60 59
v 52 60 59
vn 0 -1 0
f 5697//1425 5698//1425 5699//1425 5700//1425
v 52 61 60
v 53 61 60
v 53 61 59
v 52 61 59
vn 0 1 0
f 5701//1426 5702//1426 5703//1426 5704//1426
v 52 60 59
v 53 60 59
v 53 60 60
v 52 60 60
vn 0 -1 0
f 5705//1427 5706//1427 5707//1427 5708//1427
v 52 61 61
v 53 61 61
v 53 61 60
v 52 61 60
vn 0 1 0
f 5709//1428 5710//1428 5711//1428 5712//1428
v 52 60 60
v 53 60 60
v 53 60 61
v 52 60 61
vn 0 -1 0
f 5713//1429 5714//1429 5715//1429 5716//1429
v 52 61 62
v 53 61 62
v 53 61 61
v 52 61 61
vn 0 1 0
f 5717//1430 5718//1430 5719//1430 5720//1430
v 52 60 61
v 53 60 61
v 53 60 62
v 52 60 62
vn 0 -1 0
f 5721//1431 5722//1431 5723//1431 5724//1431
v 52 61 63
v 53 61 63
v 53 61 62
v 52 61 62
vn 0 1 0
f 5725//1432 5726//1432 5727//1432 5728//1432
v 52 60 62
v 53 60 62
v 53 60 63
v 52 60 63
vn 0 -1 0
f 5729//1433 5730//1433 5731//1433 5732//1433
v 52 61 64
v 53 61 64
v 53 61 63
v 52 61 63
vn 0 1 0
f 5733//1434 5734//1434 5735//1434 5736//1434
v 52 60 63
v 53 60 63
v 53 60 64
v 52 60 64
vn 0 -1 0
f 5737//1435 5738//1435 5739//1435 5740//1435
v 52 61 65
v 53 61 65
v 53 61 64
v 52 61 64
vn 0 1 0
f 5741//1436 5742//1436 5743//1436 5744//1436
v 52 60 64
v 53 60 64
v 53 60 65
v 52 60 65
vn 0 -1 0
f 5745//1437 5746//1437 5747//1437 5748//1437
v 52 61 66
v 53 61 66
v 53 61 65
v 52 61 65
vn 0 1 0
f 5749//1438 5750//1438 5751//1438 5752//1438
v 52 60 65
v 53 60 65
v 53 60 66
v 52 60 66
vn 0 -1 0
f 5753//1439 5754//1439 5755//1439 5756//1439
v 52 61 67
v 53 61 67
v 53 61 66
v 52 61 66
vn 0 1 0
f 5757//1440 5758//1440 5759//1440 5760//1440
v 52 60 66
v 53 60 66
v 53 60 67
v 52 60 67
vn 0 -1 0
f 5761//1441 5762//1441 5763//1441 5764//1441
v 52 61 68
v 53 61 68
v 53 61 67
v 52 61 67
vn 0 1 0
f 5765//1442 5766//1442 5767//1442 5768//1442
v 52 60 67
v 53 60 67
v 53 60 68
v 52 60 68
vn 0 -1 0
f 5769//1443 5770//1443 5771//1443 5772//1443
v 52 61 69
v 53 61 69
v 53 61 68
v 52 61 68
vn 0 1 0
f 5773//1444 5774//1444 5775//1444 5776//1444
v 52 60 68
v 53 60 68
v 53 60 69
v 52 60 69
vn 0 -1 0
f 5777//1445 5778//1445 5779//1445 5780//1445
v 52 61 70
v 53 61 70
v 53 61 69
v 52 61 69
vn 0 1 0
f 5781//1446 5782//1446 5783//1446 5784//1446
v 52 60 69
v 53 60 69
v 53 60 70
v 52 60 70
vn 0 -1 0
f 5785//1447 5786//1447 5787//1447 5788//1447
v 52 61 71
v 53 61 71
v 53 61 70
v 52 61 70
vn 0 1 0
f 5789//1448 5790//1448 5791//1448 5792//1448
v 52 60 70
v 53 60 70
v 53 60 71
v 52 60 71
vn 0 -1 0
f 5793//1449 5794//1449 5795//1449 5796//1449
v 53 61 72
v 52 61 72
v 52 60 72
v 53 60 72
vn 0 0 1
f 5797//1450 5798//1450 5799//1450 5800//1450
v 52 61 72
v 53 61 72
v 53 61 71
v 52 61 71
vn 0 1 0
f 5801//1451 5802//1451 5803//1451 5804//1451
v 52 60 71
v 53 60 71
v 53 60 72
v 52 60 72
vn 0 -1 0
f 5805//1452 5806//1452 5807//1452 5808//1452
v 53 61 51
v 54 61 51
v 54 60 51
v 53 60 51
vn 0 0 -1
f 5809//1453 5810//1453 5811//1453 5812//1453
v 53 61 52
v 54 61 52
v 54 61 51
v 53 61 51
vn 0 1 0
f 5813//1454 5814//1454 5815//1454 5816//1454
v 53 60 51
v 54 60 51
v 54 60 52
v 53 60 52
vn 0 -1 0
f 5817//1455 5818//1455 5819//1455 5820//1455
v 53 61 53
v 54 61 53
v 54 61 52
v 53 61 52
vn 0 1 0
f 5821//1456 5822//1456 5823//1456 5824//1456
v 53 60 52
v 54 60 52
v 54 60 53
v 53 60 53
vn 0 -1 0
f 5825//1457 5826//1457 5827//1457 5828//1457
v 53 61 54
v 54 61 54
v 54 61 53
v 53 61 53
vn 0 1 0
f 5829//1458 5830//1458 5831//1458 5832//1458
v 53 60 53
v 54 60 53
v 54 60 54
v 53 60 54
vn 0 -1 0
f 5833//1459 5834//1459 5835//1459 5836//1459
v 53 61 55
v 54 61 55
v 54 61 54
v 53 61 54
vn 0 1 0
f 5837//1460 5838//1460 5839//1460 5840//1460
v 53 60 54
v 54 60 54
v 54 60 55
v 53 60 55
vn 0 -1 0
f 5841//1461 5842//1461 5843//1461 5844//1461
v 53 61 56
v 54 61 56
v 54 61 55
v 53 61 55
vn 0 1 0
f 5845//1462 5846//1462 5847//1462 5848//1462
v 53 60 55
v 54 60 55
v 54 60 56
v 53 60 56
vn 0 -1 0
f 5849//1463 5850//1463 5851//1463 5852//1463
v 53 61 57
v 54 61 57
v 54 61 56
v 53 61 56
vn 0 1 0
f 5853//1464 5854//1464 5855//1464 5856//1464
v 53 60 56
v 54 60 56
v 54 60 57
v 53 60 57
vn 0 -1 0
f 5857//1465 5858//1465 5859//1465 5860//1465
v 53 61 58
v 54 61 58
v 54 61 57
v 53 61 57
vn 0 1 0
f 5861//1466 5862//1466 5863//1466 5864//1466
v 53 60 57
v 54 60 57
v 54 60 58
v 53 60 58
vn 0 -1 0
f 5865//1467 5866//1467 5867//1467 5868//1467
v 53 61 59
v 54 61 59
v 54 61 58
v 53 61 58
vn 0 1 0
f 5869//1468 5870//1468 5871//1468 5872//1468
v 53 60 58
v 54 60 58
v 54 60 59
v 53 60 59
vn 0 -1 0
f 5873//1469 5874//1469 5875//1469 5876//1469
v 53 61 60
v 54 61 60
v 54 61 59
v 53 61 59
vn 0 1 0
f 5877//1470 5878//1470 5879//1470 5880//1470
v 53 60 59
v 54 60 59
v 54 60 60
v 53 60 60
vn 0 -1 0
f 5881//1471 5882//1471 5883//1471 5884//1471
v 53 61 61
v 54 61 61
v 54 61 60
v 53 61 60
vn 0 1 0
f 5885//1472 5886//1472 5887//1472 5888//1472
v 53 60 60
v 54 60 60
v 54 60 61
v 53 60 61
vn 0 -1 0
f 5889//1473 5890//1473 5891//1473 5892//1473
v 53 61 62
v 54 61 62
v 54 61 61
v 53 61 61
vn 0 1 0
f 5893//1474 5894//1474 5895//1474 5896//1474
v 53 60 61
v 54 60 61
v 54 60 62
v 53 60 62
vn 0 -1 0
f 5897//1475 5898//1475 5899//1475 5900//1475
v 53 61 63
v 54 61 63
v 54 61 62
v 53 61 62
vn 0 1 0
f 5901//1476 5902//1476 5903//1476 5904//1476
v 53 60 62
v 54 60 62
v 54 60 63
v 53 60 63
vn 0 -1 0
f 5905//1477 5906//1477 5907//1477 5908//1477
v 53 61 64
v 54 61 64
v 54 61 63
v 53 61 63
vn 0 1 0
f 5909//1478 5910//1478 5911//1478 5912//1478
v 53 60 63
v 54 60 63
v 54 60 64
v 53 60 64
vn 0 -1 0
f 5913//1479 5914//1479 5915//1479 5916//1479
v 53 61 65
v 54 61 65
v 54 61 64
v 53 61 64
vn 0 1 0
f 5917//1480 5918//1480 5919//1480 5920//1480
v 53 60 64
v 54 60 64
v 54 60 65
v 53 60 65
vn 0 -1 0
f 5921//1481 5922//1481 5923//1481 5924//1481
v 53 61 66
v 54 61 66
v 54 61 65
v 53 61 65
vn 0 1 0
f 5925//1482 5926//1482 5927//1482 5928//1482
v 53 60 65
v 54 60 65
v 54 60 66
v 53 60 66
vn 0 -1 0
f 5929//1483 5930//1483 5931//1483 5932//1483
v 53 61 67
v 54 61 67
v 54 61 66
v 53 61 66
vn 0 1 0
f 5933//1484 5934//1484 5935//1484 5936//1484
v 53 60 66
v 54 60 66
v 54 60 67
v 53 60 67
vn 0 -1 0
f 5937//1485 5938//1485 5939//1485 5940//1485
v 53 61 68
v 54 61 68
v 54 61 67
v 53 61 67
vn 0 1 0
f 5941//1486 5942//1486 5943//1486 5944//1486
v 53 60 67
v 54 60 67
v 54 60 68
v 53 60 68
vn 0 -1 0
f 5945//1487 5946//1487 5947//1487 5948//1487
v 53 61 69
v 54 61 69
v 54 61 68
v 53 61 68
vn 0 1 0
f 5949//1488 5950//1488 5951//1488 5952//1488
v 53 60 68
v 54 60 68
v 54 60 69
v 53 60 69
vn 0 -1 0
f 5953//1489 5954//1489 5955//1489 5956//1489
v 53 61 70
v 54 61 70
v 54 61 69
v 53 61 69
vn 0 1 0
f 5957//1490 5958//1490 5959//1490 5960//1490
v 53 60 69
v 54 60 69
v 54 60 70
v 53 60 70
vn 0 -1 0
f 5961//1491 5962//1491 5963//1491 5964//1491
v 53 61 71
v 54 61 71
v 54 61 70
v 53 61 70
vn 0 1 0
f 5965//1492 5966//1492 5967//1492 5968//1492
v 53 60 70
v 54 60 70
v 54 60 71
v 53 60 71
vn 0 -1 0
f 5969//1493 5970//1493 5971//1493 5972//1493
v 54 61 72
v 53 61 72
v 53 60 72
v 54 60 72
vn 0 0 1
f 5973//1494 5974//1494 5975//1494 5976//1494
v 53 61 72
v 54 61 72
v 54 61 71
v 53 61 71
vn 0 1 0
f 5977//1495 5978//1495 5979//1495 5980//1495
v 53 60 71
v 54 60 71
v 54 60 72
v 53 60 72
vn 0 -1 0
f 5981//1496 5982//1496 5983//1496 5984//1496
v 54 61 51
v 55 61 51
v 55 60 51
v 54 60 51
vn 0 0 -1
f 5985//1497 5986//1497 5987//1497 5988//1497
v 54 61 52
v 55 61 52
v 55 61 51
v 54 61 51
vn 0 1 0
f 5989//1498 5990//1498 5991//1498 5992//1498
v 54 60 51
v 55 60 51
v 55 60 52
v 54 60 52
vn 0 -1 0
f 5993//1499 5994//1499 5995//1499 5996//1499
v 54 61 53
v 55 61 53
v 55 61 52
v 54 61 52
vn 0 1 0
f 5997//1500 5998//1500 5999//1500 6000//1500
v 54 60 52
v 55 60 52
v 55 60 53
v 54 60 53
vn 0 -1 0
f 6001//1501 6002//1501 6003//1501 6004//1501
v 54 61 54
v 55 61 54
v 55 61 53
v 54 61 53
vn 0 1 0
f 6005//1502 6006//1502 6007//1502 6008//1502
v 54 60 53
v 55 60 53
v 55 60 54
v 54 60 54
vn 0 -1 0
f 6009//1503 6010//1503 6011//1503 6012//1503
v 54 61 55
v 55 61 55
v 55 61 54
v 54 61 54
vn 0 1 0
f 6013//1504 6014//1504 6015//1504 6016//1504
v 54 60 54
v 55 60 54
v 55 60 55
v 54 60 55
vn 0 -1 0
f 6017//1505 6018//1505 6019//1505 6020//1505
v 54 61 56
v 55 61 56
v 55 61 55
v 54 61 55
vn 0 1 0
f 6021//1506 6022//1506 6023//1506 6024//1506
v 54 60 55
v 55 60 55
v 55 60 56
v 54 60 56
vn 0 -1 0
f 6025//1507 6026//1507 6027//1507 6028//1507
v 54 61 57
v 55 61 57
v 55 61 56
v 54 61 56
vn 0 1 0
f 6029//1508 6030//1508 6031//1508 6032//1508
v 54 60 56
v 55 60 56
v 55 60 57
v 54 60 57
vn 0 -1 0
f 6033//1509 6034//1509 6035//1509 6036//1509
v 54 61 58
v 55 61 58
v 55 61 57
v 54 61 57
vn 0 1 0
f 6037//1510 6038//1510 6039//1510 6040//1510
v 54 60 57
v 55 60 57
v 55 60 58
v 54 60 58
vn 0 -1 0
f 6041//1511 6042//1511 6043//1511 6044//1511
v 54 61 59
v 55 61 59
v 55 61 58
v 54 61 58
vn 0 1 0
f 6045//1512 6046//1512 6047//1512 6048//1512
v 54 60 58
v 55 60 58
v 55 60 59
v 54 60 59
vn 0 -1 0
f 6049//1513 6050//1513 6051//1513 6052//1513
v 54 61 60
v 55 61 60
v 55 61 59
v 54 61 59
vn 0 1 0
f 6053//1514 6054//1514 6055//1514 6056//1514
v 54 60 59
v 55 60 59
v 55 60 60
v 54 60 60
vn 0 -1 0
f 6057//1515 6058//1515 6059//1515 6060//1515
v 54 61 61
v 55 61 61
v 55 61 60
v 54 61 60
vn 0 1 0
f 6061//1516 6062//1516 6063//1516 6064//1516
v 54 60 60
v 55 60 60
v 55 60 61
v 54 60 61
vn 0 -1 0
f 6065//1517 6066//1517 6067//1517 6068//1517
v 54 61 62
v 55 61 62
v 55 61 61
v 54 61 61
vn 0 1 0
f 6069//1518 6070//1518 6071//1518 6072//1518
v 54 60 61
v 55 60 61
v 55 60 62
v 54 60 62
vn 0 -1 0
f 6073//1519 6074//1519 6075//1519 6076//1519
v 54 61 63
v 55 61 63
v 55 61 62
v 54 61 62
vn 0 1 0
f 6077//1520 6078//1520 6079//1520 6080//1520
v 54 60 62
v 55 60 62
v 55 60 63
v 54 60 63
vn 0 -1 0
f 6081//1521 6082//1521 6083//1521 6084//1521
v 54 61 64
v 55 61 64
v 55 61 63
v 54 61 63
vn 0 1 0
f 6085//1522 6086//1522 6087//1522 6088//1522
v 54 60 63
v 55 60 63
v 55 60 64
v 54 60 64
vn 0 -1 0
f 6089//1523 6090//1523 6091//1523 6092//1523
v 54 61 65
v 55 61 65
v 55 61 64
v 54 61 64
vn 0 1 0
f 6093//1524 6094//1524 6095//1524 6096//1524
v 54 60 64
v 55 60 64
v 55 60 65
v 54 60 65
vn 0 -1 0
f 6097//1525 6098//1525 6099//1525 6100//1525
v 54 61 66
v 55 61 66
v 55 61 65
v 54 61 65
vn 0 1 0
f 6101//1526 6102//1526 6103//1526 6104//1526
v 54 60 65
v 55 60 65
v 55 60 66
v 54 60 66
vn 0 -1 0
f 6105//1527 6106//1527 6107//1527 6108//1527
v 54 61 67
v 55 61 67
v 55 61 66
v 54 61 66
vn 0 1 0
f 6109//1528 6110//1528 6111//1528 6112//1528
v 54 60 66
v 55 60 66
v 55 60 67
v 54 60 67
vn 0 -1 0
f 6113//1529 6114//1529 6115//1529 6116//1529
v 54 61 68
v 55 61 68
v 55 61 67
v 54 61 67
vn 0 1 0
f 6117//1530 6118//1530 6119//1530 6120//1530
v 54 60 67
v 55 60 67
v 55 60 68
v 54 60 68
vn 0 -1 0
f 6121//1531 6122//1531 6123//1531 6124//1531
v 54 61 69
v 55 61 69
v 55 61 68
v 54 61 68
vn 0 1 0
f 6125//1532 6126//1532 6127//1532 6128//1532
v 54 60 68
v 55 60 68
v 55 60 69
v 54 60 69
vn 0 -1 0
f 6129//1533 6130//1533 6131//1533 6132//1533
v 54 61 70
v 55 61 70
v 55 61 69
v 54 61 69
vn 0 1 0
f 6133//1534 6134//1534 6135//1534 6136//1534
v 54 60 69
v 55 60 69
v 55 60 70
v 54 60 70
vn 0 -1 0
f 6137//1535 6138//1535 6139//1535 6140//1535
v 54 61 71
v 55 61 71
v 55 61 70
v 54 61 70
vn 0 1 0
f 6141//1536 6142//1536 6143//1536 6144//1536
v 54 60 70
v 55 60 70
v 55 60 71
v 54 60 71
vn 0 -1 0
f 6145//1537 6146//1537 6147//1537 6148//1537
v 55 61 72
v 54 61 72
v 54 60 72
v 55 60 72
vn 0 0 1
f 6149//1538 6150//1538 6151//1538 6152//1538
v 54 61 72
v 55 61 72
v 55 61 71
v 54 61 71
vn 0 1 0
f 6153//1539 6154//1539 6155//1539 6156//1539
v 54 60 71
v 55 60 71
v 55 60 72
v 54 60 72
vn 0 -1 0
f 6157//1540 6158//1540 6159//1540 6160//1540
v 55 61 51
v 56 61 51
v 56 60 51
v 55 60 51
vn 0 0 -1
f 6161//1541 6162//1541 6163//1541 6164//1541
v 55 61 52
v 56 61 52
v 56 61 51
v 55 61 51
vn 0 1 0
f 6165//1542 6166//1542 6167//1542 6168//1542
v 55 60 51
v 56 60 51
v 56 60 52
v 55 60 52
vn 0 -1 0
f 6169//1543 6170//1543 6171//1543 6172//1543
v 55 61 53
v 56 61 53
v 56 61 52
v 55 61 52
vn 0 1 0
f 6173//1544 6174//1544 6175//1544 6176//1544
v 55 60 52
v 56 60 52
v 56 60 53
v 55 60 53
vn 0 -1 0
f 6177//1545 6178//1545 6179//1545 6180//1545
v 55 61 54
v 56 61 54
v 56 61 53
v 55 61 53
vn 0 1 0
f 6181//1546 6182//1546 6183//1546 6184//1546
v 55 60 53
v 56 60 53
v 56 60 54
v 55 60 54
vn 0 -1 0
f 6185//1547 6186//1547 6187//1547 6188//1547
v 55 61 55
v 56 61 55
v 56 61 54
v 55 61 54
vn 0 1 0
f 6189//1548 6190//1548 6191//1548 6192//1548
v 55 60 54
v 56 60 54
v 56 60 55
v 55 60 55
vn 0 -1 0
f 6193//1549 6194//1549 6195//1549 6196//1549
v 55 61 56
v 56 61 56
v 56 61 55
v 55 61 55
vn 0 1 0
f 6197//1550 6198//1550 6199//1550 6200//1550
v 55 60 55
v 56 60 55
v 56 60 56
v 55 60 56
vn 0 -1 0
f 6201//1551 6202//1551 6203//1551 6204//1551
v 55 61 57
v 56 61 57
v 56 61 56
v 55 61 56
vn 0 1 0
f 6205//1552 6206//1552 6207//1552 6208//1552
v 55 60 56
v 56 60 56
v 56 60 57
v 55 60 57
vn 0 -1 0
f 6209//1553 6210//1553 6211//1553 6212//1553
v 55 61 58
v 56 61 58
v 56 61 57
v 55 61 57
vn 0 1 0
f 6213//1554 6214//1554 6215//1554 6216//1554
v 55 60 57
v 56 60 57
v 56 60 58
v 55 60 58
vn 0 -1 0
f 6217//1555 6218//1555 6219//1555 6220//1555
v 55 61 59
v 56 61 59
v 56 61 58
v 55 61 58
vn 0 1 0
f 6221//1556 6222//1556 6223//1556 6224//1556
v 55 60 58
v 56 60 58
v 56 60 59
v 55 60 59
vn 0 -1 0
f 6225//1557 6226//1557 6227//1557 6228//1557
v 55 61 60
v 56 61 60
v 56 61 59
v 55 61 59
vn 0 1 0
f 6229//1558 6230//1558 6231//1558 6232//1558
v 55 60 59
v 56 60 59
v 56 60 60
v 55 60 60
vn 0 -1 0
f 6233//1559 6234//1559 6235//1559 6236//1559
v 55 61 61
v 56 61 61
v 56 61 60
v 55 61 60
vn 0 1 0
f 6237//1560 6238//1560 6239//1560 6240//1560
v 55 60 60
v 56 60 60
v 56 60 61
v 55 60 61
vn 0 -1 0
f 6241//1561 6242//1561 6243//1561 6244//1561
v 55 61 62
v 56 61 62
v 56 61 61
v 55 61 61
vn 0 1 0
f 6245//1562 6246//1562 6247//1562 6248//1562
v 55 60 61
v 56 60 61
v 56 60 62
v 55 60 62
vn 0 -1 0
f 6249//1563 6250//1563 6251//1563 6252//1563
v 55 61 63
v 56 61 63
v 56 61 62
v 55 61 62
vn 0 1 0
f 6253//1564 6254//1564 6255//1564 6256//1564
v 55 60 62
v 56 60 62
v 56 60 63
v 55 60 63
vn 0 -1 0
f 6257//1565 6258//1565 6259//1565 6260//1565
v 55 61 64
v 56 61 64
v 56 61 63
v 55 61 63
vn 0 1 0
f 6261//1566 6262//1566 6263//1566 6264//1566
v 55 60 63
v 56 60 63
v 56 60 64
v 55 60 64
vn 0 -1 0
f 6265//1567 6266//1567 6267//1567 6268//1567
v 55 61 65
v 56 61 65
v 56 61 64
v 55 61 64
vn 0 1 0
f 6269//1568 6270//1568 6271//1568 6272//1568
v 55 60 64
v 56 60 64
v 56 60 65
v 55 60 65
vn 0 -1 0
f 6273//1569 6274//1569 6275//1569 6276//1569
v 55 61 66
v 56 61 66
v 56 61 65
v 55 61 65
vn 0 1 0
f 6277//1570 6278//1570 6279//1570 6280//1570
v 55 60 65
v 56 60 65
v 56 60 66
v 55 60 66
vn 0 -1 0
f 6281//1571 6282//1571 6283//1571 6284//1571
v 55 61 67
v 56 61 67
v 56 61 66
v 55 61 66
vn 0 1 0
f 6285//1572 6286//1572 6287//1572 6288//1572
v 55 60 66
v 56 60 66
v 56 60 67
v 55 60 67
vn 0 -1 0
f 6289//1573 6290//1573 6291//1573 6292//1573
v 55 61 68
v 56 61 68
v 56 61 67
v 55 61 67
vn 0 1 0
f 6293//1574 6294//1574 6295//1574 6296//1574
v 55 60 67
v 56 60 67
v 56 60 68
v 55 60 68
vn 0 -1 0
f 6297//1575 6298//1575 6299//1575 6300//1575
v 55 61 69
v 56 61 69
v 56 61 68
v 55 61 68
vn 0 1 0
f 6301//1576 6302//1576 6303//1576 6304//1576
v 55 60 68
v 56 60 68
v 56 60 69
v 55 60 69
vn 0 -1 0
f 6305//1577 6306//1577 6307//1577 6308//1577
v 55 61 70
v 56 61 70
v 56 61 69
v 55 61 69
vn 0 1 0
f 6309//1578 6310//1578 6311//1578 6312//1578
v 55 60 69
v 56 60 69
v 56 60 70
v 55 60 70
vn 0 -1 0
f 6313//1579 6314//1579 6315//1579 6316//1579
v 55 61 71
v 56 61 71
v 56 61 70
v 55 61 70
vn 0 1 0
f 6317//1580 6318//1580 6319//1580 6320//1580
v 55 60 70
v 56 60 70
v 56 60 71
v 55 60 71
vn 0 -1 0
f 6321//1581 6322//1581 6323//1581 6324//1581
v 56 61 72
v 55 61 72
v 55 60 72
v 56 60 72
vn 0 0 1
f 6325//1582 6326//1582 6327//1582 6328//1582
v 55 61 72
v 56 61 72
v 56 61 71
v 55 61 71
vn 0 1 0
f 6329//1583 6330//1583 6331//1583 6332//1583
v 55 60 71
v 56 60 71
v 56 60 72
v 55 60 72
vn 0 -1 0
f 6333//1584 6334//1584 6335//1584 6336//1584
v 56 61 51
v 57 61 51
v 57 60 51
v 56 60 51
vn 0 0 -1
f 6337//1585 6338//1585 6339//1585 6340//1585
v 56 61 52
v 57 61 52
v 57 61 51
v 56 61 51
vn 0 1 0
f 6341//1586 6342//1586 6343//1586 6344//1586
v 56 60 51
v 57 60 51
v 57 60 52
v 56 60 52
vn 0 -1 0
f 6345//1587 6346//1587 6347//1587 6348//1587
v 56 61 53
v 57 61 53
v 57 61 52
v 56 61 52
vn 0 1 0
f 6349//1588 6350//1588 6351//1588 6352//1588
v 56 60 52
v 57 60 52
v 57 60 53
v 56 60 53
vn 0 -1 0
f 6353//1589 6354//1589 6355//1589 6356//1589
v 56 61 54
v 57 61 54
v 57 61 53
v 56 61 53
vn 0 1 0
f 6357//1590 6358//1590 6359//1590 6360//1590
v 56 60 53
v 57 60 53
v 57 60 54
v 56 60 54
vn 0 -1 0
f 6361//1591 6362//1591 6363//1591 6364//1591
v 56 61 55
v 57 61 55
v 57 61 54
v 56 61 54
vn 0 1 0
f 6365//1592 6366//1592 6367//1592 6368//1592
v 56 60 54
v 57 60 54
v 57 60 55
v 56 60 55
vn 0 -1 0
f 6369//1593 6370//1593 6371//1593 6372//1593
v 56 61 56
v 57 61 56
v 57 61 55
v 56 61 55
vn 0 1 0
f 6373//1594 6374//1594 6375//1594 6376//1594
v 56 60 55
v 57 60 55
v 57 60 56
v 56 60 56
vn 0 -1 0
f 6377//1595 6378//1595 6379//1595 6380//1595
v 56 61 57
v 57 61 57
v 57 61 56
v 56 61 56
vn 0 1 0
f 6381//1596 6382//1596 6383//1596 6384//1596
v 56 60 56
v 57 60 56
v 57 60 57
v 56 60 57
vn 0 -1 0
f 6385//1597 6386//1597 6387//1597 6388//1597
v 56 61 58
v 57 61 58
v 57 61 57
v 56 61 57
vn 0 1 0
f 6389//1598 6390//1598 6391//1598 6392//1598
v 56 60 57
v 57 60 57
v 57 60 58
v 56 60 58
vn 0 -1 0
f 6393//1599 6394//1599 6395//1599 6396//1599
v 56 61 59
v 57 61 59
v 57 61 58
v 56 61 58
vn 0 1 0
f 6397//1600 6398//1600 6399//1600 6400//1600
v 56 60 58
v 57 60 58
v 57 60 59
v 56 60 59
vn 0 -1 0
f 6401//1601 6402//1601 6403//1601 6404//1601
v 56 61 60
v 57 61 60
v 57 61 59
v 56 61 59
vn 0 1 0
f 6405//1602 6406//1602 6407//1602 6408//1602
v 56 60 59
v 57 60 59
v 57 60 60
v 56 60 60
vn 0 -1 0
f 6409//1603 6410//1603 6411//1603 6412//1603
v 56 61 61
v 57 61 61
v 57 61 60
v 56 61 60
vn 0 1 0
f 6413//1604 6414//1604 6415//1604 6416//1604
v 56 60 60
v 57 60 60
v 57 60 61
v 56 60 61
vn 0 -1 0
f 6417//1605 6418//1605 6419//1605 6420//1605
v 56 61 62
v 57 61 62
v 57 61 61
v 56 61 61
vn 0 1 0
f 6421//1606 6422//1606 6423//1606 6424//1606
v 56 60 61
v 57 60 61
v 57 60 62
v 56 60 62
vn 0 -1 0
f 6425//1607 6426//1607 6427//1607 6428//1607
v 56 61 63
v 57 61 63
v 57 61 62
v 56 61 62
vn 0 1 0
f 6429//1608 6430//1608 6431//1608 6432//1608
v 56 60 62
v 57 60 62
v 57 60 63
v 56 60 63
vn 0 -1 0
f 6433//1609 6434//1609 6435//1609 6436//1609
v 56 61 64
v 57 61 64
v 57 61 63
v 56 61 63
vn 0 1 0
f 6437//1610 6438//1610 6439//1610 6440//1610
v 56 60 63
v 57 60 63
v 57 60 64
v 56 60 64
vn 0 -1 0
f 6441//1611 6442//1611 6443//1611 6444//1611
v 56 61 65
v 57 61 65
v 57 61 64
v 56 61 64
vn 0 1 0
f 6445//1612 6446//1612 6447//1612 6448//1612
v 56 60 64
v 57 60 64
v 57 60 65
v 56 60 65
vn 0 -1 0
f 6449//1613 6450//1613 6451//1613 6452//1613
v 56 61 66
v 57 61 66
v 57 61 65
v 56 61 65
vn 0 1 0
f 6453//1614 6454//1614 6455//1614 6456//1614
v 56 60 65
v 57 60 65
v 57 60 66
v 56 60 66
vn 0 -1 0
f 6457//1615 6458//1615 6459//1615 6460//1615
v 56 61 67
v 57 61 67
v 57 61 66
v 56 61 66
vn 0 1 0
f 6461//1616 6462//1616 6463//1616 6464//1616
v 56 60 66
v 57 60 66
v 57 60 67
v 56 60 67
vn 0 -1 0
f 6465//1617 6466//1617 6467//1617 6468//1617
v 56 61 68
v 57 61 68
v 57 61 67
v 56 61 67
vn 0 1 0
f 6469//1618 6470//1618 6471//1618 6472//1618
v 56 60 67
v 57 60 67
v 57 60 68
v 56 60 68
vn 0 -1 0
f 6473//1619 6474//1619 6475//1619 6476//1619
v 56 61 69
v 57 61 69
v 57 61 68
v 56 61 68
vn 0 1 0
f 6477//1620 6478//1620 6479//1620 6480//1620
v 56 60 68
v 57 60 68
v 57 60 69
v 56 60 69
vn 0 -1 0
f 6481//1621 6482//1621 6483//1621 6484//1621
v 56 61 70
v 57 61 70
v 57 61 69
v 56 61 69
vn 0 1 0
f 6485//1622 6486//1622 6487//1622 6488//1622
v 56 60 69
v 57 60 69
v 57 60 70
v 56 60 70
vn 0 -1 0
f 6489//1623 6490//1623 6491//1623 6492//1623
v 56 61 71
v 57 61 71
v 57 61 70
v 56 61 70
vn 0 1 0
f 6493//1624 6494//1624 6495//1624 6496//1624
v 56 60 70
v 57 60 70
v 57 60 71
v 56 60 71
vn 0 -1 0
f 6497//1625 6498//1625 6499//1625 6500//1625
v 57 61 72
v 56 61 72
v 56 60 72
v 57 60 72
vn 0 0 1
f 6501//1626 6502//1626 6503//1626 6504//1626
v 56 61 72
v 57 61 72
v 57 61 71
v 56 61 71
vn 0 1 0
f 6505//1627 6506//1627 6507//1627 6508//1627
v 56 60 71
v 57 60 71
v 57 60 72
v 56 60 72
vn 0 -1 0
f 6509//1628 6510//1628 6511//1628 6512//1628
v 57 61 51
v 58 61 51
v 58 60 51
v 57 60 51
vn 0 0 -1
f 6513//1629 6514//1629 6515//1629 6516//1629
v 57 61 52
v 58 61 52
v 58 61 51
v 57 61 51
vn 0 1 0
f 6517//1630 6518//1630 6519//1630 6520//1630
v 57 60 51
v 58 60 51
v 58 60 52
v 57 60 52
vn 0 -1 0
f 6521//1631 6522//1631 6523//1631 6524//1631
v 57 61 53
v 58 61 53
v 58 61 52
v 57 61 52
vn 0 1 0
f 6525//1632 6526//1632 6527//1632 6528//1632
v 57 60 52
v 58 60 52
v 58 60 53
v 57 60 53
vn 0 -1 0
f 6529//1633 6530//1633 6531//1633 6532//1633
v 57 61 54
v 58 61 54
v 58 61 53
v 57 61 53
vn 0 1 0
f 6533//1634 6534//1634 6535//1634 6536//1634
v 57 60 53
v 58 60 53
v 58 60 54
v 57 60 54
vn 0 -1 0
f 6537//1635 6538//1635 6539//1635 6540//1635
v 57 61 55
v 58 61 55
v 58 61 54
v 57 61 54
vn 0 1 0
f 6541//1636 6542//1636 6543//1636 6544//1636
v 57 60 54
v 58 60 54
v 58 60 55
v 57 60 55
vn 0 -1 0
f 6545//1637 6546//1637 6547//1637 6548//1637
v 57 61 56
v 58 61 56
v 58 61 55
v 57 61 55
vn 0 1 0
f 6549//1638 6550//1638 6551//1638 6552//1638
v 57 60 55
v 58 60 55
v 58 60 56
v 57 60 56
vn 0 -1 0
f 6553//1639 6554//1639 6555//1639 6556//1639
v 57 61 57
v 58 61 57
v 58 61 56
v 57 61 56
vn 0 1 0
f 6557//1640 6558//1640 6559//1640 6560//1640
v 57 60 56
v 58 60 56
v 58 60 57
v 57 60 57
vn 0 -1 0
f 6561//1641 6562//1641 6563//1641 6564//1641
v 57 61 58
v 58 61 58
v 58 61 57
v 57 61 57
vn 0 1 0
f 6565//1642 6566//1642 6567//1642 6568//1642
v 57 60 57
v 58 60 57
v 58 60 58
v 57 60 58
vn 0 -1 0
f 6569//1643 6570//1643 6571//1643 6572//1643
v 57 61 59
v 58 61 59
v 58 61 58
v 57 61 58
vn 0 1 0
f 6573//1644 6574//1644 6575//1644 6576//1644
v 57 60 58
v 58 60 58
v 58 60 59
v 57 60 59
vn 0 -1 0
f 6577//1645 6578//1645 6579//1645 6580//1645
v 57 61 60
v 58 61 60
v 58 61 59
v 57 61 59
vn 0 1 0
f 6581//1646 6582//1646 6583//1646 6584//1646
v 57 60 59
v 58 60 59
v 58 60 60
v 57 60 60
vn 0 -1 0
f 6585//1647 6586//1647 6587//1647 6588//1647
v 57 61 61
v 58 61 61
v 58 61 60
v 57 61 60
vn 0 1 0
f 6589//1648 6590//1648 6591//1648 6592//1648
v 57 60 60
v 58 60 60
v 58 60 61
v 57 60 61
vn 0 -1 0
f 6593//1649 6594//1649 6595//1649 6596//1649
v 57 61 62
v 58 61 62
v 58 61 61
v 57 61 61
vn 0 1 0
f 6597//1650 6598//1650 6599//1650 6600//1650
v 57 60 61
v 58 60 61
v 58 60 62
v 57 60 62
vn 0 -1 0
f 6601//1651 6602//1651 6603//1651 6604//1651
v 57 61 63
v 58 61 63
v 58 61 62
v 57 61 62
vn 0 1 0
f 6605//1652 6606//1652 6607//1652 6608//1652
v 57 60 62
v 58 60 62
v 58 60 63
v 57 60 63
vn 0 -1 0
f 6609//1653 6610//1653 6611//1653 6612//1653
v 57 61 64
v 58 61 64
v 58 61 63
v 57 61 63
vn 0 1 0
f 6613//1654 6614//1654 6615//1654 6616//1654
v 57 60 63
v 58 60 63
v 58 60 64
v 57 60 64
vn 0 -1 0
f 6617//1655 6618//1655 6619//1655 6620//1655
v 57 61 65
v 58 61 65
v 58 61 64
v 57 61 64
vn 0 1 0
f 6621//1656 6622//1656 6623//1656 6624//1656
v 57 60 64
v 58 60 64
v 58 60 65
v 57 60 65
vn 0 -1 0
f 6625//1657 6626//1657 6627//1657 6628//1657
v 57 61 66
v 58 61 66
v 58 61 65
v 57 61 65
vn 0 1 0
f 6629//1658 6630//1658 6631//1658 6632//1658
v 57 60 65
v 58 60 65
v 58 60 66
v 57 60 66
vn 0 -1 0
f 6633//1659 6634//1659 6635//1659 6636//1659
v 57 61 67
v 58 61 67
v 58 61 66
v 57 61 66
vn 0 1 0
f 6637//1660 6638//1660 6639//1660 6640//1660
v 57 60 66
v 58 60 66
v 58 60 67
v 57 60 67
vn 0 -1 0
f 6641//1661 6642//1661 6643//1661 6644//1661
v 57 61 68
v 58 61 68
v 58 61 67
v 57 61 67
vn 0 1 0
f 6645//1662 6646//1662 6647//1662 6648//1662
v 57 60 67
v 58 60 67
v 58 60 68
v 57 60 68
vn 0 -1 0
f 6649//1663 6650//1663 6651//1663 6652//1663
v 57 61 69
v 58 61 69
v 58 61 68
v 57 61 68
vn 0 1 0
f 6653//1664 6654//1664 6655//1664 6656//1664
v 57 60 68
v 58 60 68
v 58 60 69
v 57 60 69
vn 0 -1 0
f 6657//1665 6658//1665 6659//1665 6660//1665
v 57 61 70
v 58 61 70
v 58 61 69
v 57 61 69
vn 0 1 0
f 6661//1666 6662//1666 6663//1666 6664//1666
v 57 60 69
v 58 60 69
v 58 60 70
v 57 60 70
vn 0 -1 0
f 6665//1667 6666//1667 6667//1667 6668//1667
v 57 61 71
v 58 61 71
v 58 61 70
v 57 61 70
vn 0 1 0
f 6669//1668 6670//1668 6671//1668 6672//1668
v 57 60 70
v 58 60 70
v 58 60 71
v 57 60 71
vn 0 -1 0
f 6673//1669 6674//1669 6675//1669 6676//1669
v 58 61 72
v 57 61 72
v 57 60 72
v 58 60 72
vn 0 0 1
f 6677//1670 6678//1670 6679//1670 6680//1670
v 57 61 72
v 58 61 72
v 58 61 71
v 57 61 71
vn 0 1 0
f 6681//1671 6682//1671 6683//1671 6684//1671
v 57 60 71
v 58 60 71
v 58 60 72
v 57 60 72
vn 0 -1 0
f 6685//1672 6686//1672 6687//1672 6688//1672
v 58 61 51
v 59 61 51
v 59 60 51
v 58 60 51
vn 0 0 -1
f 6689//1673 6690//1673 6691//1673 6692//1673
v 58 61 52
v 59 61 52
v 59 61 51
v 58 61 51
vn 0 1 0
f 6693//1674 6694//1674 6695//1674 6696//1674
v 58 60 51
v 59 60 51
v 59 60 52
v 58 60 52
vn 0 -1 0
f 6697//1675 6698//1675 6699//1675 6700//1675
v 58 61 53
v 59 61 53
v 59 61 52
v 58 61 52
vn 0 1 0
f 6701//1676 6702//1676 6703//1676 6704//1676
v 58 60 52
v 59 60 52
v 59 60 53
v 58 60 53
vn 0 -1 0
f 6705//1677 6706//1677 6707//1677 6708//1677
v 58 61 54
v 59 61 54
v 59 61 53
v 58 61 53
vn 0 1 0
f 6709//1678 6710//1678 6711//1678 6712//1678
v 58 60 53
v 59 60 53
v 59 60 54
v 58 60 54
vn 0 -1 0
f 6713//1679 6714//1679 6715//1679 6716//1679
v 58 61 55
v 59 61 55
v 59 61 54
v 58 61 54
vn 0 1 0
f 6717//1680 6718//1680 6719//1680 6720//1680
v 58 60 54
v 59 60 54
v 59 60 55
v 58 60 55
vn 0 -1 0
f 6721//1681 6722//1681 6723//1681 6724//1681
v 58 61 56
v 59 61 56
v 59 61 55
v 58 61 55
vn 0 1 0
f 6725//1682 6726//1682 6727//1682 6728//1682
v 58 60 55
v 59 60 55
v 59 60 56
v 58 60 56
vn 0 -1 0
f 6729//1683 6730//1683 6731//1683 6732//1683
v 58 61 57
v 59 61 57
v 59 61 56
v 58 61 56
vn 0 1 0
f 6733//1684 6734//1684 6735//1684 6736//1684
v 58 60 56
v 59 60 56
v 59 60 57
v 58 60 57
vn 0 -1 0
f 6737//1685 6738//1685 6739//1685 6740//1685
v 58 61 58
v 59 61 58
v 59 61 57
v 58 61 57
vn 0 1 0
f 6741//1686 6742//1686 6743//1686 6744//1686
v 58 60 57
v 59 60 57
v 59 60 58
v 58 60 58
vn 0 -1 0
f 6745//1687 6746//1687 6747//1687 6748//1687
v 58 61 59
v 59 61 59
v 59 61 58
v 58 61 58
vn 0 1 0
f 6749//1688 6750//1688 6751//1688 6752//1688
v 58 60 58
v 59 60 58
v 59 60 59
v 58 60 59
vn 0 -1 0
f 6753//1689 6754//1689 6755//1689 6756//1689
v 58 61 60
v 59 61 60
v 59 61 59
v 58 61 59
vn 0 1 0
f 6757//1690 6758//1690 6759//1690 6760//1690
v 58 60 59
v 59 60 59
v 59 60 60
v 58 60 60
vn 0 -1 0
f 6761//1691 6762//1691 6763//1691 6764//1691
v 58 61 61
v 59 61 61
v 59 61 60
v 58 61 60
vn 0 1 0
f 6765//1692 6766//1692 6767//1692 6768//1692
v 58 60 60
v 59 60 60
v 59 60 61
v 58 60 61
vn 0 -1 0
f 6769//1693 6770//1693 6771//1693 6772//1693
v 58 61 62
v 59 61 62
v 59 61 61
v 58 61 61
vn 0 1 0
f 6773//1694 6774//1694 6775//1694 6776//1694
v 58 60 61
v 59 60 61
v 59 60 62
v 58 60 62
vn 0 -1 0
f 6777//1695 6778//1695 6779//1695 6780//1695
v 58 61 63
v 59 61 63
v 59 61 62
v 58 61 62
vn 0 1 0
f 6781//1696 6782//1696 6783//1696 6784//1696
v 58 60 62
v 59 60 62
v 59 60 63
v 58 60 63
vn 0 -1 0
f 6785//1697 6786//1697 6787//1697 6788//1697
v 58 61 64
v 59 61 64
v 59 61 63
v 58 61 63
vn 0 1 0
f 6789//1698 6790//1698 6791//1698 6792//1698
v 58 60 63
v 59 60 63
v 59 60 64
v 58 60 64
vn 0 -1 0
f 6793//1699 6794//1699 6795//1699 6796//1699
v 58 61 65
v 59 61 65
v 59 61 64
v 58 61 64
vn 0 1 0
f 6797//1700 6798//1700 6799//1700 6800//1700
v 58 60 64
v 59 60 64
v 59 60 65
v 58 60 65
vn 0 -1 0
f 6801//1701 6802//1701 6803//1701 6804//1701
v 58 61 66
v 59 61 66
v 59 61 65
v 58 61 65
vn 0 1 0
f 6805//1702 6806//1702 6807//1702 6808//1702
v 58 60 65
v 59 60 65
v 59 60 66
v 58 60 66
vn 0 -1 0
f 6809//1703 6810//1703 6811//1703 6812//1703
v 58 61 67
v 59 61 67
v 59 61 66
v 58 61 66
vn 0 1 0
f 6813//1704 6814//1704 6815//1704 6816//1704
v 58 60 66
v 59 60 66
v 59 60 67
v 58 60 67
vn 0 -1 0
f 6817//1705 6818//1705 6819//1705 6820//1705
v 58 61 68
v 59 61 68
v 59 61 67
v 58 61 67
vn 0 1 0
f 6821//1706 6822//1706 6823//1706 6824//1706
v 58 60 67
v 59 60 67
v 59 60 68
v 58 60 68
vn 0 -1 0
f 6825//1707 6826//1707 6827//1707 6828//1707
v 58 61 69
v 59 61 69
v 59 61 68
v 58 61 68
vn 0 1 0
f 6829//1708 6830//1708 6831//1708 6832//1708
v 58 60 68
v 59 60 68
v 59 60 69
v 58 60 69
vn 0 -1 0
f 6833//1709 6834//1709 6835//1709 6836//1709
v 58 61 70
v 59 61 70
v 59 61 69
v 58 61 69
vn 0 1 0
f 6837//1710 6838//1710 6839//1710 6840//1710
v 58 60 69
v 59 60 69
v 59 60 70
v 58 60 70
vn 0 -1 0
f 6841//1711 6842//1711 6843//1711 6844//1711
v 58 61 71
v 59 61 71
v 59 61 70
v 58 61 70
vn 0 1 0
f 6845//1712 6846//1712 6847//1712 6848//1712
v 58 60 70
v 59 60 70
v 59 60 71
v 58 60 71
vn 0 -1 0
f 6849//1713 6850//1713 6851//1713 6852//1713
v 59 61 72
v 58 61 72
v 58 60 72
v 59 60 72
vn 0 0 1
f 6853//1714 6854//1714 6855//1714 6856//1714
v 58 61 72
v 59 61 72
v 59 61 71
v 58 61 71
vn 0 1 0
f 6857//1715 6858//1715 6859//1715 6860//1715
v 58 60 71
v 59 60 71
v 59 60 72
v 58 60 72
vn 0 -1 0
f 6861//1716 6862//1716 6863//1716 6864//1716
v 59 61 51
v 60 61 51
v 60 60 51
v 59 60 51
vn 0 0 -1
f 6865//1717 6866//1717 6867//1717 6868//1717
v 59 61 52
v 60 61 52
v 60 61 51
v 59 61 51
vn 0 1 0
f 6869//1718 6870//1718 6871//1718 6872//1718
v 59 60 51
v 60 60 51
v 60 60 52
v 59 60 52
vn 0 -1 0
f 6873//1719 6874//1719 6875//1719 6876//1719
v 59 61 53
v 60 61 53
v 60 61 52
v 59 61 52
vn 0 1 0
f 6877//1720 6878//1720 6879//1720 6880//1720
v 59 60 52
v 60 60 52
v 60 60 53
v 59 60 53
vn 0 -1 0
f 6881//1721 6882//1721 6883//1721 6884//1721
v 59 61 54
v 60 61 54
v 60 61 53
v 59 61 53
vn 0 1 0
f 6885//1722 6886//1722 6887//1722 6888//1722
v 59 60 53
v 60 60 53
v 60 60 54
v 59 60 54
vn 0 -1 0
f 6889//1723 6890//1723 6891//1723 6892//1723
v 59 61 55
v 60 61 55
v 60 61 54
v 59 61 54
vn 0 1 0
f 6893//1724 6894//1724 6895//1724 6896//1724
v 59 60 54
v 60 60 54
v 60 60 55
v 59 60 55
vn 0 -1 0
f 6897//1725 6898//1725 6899//1725 6900//1725
v 59 61 56
v 60 61 56
v 60 61 55
v 59 61 55
vn 0 1 0
f 6901//1726 6902//1726 6903//1726 6904//1726
v 59 60 55
v 60 60 55
v 60 60 56
v 59 60 56
vn 0 -1 0
f 6905//1727 6906//1727 6907//1727 6908//1727
v 59 61 57
v 60 61 57
v 60 61 56
v 59 61 56
vn 0 1 0
f 6909//1728 6910//1728 6911//1728 6912//1728
v 59 60 56
v 60 60 56
v 60 60 57
v 59 60 57
vn 0 -1 0
f 6913//1729 6914//1729 6915//1729 6916//1729
v 59 61 58
v 60 61 58
v 60 61 57
v 59 61 57
vn 0 1 0
f 6917//1730 6918//1730 6919//1730 6920//1730
v 59 60 57
v 60 60 57
v 60 60 58
v 59 60 58
vn 0 -1 0
f 6921//1731 6922//1731 6923//1731 6924//1731
v 59 61 59
v 60 61 59
v 60 61 58
v 59 61 58
vn 0 1 0
f 6925//1732 6926//1732 6927//1732 6928//1732
v 59 60 58
v 60 60 58
v 60 60 59
v 59 60 59
vn 0 -1 0
f 6929//1733 6930//1733 6931//1733 6932//1733
v 59 61 60
v 60 61 60
v 60 61 59
v 59 61 59
vn 0 1 0
f 6933//1734 6934//1734 6935//1734 6936//1734
v 59 60 59
v 60 60 59
v 60 60 60
v 59 60 60
vn 0 -1 0
f 6937//1735 6938//1735 6939//1735 6940//1735
v 59 61 61
v 60 61 61
v 60 61 60
v 59 61 60
vn 0 1 0
f 6941//1736 6942//1736 6943//1736 6944//1736
v 59 60 60
v 60 60 60
v 60 60 61
v 59 60 61
vn 0 -1 0
f 6945//1737 6946//1737 6947//1737 6948//1737
v 59 61 62
v 60 61 62
v 60 61 61
v 59 61 61
vn 0 1 0
f 6949//1738 6950//1738 6951//1738 6952//1738
v 59 60 61
v 60 60 61
v 60 60 62
v 59 60 62
vn 0 -1 0
f 6953//1739 6954//1739 6955//1739 6956//1739
v 59 61 63
v 60 61 63
v 60 61 62
v 59 61 62
vn 0 1 0
f 6957//1740 6958//1740 6959//1740 6960//1740
v 59 60 62
v 60 60 62
v 60 60 63
v 59 60 63
vn 0 -1 0
f 6961//1741 6962//1741 6963//1741 6964//1741
v 59 61 64
v 60 61 64
v 60 61 63
v 59 61 63
vn 0 1 0
f 6965//1742 6966//1742 6967//1742 6968//1742
v 59 60 63
v 60 60 63
v 60 60 64
v 59 60 64
vn 0 -1 0
f 6969//1743 6970//1743 6971//1743 6972//1743
v 59 61 65
v 60 61 65
v 60 61 64
v 59 61 64
vn 0 1 0
f 6973//1744 6974//1744 6975//1744 6976//1744
v 59 60 64
v 60 60 64
v 60 60 65
v 59 60 65
vn 0 -1 0
f 6977//1745 6978//1745 6979//1745 6980//1745
v 59 61 66
v 60 61 66
v 60 61 65
v 59 61 65
vn 0 1 0
f 6981//1746 6982//1746 6983//1746 6984//1746
v 59 60 65
v 60 60 65
v 60 60 66
v 59 60 66
vn 0 -1 0
f 6985//1747 6986//1747 6987//1747 6988//1747
v 59 61 67
v 60 61 67
v 60 61 66
v 59 61 66
vn 0 1 0
f 6989//1748 6990//1748 6991//1748 6992//1748
v 59 60 66
v 60 60 66
v 60 60 67
v 59 60 67
vn 0 -1 0
f 6993//1749 6994//1749 6995//1749 6996//1749
v 59 61 68
v 60 61 68
v 60 61 67
v 59 61 67
vn 0 1 0
f 6997//1750 6998//1750 6999//1750 7000//1750
v 59 60 67
v 60 60 67
v 60 60 68
v 59 60 68
vn 0 -1 0
f 7001//1751 7002//1751 7003//1751 7004//1751
v 59 61 69
v 60 61 69
v 60 61 68
v 59 61 68
vn 0 1 0
f 7005//1752 7006//1752 7007//1752 7008//1752
v 59 60 68
v 60 60 68
v 60 60 69
v 59 60 69
vn 0 -1 0
f 7009//1753 7010//1753 7011//1753 7012//1753
v 59 61 70
v 60 61 70
v 60 61 69
v 59 61 69
vn 0 1 0
f 7013//1754 7014//1754 7015//1754 7016//1754
v 59 60 69
v 60 60 69
v 60 60 70
v 59 60 70
vn 0 -1 0
f 7017//1755 7018//1755 7019//1755 7020//1755
v 59 61 71
v 60 61 71
v 60 61 70
v 59 61 70
vn 0 1 0
f 7021//1756 7022//1756 7023//1756 7024//1756
v 59 60 70
v 60 60 70
v 60 60 71
v 59 60 71
vn 0 -1 0
f 7025//1757 7026//1757 7027//1757 7028//1757
v 60 61 72
v 59 61 72
v 59 60 72
v 60 60 72
vn 0 0 1
f 7029//1758 7030//1758 7031//1758 7032//1758
v 59 61 72
v 60 61 72
v 60 61 71
v 59 61 71
vn 0 1 0
f 7033//1759 7034//1759 7035//1759 7036//1759
v 59 60 71
v 60 60 71
v 60 60 72
v 59 60 72
vn 0 -1 0
f 7037//1760 7038//1760 7039//1760 7040//1760
v 60 61 51
v 61 61 51
v 61 60 51
v 60 60 51
vn 0 0 -1
f 7041//1761 7042//1761 7043//1761 7044//1761
v 60 61 52
v 61 61 52
v 61 61 51
v 60 61 51
vn 0 1 0
f 7045//1762 7046//1762 7047//1762 7048//1762
v 60 60 51
v 61 60 51
v 61 60 52
v 60 60 52
vn 0 -1 0
f 7049//1763 7050//1763 7051//1763 7052//1763
v 60 61 53
v 61 61 53
v 61 61 52
v 60 61 52
vn 0 1 0
f 7053//1764 7054//1764 7055//1764 7056//1764
v 60 60 52
v 61 60 52
v 61 60 53
v 60 60 53
vn 0 -1 0
f 7057//1765 7058//1765 7059//1765 7060//1765
v 60 61 54
v 61 61 54
v 61 61 53
v 60 61 53
vn 0 1 0
f 7061//1766 7062//1766 7063//1766 7064//1766
v 60 60 53
v 61 60 53
v 61 60 54
v 60 60 54
vn 0 -1 0
f 7065//1767 7066//1767 7067//1767 7068//1767
v 60 61 55
v 61 61 55
v 61 61 54
v 60 61 54
vn 0 1 0
f 7069//1768 7070//1768 7071//1768 7072//1768
v 60 60 54
v 61 60 54
v 61 60 55
v 60 60 55
vn 0 -1 0
f 7073//1769 7074//1769 7075//1769 7076//1769
v 60 61 56
v 61 61 56
v 61 61 55
v 60 61 55
vn 0 1 0
f 7077//1770 7078//1770 7079//1770 7080//1770
v 60 60 55
v 61 60 55
v 61 60 56
v 60 60 56
vn 0 -1 0
f 7081//1771 7082//1771 7083//1771 7084//1771
v 60 61 57
v 61 61 57
v 61 61 56
v 60 61 56
vn 0 1 0
f 7085//1772 7086//1772 7087//1772 7088//1772
v 60 60 56
v 61 60 56
v 61 60 57
v 60 60 57
vn 0 -1 0
f 7089//1773 7090//1773 7091//1773 7092//1773
v 60 61 58
v 61 61 58
v 61 61 57
v 60 61 57
vn 0 1 0
f 7093//1774 7094//1774 7095//1774 7096//1774
v 60 60 57
v 61 60 57
v 61 60 58
v 60 60 58
vn 0 -1 0
f 7097//1775 7098//1775 7099//1775 7100//1775
v 60 61 59
v 61 61 59
v 61 61 58
v 60 61 58
vn 0 1 0
f 7101//1776 7102//1776 7103//1776 7104//1776
v 60 60 58
v 61 60 58
v 61 60 59
v 60 60 59
vn 0 -1 0
f 7105//1777 7106//1777 7107//1777 7108//1777
v 60 61 60
v 61 61 60
v 61 61 59
v 60 61 59
vn 0 1 0
f 7109//1778 7110//1778 7111//1778 7112//1778
v 60 60 59
v 61 60 59
v 61 60 60
v 60 60 60
vn 0 -1 0
f 7113//1779 7114//1779 7115//1779 7116//1779
v 60 61 64
v 61 61 64
v 61 61 63
v 60 61 63
vn 0 1 0
f 7117//1780 7118//1780 7119//1780 7120//1780
v 60 60 63
v 61 60 63
v 61 60 64
v 60 60 64
vn 0 -1 0
f 7121//1781 7122//1781 7123//1781 7124//1781
v 60 61 65
v 61 61 65
v 61 61 64
v 60 61 64
vn 0 1 0
f 7125//1782 7126//1782 7127//1782 7128//1782
v 60 60 64
v 61 60 64
v 61 60 65
v 60 60 65
vn 0 -1 0
f 7129//1783 7130//1783 7131//1783 7132//1783
v 60 61 66
v 61 61 66
v 61 61 65
v 60 61 65
vn 0 1 0
f 7133//1784 7134//1784 7135//1784 7136//1784
v 60 60 65
v 61 60 65
v 61 60 66
v 60 60 66
vn 0 -1 0
f 7137//1785 7138//1785 7139//1785 7140//1785
v 60 61 67
v 61 61 67
v 61 61 66
v 60 61 66
vn 0 1 0
f 7141//1786 7142//1786 7143//1786 7144//1786
v 60 60 66
v 61 60 66
v 61 60 67
v 60 60 67
vn 0 -1 0
f 7145//1787 7146//1787 7147//1787 7148//1787
v 60 61 68
v 61 61 68
v 61 61 67
v 60 61 67
vn 0 1 0
f 7149//1788 7150//1788 7151//1788 7152//1788
v 60 60 67
v 61 60 67
v 61 60 68
v 60 60 68
vn 0 -1 0
f 7153//1789 7154//1789 7155//1789 7156//1789
v 60 61 69
v 61 61 69
v 61 61 68
v 60 61 68
vn 0 1 0
f 7157//1790 7158//1790 7159//1790 7160//1790
v 60 60 68
v 61 60 68
v 61 60 69
v 60 60 69
vn 0 -1 0
f 7161//1791 7162//1791 7163//1791 7164//1791
v 60 61 70
v 61 61 70
v 61 61 69
v 60 61 69
vn 0 1 0
f 7165//1792 7166//1792 7167//1792 7168//1792
v 60 60 69
v 61 60 69
v 61 60 70
v 60 60 70
vn 0 -1 0
f 7169//1793 7170//1793 7171//1793 7172//1793
v 60 61 71
v 61 61 71
v 61 61 70
v 60 61 70
vn 0 1 0
f 7173//1794 7174//1794 7175//1794 7176//1794
v 60 60 70
v 61 60 70
v 61 60 71
v 60 60 71
vn 0 -1 0
f 7177//1795 7178//1795 7179//1795 7180//1795
v 61 61 72
v 60 61 72
v 60 60 72
v 61 60 72
vn 0 0 1
f 7181//1796 7182//1796 7183//1796 7184//1796
v 60 61 72
v 61 61 72
v 61 61 71
v 60 61 71
vn 0 1 0
f 7185//1797 7186//1797 7187//1797 7188//1797
v 60 60 71
v 61 60 71
v 61 60 72
v 60 60 72
vn 0 -1 0
f 7189//1798 7190//1798 7191//1798 7192//1798
v 61 61 51
v 62 61 51
v 62 60 51
v 61 60 51
vn 0 0 -1
f 7193//1799 7194//1799 7195//1799 7196//1799
v 61 61 52
v 62 61 52
v 62 61 51
v 61 61 51
vn 0 1 0
f 7197//1800 7198//1800 7199//1800 7200//1800
v 61 60 51
v 62 60 51
v 62 60 52
v 61 60 52
vn 0 -1 0
f 7201//1801 7202//1801 7203//1801 7204//1801
v 61 61 53
v 62 61 53
v 62 61 52
v 61 61 52
vn 0 1 0
f 7205//1802 7206//1802 7207//1802 7208//1802
v 61 60 52
v 62 60 52
v 62 60 53
v 61 60 53
vn 0 -1 0
f 7209//1803 7210//1803 7211//1803 7212//1803
v 61 61 54
v 62 61 54
v 62 61 53
v 61 61 53
vn 0 1 0
f 7213//1804 7214//1804 7215//1804 7216//1804
v 61 60 53
v 62 60 53
v 62 60 54
v 61 60 54
vn 0 -1 0
f 7217//1805 7218//1805 7219//1805 7220//1805
v 61 61 55
v 62 61 55
v 62 61 54
v 61 61 54
vn 0 1 0
f 7221//1806 7222//1806 7223//1806 7224//1806
v 61 60 54
v 62 60 54
v 62 60 55
v 61 60 55
vn 0 -1 0
f 7225//1807 7226//1807 7227//1807 7228//1807
v 61 61 56
v 62 61 56
v 62 61 55
v 61 61 55
vn 0 1 0
f 7229//1808 7230//1808 7231//1808 7232//1808
v 61 60 55
v 62 60 55
v 62 60 56
v 61 60 56
vn 0 -1 0
f 7233//1809 7234//1809 7235//1809 7236//1809
v 61 61 57
v 62 61 57
v 62 61 56
v 61 61 56
vn 0 1 0
f 7237//1810 7238//1810 7239//1810 7240//1810
v 61 60 56
v 62 60 56
v 62 60 57
v 61 60 57
vn 0 -1 0
f 7241//1811 7242//1811 7243//1811 7244//1811
v 61 61 58
v 62 61 58
v 62 61 57
v 61 61 57
vn 0 1 0
f 7245//1812 7246//1812 7247//1812 7248//1812
v 61 60 57
v 62 60 57
v 62 60 58
v 61 60 58
vn 0 -1 0
f 7249//1813 7250//1813 7251//1813 7252//1813
v 61 61 59
v 62 61 59
v 62 61 58
v 61 61 58
vn 0 1 0
f 7253//1814 7254//1814 7255//1814 7256//1814
v 61 60 58
v 62 60 58
v 62 60 59
v 61 60 59
vn 0 -1 0
f 7257//1815 7258//1815 7259//1815 7260//1815
v 61 61 60
v 62 61 60
v 62 61 59
v 61 61 59
vn 0 1 0
f 7261//1816 7262//1816 7263//1816 7264//1816
v 61 60 59
v 62 60 59
v 62 60 60
v 61 60 60
vn 0 -1 0
f 7265//1817 7266//1817 7267//1817 7268//1817
v 61 61 64
v 62 61 64
v 62 61 63
v 61 61 63
vn 0 1 0
f 7269//1818 7270//1818 7271//1818 7272//1818
v 61 60 63
v 62 60 63
v 62 60 64
v 61 60 64
vn 0 -1 0
f 7273//1819 7274//1819 7275//1819 7276//1819
v 61 61 65
v 62 61 65
v 62 61 64
v 61 61 64
vn 0 1 0
f 7277//1820 7278//1820 7279//1820 7280//1820
v 61 60 64
v 62 60 64
v 62 60 65
v 61 60 65
vn 0 -1 0
f 7281//1821 7282//1821 7283//1821 7284//1821
v 61 61 66
v 62 61 66
v 62 61 65
v 61 61 65
vn 0 1 0
f 7285//1822 7286//1822 7287//1822 7288//1822
v 61 60 65
v 62 60 65
v 62 60 66
v 61 60 66
vn 0 -1 0
f 7289//1823 7290//1823 7291//1823 7292//1823
v 61 61 67
v 62 61 67
v 62 61 66
v 61 61 66
vn 0 1 0
f 7293//1824 7294//1824 7295//1824 7296//1824
v 61 60 66
v 62 60 66
v 62 60 67
v 61 60 67
vn 0 -1 0
f 7297//1825 7298//1825 7299//1825 7300//1825
v 61 61 68
v 62 61 68
v 62 61 67
v 61 61 67
vn 0 1 0
f 7301//1826 7302//1826 7303//1826 7304//1826
v 61 60 67
v 62 60 67
v 62 60 68
v 61 60 68
vn 0 -1 0
f 7305//1827 7306//1827 7307//1827 7308//1827
v 61 61 69
v 62 61 69
v 62 61 68
v 61 61 68
vn 0 1 0
f 7309//1828 7310//1828 7311//1828 7312//1828
v 61 60 68
v 62 60 68
v 62 60 69
v 61 60 69
vn 0 -1 0
f 7313//1829 7314//1829 7315//1829 7316//1829
v 61 61 70
v 62 61 70
v 62 61 69
v 61 61 69
vn 0 1 0
f 7317//1830 7318//1830 7319//1830 7320//1830
v 61 60 69
v 62 60 69
v 62 60 70
v 61 60 70
vn 0 -1 0
f 7321//1831 7322//1831 7323//1831 7324//1831
v 61 61 71
v 62 61 71
v 62 61 70
v 61 61 70
vn 0 1 0
f 7325//1832 7326//1832 7327//1832 7328//1832
v 61 60 70
v 62 60 70
v 62 60 71
v 61 60 71
vn 0 -1 0
f 7329//1833 7330//1833 7331//1833 7332//1833
v 62 61 72
v 61 61 72
v 61 60 72
v 62 60 72
vn 0 0 1
f 7333//1834 7334//1834 7335//1834 7336//1834
v 61 61 72
v 62 61 72
v 62 61 71
v 61 61 71
vn 0 1 0
f 7337//1835 7338//1835 7339//1835 7340//1835
v 61 60 71
v 62 60 71
v 62 60 72
v 61 60 72
vn 0 -1 0
f 7341//1836 7342//1836 7343//1836 7344//1836
v 62 61 51
v 63 61 51
v 63 60 51
v 62 60 51
vn 0 0 -1
f 7345//1837 7346//1837 7347//1837 7348//1837
v 62 61 52
v 63 61 52
v 63 61 51
v 62 61 51
vn 0 1 0
f 7349//1838 7350//1838 7351//1838 7352//1838
v 62 60 51
v 63 60 51
v 63 60 52
v 62 60 52
vn 0 -1 0
f 7353//1839 7354//1839 7355//1839 7356//1839
v 62 61 53
v 63 61 53
v 63 61 52
v 62 61 52
vn 0 1 0
f 7357//1840 7358//1840 7359//1840 7360//1840
v 62 60 52
v 63 60 52
v 63 60 53
v 62 60 53
vn 0 -1 0
f 7361//1841 7362//1841 7363//1841 7364//1841
v 62 61 54
v 63 61 54
v 63 61 53
v 62 61 53
vn 0 1 0
f 7365//1842 7366//1842 7367//1842 7368//1842
v 62 60 53
v 63 60 53
v 63 60 54
v 62 60 54
vn 0 -1 0
f 7369//1843 7370//1843 7371//1843 7372//1843
v 62 61 55
v 63 61 55
v 63 61 54
v 62 61 54
vn 0 1 0
f 7373//1844 7374//1844 7375//1844 7376//1844
v 62 60 54
v 63 60 54
v 63 60 55
v 62 60 55
vn 0 -1 0
f 7377//1845 7378//1845 7379//1845 7380//1845
v 62 61 56
v 63 61 56
v 63 61 55
v 62 61 55
vn 0 1 0
f 7381//1846 7382//1846 7383//1846 7384//1846
v 62 60 55
v 63 60 55
v 63 60 56
v 62 60 56
vn 0 -1 0
f 7385//1847 7386//1847 7387//1847 7388//1847
v 62 61 57
v 63 61 57
v 63 61 56
v 62 61 56
vn 0 1 0
f 7389//1848 7390//1848 7391//1848 7392//1848
v 62 60 56
v 63 60 56
v 63 60 57
v 62 60 57
vn 0 -1 0
f 7393//1849 7394//1849 7395//1849 7396//1849
v 62 61 58
v 63 61 58
v 63 61 57
v 62 61 57
vn 0 1 0
f 7397//1850 7398//1850 7399//1850 7400//1850
v 62 60 57
v 63 60 57
v 63 60 58
v 62 60 58
vn 0 -1 0
f 7401//1851 7402//1851 7403//1851 7404//1851
v 62 61 59
v 63 61 59
v 63 61 58
v 62 61 58
vn 0 1 0
f 7405//1852 7406//1852 7407//1852 7408//1852
v 62 60 58
v 63 60 58
v 63 60 59
v 62 60 59
vn 0 -1 0
f 7409//1853 7410//1853 7411//1853 7412//1853
v 62 61 60
v 63 61 60
v 63 61 59
v 62 61 59
vn 0 1 0
f 7413//1854 7414//1854 7415//1854 7416//1854
v 62 60 59
v 63 60 59
v 63 60 60
v 62 60 60
vn 0 -1 0
f 7417//1855 7418//1855 7419//1855 7420//1855
v 62 61 64
v 63 61 64
v 63 61 63
v 62 61 63
vn 0 1 0
f 7421//1856 7422//1856 7423//1856 7424//1856
v 62 60 63
v 63 60 63
v 63 60 64
v 62 60 64
vn 0 -1 0
f 7425//1857 7426//1857 7427//1857 7428//1857
v 62 61 65
v 63 61 65
v 63 61 64
v 62 61 64
vn 0 1 0
f 7429//1858 7430//1858 7431//1858 7432//1858
v 62 60 64
v 63 60 64
v 63 60 65
v 62 60 65
vn 0 -1 0
f 7433//1859 7434//1859 7435//1859 7436//1859
v 62 61 66
v 63 61 66
v 63 61 65
v 62 61 65
vn 0 1 0
f 7437//1860 7438//1860 7439//1860 7440//1860
v 62 60 65
v 63 60 65
v 63 60 66
v 62 60 66
vn 0 -1 0
f 7441//1861 7442//1861 7443//1861 7444//1861
v 62 61 67
v 63 61 67
v 63 61 66
v 62 61 66
vn 0 1 0
f 7445//1862 7446//1862 7447//1862 7448//1862
v 62 60 66
v 63 60 66
v 63 60 67
v 62 60 67
vn 0 -1 0
f 7449//1863 7450//1863 7451//1863 7452//1863
v 62 61 68
v 63 61 68
v 63 61 67
v 62 61 67
vn 0 1 0
f 7453//1864 7454//1864 7455//1864 7456//1864
v 62 60 67
v 63 60 67
v 63 60 68
v 62 60 68
vn 0 -1 0
f 7457//1865 7458//1865 7459//1865 7460//1865
v 62 61 69
v 63 61 69
v 63 61 68
v 62 61 68
vn 0 1 0
f 7461//1866 7462//1866 7463//1866 7464//1866
v 62 60 68
v 63 60 68
v 63 60 69
v 62 60 69
vn 0 -1 0
f 7465//1867 7466//1867 7467//1867 7468//1867
v 62 61 70
v 63 61 70
v 63 61 69
v 62 61 69
vn 0 1 0
f 7469//1868 7470//1868 7471//1868 7472//1868
v 62 60 69
v 63 60 69
v 63 60 70
v 62 60 70
vn 0 -1 0
f 7473//1869 7474//1869 7475//1869 7476//1869
v 62 61 71
v 63 61 71
v 63 61 70
v 62 61 70
vn 0 1 0
f 7477//1870 7478//1870 7479//1870 7480//1870
v 62 60 70
v 63 60 70
v 63 60 71
v 62 60 71
vn 0 -1 0
f 7481//1871 7482//1871 7483//1871 7484//1871
v 63 61 72
v 62 61 72
v 62 60 72
v 63 60 72
vn 0 0 1
f 7485//1872 7486//1872 7487//1872 7488//1872
v 62 61 72
v 63 61 72
v 63 61 71
v 62 61 71
vn 0 1 0
f 7489//1873 7490//1873 7491//1873 7492//1873
v 62 60 71
v 63 60 71
v 63 60 72
v 62 60 72
vn 0 -1 0
f 7493//1874 7494//1874 7495//1874 7496//1874
v 63 61 51
v 64 61 51
v 64 60 51
v 63 60 51
vn 0 0 -1
f 7497//1875 7498//1875 7499//1875 7500//1875
v 63 61 52
v 64 61 52
v 64 61 51
v 63 61 51
vn 0 1 0
f 7501//1876 7502//1876 7503//1876 7504//1876
v 63 60 51
v 64 60 51
v 64 60 52
v 63 60 52
vn 0 -1 0
f 7505//1877 7506//1877 7507//1877 7508//1877
v 63 61 53
v 64 61 53
v 64 61 52
v 63 61 52
vn 0 1 0
f 7509//1878 7510//1878 7511//1878 7512//1878
v 63 60 52
v 64 60 52
v 64 60 53
v 63 60 53
vn 0 -1 0
f 7513//1879 7514//1879 7515//1879 7516//1879
v 63 61 54
v 64 61 54
v 64 61 53
v 63 61 53
vn 0 1 0
f 7517//1880 7518//1880 7519//1880 7520//1880
v 63 60 53
v 64 60 53
v 64 60 54
v 63 60 54
vn 0 -1 0
f 7521//1881 7522//1881 7523//1881 7524//1881
v 63 61 55
v 64 61 55
v 64 61 54
v 63 61 54
vn 0 1 0
f 7525//1882 7526//1882 7527//1882 7528//1882
v 63 60 54
v 64 60 54
v 64 60 55
v 63 60 55
vn 0 -1 0
f 7529//1883 7530//1883 7531//1883 7532//1883
v 63 61 56
v 64 61 56
v 64 61 55
v 63 61 55
vn 0 1 0
f 7533//1884 7534//1884 7535//1884 7536//1884
v 63 60 55
v 64 60 55
v 64 60 56
v 63 60 56
vn 0 -1 0
f 7537//1885 7538//1885 7539//1885 7540//1885
v 63 61 57
v 64 61 57
v 64 61 56
v 63 61 56
vn 0 1 0
f 7541//1886 7542//1886 7543//1886 7544//1886
v 63 60 56
v 64 60 56
v 64 60 57
v 63 60 57
vn 0 -1 0
f 7545//1887 7546//1887 7547//1887 7548//1887
v 63 61 58
v 64 61 58
v 64 61 57
v 63 61 57
vn 0 1 0
f 7549//1888 7550//1888 7551//1888 7552//1888
v 63 60 57
v 64 60 57
v 64 60 58
v 63 60 58
vn 0 -1 0
f 7553//1889 7554//1889 7555//1889 7556//1889
v 63 61 59
v 64 61 59
v 64 61 58
v 63 61 58
vn 0 1 0
f 7557//1890 7558//1890 7559//1890 7560//1890
v 63 60 58
v 64 60 58
v 64 60 59
v 63 60 59
vn 0 -1 0
f 7561//1891 7562//1891 7563//1891 7564//1891
v 63 61 60
v 64 61 60
v 64 61 59
v 63 61 59
vn 0 1 0
f 7565//1892 7566//1892 7567//1892 7568//1892
v 63 60 59
v 64 60 59
v 64 60 60
v 63 60 60
vn 0 -1 0
f 7569//1893 7570//1893 7571//1893 7572//1893
v 63 61 61
v 64 61 61
v 64 61 60
v 63 61 60
vn 0 1 0
f 7573//1894 7574//1894 7575//1894 7576//1894
v 63 60 60
v 64 60 60
v 64 60 61
v 63 60 61
vn 0 -1 0
f 7577//1895 7578//1895 7579//1895 7580//1895
v 63 61 62
v 64 61 62
v 64 61 61
v 63 61 61
vn 0 1 0
f 7581//1896 7582//1896 7583//1896 7584//1896
v 63 60 61
v 64 60 61
v 64 60 62
v 63 60 62
vn 0 -1 0
f 7585//1897 7586//1897 7587//1897 7588//1897
v 63 61 63
v 64 61 63
v 64 61 62
v 63 61 62
vn 0 1 0
f 7589//1898 7590//1898 7591//1898 7592//1898
v 63 60 62
v 64 60 62
v 64 60 63
v 63 60 63
vn 0 -1 0
f 7593//1899 7594//1899 7595//1899 7596//1899
v 63 61 64
v 64 61 64
v 64 61 63
v 63 61 63
vn 0 1 0
f 7597//1900 7598//1900 7599//1900 7600//1900
v 63 60 63
v 64 60 63
v 64 60 64
v 63 60 64
vn 0 -1 0
f 7601//1901 7602//1901 7603//1901 7604//1901
v 63 61 65
v 64 61 65
v 64 61 64
v 63 61 64
vn 0 1 0
f 7605//1902 7606//1902 7607//1902 7608//1902
v 63 60 64
v 64 60 64
v 64 60 65
v 63 60 65
vn 0 -1 0
f 7609//1903 7610//1903 7611//1903 7612//1903
v 63 61 66
v 64 61 66
v 64 61 65
v 63 61 65
vn 0 1 0
f 7613//1904 7614//1904 7615//1904 7616//1904
v 63 60 65
v 64 60 65
v 64 60 66
v 63 60 66
vn 0 -1 0
f 7617//1905 7618//1905 7619//1905 7620//1905
v 63 61 67
v 64 61 67
v 64 61 66
v 63 61 66
vn 0 1 0
f 7621//1906 7622//1906 7623//1906 7624//1906
v 63 60 66
v 64 60 66
v 64 60 67
v 63 60 67
vn 0 -1 0
f 7625//1907 7626//1907 7627//1907 7628//1907
v 63 61 68
v 64 61 68
v 64 61 67
v 63 61 67
vn 0 1 0
f 7629//1908 7630//1908 7631//1908 7632//1908
v 63 60 67
v 64 60 67
v 64 60 68
v 63 60 68
vn 0 -1 0
f 7633//1909 7634//1909 7635//1909 7636//1909
v 63 61 69
v 64 61 69
v 64 61 68
v 63 61 68
vn 0 1 0
f 7637//1910 7638//1910 7639//1910 7640//1910
v 63 60 68
v 64 60 68
v 64 60 69
v 63 60 69
vn 0 -1 0
f 7641//1911 7642//1911 7643//1911 7644//1911
v 63 61 70
v 64 61 70
v 64 61 69
v 63 61 69
vn 0 1 0
f 7645//1912 7646//1912 7647//1912 7648//1912
v 63 60 69
v 64 60 69
v 64 60 70
v 63 60 70
vn 0 -1 0
f 7649//1913 7650//1913 7651//1913 7652//1913
v 63 61 71
v 64 61 71
v 64 61 70
v 63 61 70
vn 0 1 0
f 7653//1914 7654//1914 7655//1914 7656//1914
v 63 60 70
v 64 60 70
v 64 60 71
v 63 60 71
vn 0 -1 0
f 7657//1915 7658//1915 7659//1915 7660//1915
v 64 61 72
v 63 61 72
v 63 60 72
v 64 60 72
vn 0 0 1
f 7661//1916 7662//1916 7663//1916 7664//1916
v 63 61 72
v 64 61 72
v 64 61 71
v 63 61 71
vn 0 1 0
f 7665//1917 7666//1917 7667//1917 7668//1917
v 63 60 71
v 64 60 71
v 64 60 72
v 63 60 72
vn 0 -1 0
f 7669//1918 7670//1918 7671//1918 7672//1918
v 64 61 51
v 65 61 51
v 65 60 51
v 64 60 51
vn 0 0 -1
f 7673//1919 7674//1919 7675//1919 7676//1919
v 64 61 52
v 65 61 52
v 65 61 51
v 64 61 51
vn 0 1 0
f 7677//1920 7678//1920 7679//1920 7680//1920
v 64 60 51
v 65 60 51
v 65 60 52
v 64 60 52
vn 0 -1 0
f 7681//1921 7682//1921 7683//1921 7684//1921
v 64 61 53
v 65 61 53
v 65 61 52
v 64 61 52
vn 0 1 0
f 7685//1922 7686//1922 7687//1922 7688//1922
v 64 60 52
v 65 60 52
v 65 60 53
v 64 60 53
vn 0 -1 0
f 7689//1923 7690//1923 7691//1923 7692//1923
v 64 61 54
v 65 61 54
v 65 61 53
v 64 61 53
vn 0 1 0
f 7693//1924 7694//1924 7695//1924 7696//1924
v 64 60 53
v 65 60 53
v 65 60 54
v 64 60 54
vn 0 -1 0
f 7697//1925 7698//1925 7699//1925 7700//1925
v 64 61 55
v 65 61 55
v 65 61 54
v 64 61 54
vn 0 1 0
f 7701//1926 7702//1926 7703//1926 7704//1926
v 64 60 54
v 65 60 54
v 65 60 55
v 64 60 55
vn 0 -1 0
f 7705//1927 7706//1927 7707//1927 7708//1927
v 64 61 56
v 65 61 56
v 65 61 55
v 64 61 55
vn 0 1 0
f 7709//1928 7710//1928 7711//1928 7712//1928
v 64 60 55
v 65 60 55
v 65 60 56
v 64 60 56
vn 0 -1 0
f 7713//1929 7714//1929 7715//1929 7716//1929
v 64 61 57
v 65 61 57
v 65 61 56
v 64 61 56
vn 0 1 0
f 7717//1930 7718//1930 7719//1930 7720//1930
v 64 60 56
v 65 60 56
v 65 60 57
v 64 60 57
vn 0 -1 0
f 7721//1931 7722//1931 7723//1931 7724//1931
v 64 61 58
v 65 61 58
v 65 61 57
v 64 61 57
vn 0 1 0
f 7725//1932 7726//1932 7727//1932 7728//1932
v 64 60 57
v 65 60 57
v 65 60 58
v 64 60 58
vn 0 -1 0
f 7729//1933 7730//1933 7731//1933 7732//1933
v 64 61 59
v 65 61 59
v 65 61 58
v 64 61 58
vn 0 1 0
f 7733//1934 7734//1934 7735//1934 7736//1934
v 64 60 58
v 65 60 58
v 65 60 59
v 64 60 59
vn 0 -1 0
f 7737//1935 7738//1935 7739//1935 7740//1935
v 64 61 60
v 65 61 60
v 65 61 59
v 64 61 59
vn 0 1 0
f 7741//1936 7742//1936 7743//1936 7744//1936
v 64 60 59
v 65 60 59
v 65 60 60
v 64 60 60
vn 0 -1 0
f 7745//1937 7746//1937 7747//1937 7748//1937
v 64 61 61
v 65 61 61
v 65 61 60
v 64 61 60
vn 0 1 0
f 7749//1938 7750//1938 7751//1938 7752//1938
v 64 60 60
v 65 60 60
v 65 60 61
v 64 60 61
vn 0 -1 0
f 7753//1939 7754//1939 7755//1939 7756//1939
v 64 61 62
v 65 61 62
v 65 61 61
v 64 61 61
vn 0 1 0
f 7757//1940 7758//1940 7759//1940 7760//1940
v 64 60 61
v 65 60 61
v 65 60 62
v 64 60 62
vn 0 -1 0
f 7761//1941 7762//1941 7763//1941 7764//1941
v 64 61 63
v 65 61 63
v 65 61 62
v 64 61 62
vn 0 1 0
f 7765//1942 7766//1942 7767//1942 7768//1942
v 64 60 62
v 65 60 62
v 65 60 63
v 64 60 63
vn 0 -1 0
f 7769//1943 7770//1943 7771//1943 7772//1943
v 64 61 64
v 65 61 64
v 65 61 63
v 64 61 63
vn 0 1 0
f 7773//1944 7774//1944 7775//1944 7776//1944
v 64 60 63
v 65 60 63
v 65 60 64
v 64 60 64
vn 0 -1 0
f 7777//1945 7778//1945 7779//1945 7780//1945
v 64 61 65
v 65 61 65
v 65 61 64
v 64 61 64
vn 0 1 0
f 7781//1946 7782//1946 7783//1946 7784//1946
v 64 60 64
v 65 60 64
v 65 60 65
v 64 60 65
vn 0 -1 0
f 7785//1947 7786//1947 7787//1947 7788//1947
v 64 61 66
v 65 61 66
v 65 61 65
v 64 61 65
vn 0 1 0
f 7789//1948 7790//1948 7791//1948 7792//1948
v 64 60 65
v 65 60 65
v 65 60 66
v 64 60 66
vn 0 -1 0
f 7793//1949 7794//1949 7795//1949 7796//1949
v 64 61 67
v 65 61 67
v 65 61 66
v 64 61 66
vn 0 1 0
f 7797//1950 7798//1950 7799//1950 7800//1950
v 64 60 66
v 65 60 66
v 65 60 67
v 64 60 67
vn 0 -1 0
f 7801//1951 7802//1951 7803//1951 7804//1951
v 64 61 68
v 65 61 68
v 65 61 67
v 64 61 67
vn 0 1 0
f 7805//1952 7806//1952 7807//1952 7808//1952
v 64 60 67
v 65 60 67
v 65 60 68
v 64 60 68
vn 0 -1 0
f 7809//1953 7810//1953 7811//1953 7812//1953
v 64 61 69
v 65 61 69
v 65 61 68
v 64 61 68
vn 0 1 0
f 7813//1954 7814//1954 7815//1954 7816//1954
v 64 60 68
v 65 60 68
v 65 60 69
v 64 60 69
vn 0 -1 0
f 7817//1955 7818//1955 7819//1955 7820//1955
v 64 61 70
v 65 61 70
v 65 61 69
v 64 61 69
vn 0 1 0
f 7821//1956 7822//1956 7823//1956 7824//1956
v 64 60 69
v 65 60 69
v 65 60 70
v 64 60 70
vn 0 -1 0
f 7825//1957 7826//1957 7827//1957 7828//1957
v 64 61 71
v 65 61 71
v 65 61 70
v 64 61 70
vn 0 1 0
f 7829//1958 7830//1958 7831//1958 7832//1958
v 64 60 70
v 65 60 70
v 65 60 71
v 64 60 71
vn 0 -1 0
f 7833//1959 7834//1959 7835//1959 7836//1959
v 65 61 72
v 64 61 72
v 64 60 72
v 65 60 72
vn 0 0 1
f 7837//1960 7838//1960 7839//1960 7840//1960
v 64 61 72
v 65 61 72
v 65 61 71
v 64 61 71
vn 0 1 0
f 7841//1961 7842//1961 7843//1961 7844//1961
v 64 60 71
v 65 60 71
v 65 60 72
v 64 60 72
vn 0 -1 0
f 7845//1962 7846//1962 7847//1962 7848//1962
v 65 61 51
v 66 61 51
v 66 60 51
v 65 60 51
vn 0 0 -1
f 7849//1963 7850//1963 7851//1963 7852//1963
v 65 61 52
v 66 61 52
v 66 61 51
v 65 61 51
vn 0 1 0
f 7853//1964 7854//1964 7855//1964 7856//1964
v 65 60 51
v 66 60 51
v 66 60 52
v 65 60 52
vn 0 -1 0
f 7857//1965 7858//1965 7859//1965 7860//1965
v 65 61 53
v 66 61 53
v 66 61 52
v 65 61 52
vn 0 1 0
f 7861//1966 7862//1966 7863//1966 7864//1966
v 65 60 52
v 66 60 52
v 66 60 53
v 65 60 53
vn 0 -1 0
f 7865//1967 7866//1967 7867//1967 7868//1967
v 65 61 54
v 66 61 54
v 66 61 53
v 65 61 53
vn 0 1 0
f 7869//1968 7870//1968 7871//1968 7872//1968
v 65 60 53
v 66 60 53
v 66 60 54
v 65 60 54
vn 0 -1 0
f 7873//1969 7874//1969 7875//1969 7876//1969
v 65 61 55
v 66 61 55
v 66 61 54
v 65 61 54
vn 0 1 0
f 7877//1970 7878//1970 7879//1970 7880//1970
v 65 60 54
v 66 60 54
v 66 60 55
v 65 60 55
vn 0 -1 0
f 7881//1971 7882//1971 7883//1971 7884//1971
v 65 61 56
v 66 61 56
v 66 61 55
v 65 61 55
vn 0 1 0
f 7885//1972 7886//1972 7887//1972 7888//1972
v 65 60 55
v 66 60 55
v 66 60 56
v 65 60 56
vn 0 -1 0
f 7889//1973 7890//1973 7891//1973 7892//1973
v 65 61 57
v 66 61 57
v 66 61 56
v 65 61 56
vn 0 1 0
f 7893//1974 7894//1974 7895//1974 7896//1974
v 65 60 56
v 66 60 56
v 66 60 57
v 65 60 57
vn 0 -1 0
f 7897//1975 7898//1975 7899//1975 7900//1975
v 65 61 58
v 66 61 58
v 66 61 57
v 65 61 57
vn 0 1 0
f 7901//1976 7902//1976 7903//1976 7904//1976
v 65 60 57
v 66 60 57
v 66 60 58
v 65 60 58
vn 0 -1 0
f 7905//1977 7906//1977 7907//1977 7908//1977
v 65 61 59
v 66 61 59
v 66 61 58
v 65 61 58
vn 0 1 0
f 7909//1978 7910//1978 7911//1978 7912//1978
v 65 60 58
v 66 60 58
v 66 60 59
v 65 60 59
vn 0 -1 0
f 7913//1979 7914//1979 7915//1979 7916//1979
v 65 61 60
v 66 61 60
v 66 61 59
v 65 61 59
vn 0 1 0
f 7917//1980 7918//1980 7919//1980 7920//1980
v 65 60 59
v 66 60 59
v 66 60 60
v 65 60 60
vn 0 -1 0
f 7921//1981 7922//1981 7923//1981 7924//1981
v 65 61 61
v 66 61 61
v 66 61 60
v 65 61 60
vn 0 1 0
f 7925//1982 7926//1982 7927//1982 7928//1982
v 65 60 60
v 66 60 60
v 66 60 61
v 65 60 61
vn 0 -1 0
f 7929//1983 7930//1983 7931//1983 7932//1983
v 65 61 62
v 66 61 62
v 66 61 61
v 65 61 61
vn 0 1 0
f 7933//1984 7934//1984 7935//1984 7936//1984
v 65 60 61
v 66 60 61
v 66 60 62
v 65 60 62
vn 0 -1 0
f 7937//1985 7938//1985 7939//1985 7940//1985
v 65 61 63
v 66 61 63
v 66 61 62
v 65 61 62
vn 0 1 0
f 7941//1986 7942//1986 7943//1986 7944//1986
v 65 60 62
v 66 60 62
v 66 60 63
v 65 60 63
vn 0 -1 0
f 7945//1987 7946//1987 7947//1987 7948//1987
v 65 61 64
v 66 61 64
v 66 61 63
v 65 61 63
vn 0 1 0
f 7949//1988 7950//1988 7951//1988 7952//1988
v 65 60 63
v 66 60 63
v 66 60 64
v 65 60 64
vn 0 -1 0
f 7953//1989 7954//1989 7955//1989 7956//1989
v 65 61 65
v 66 61 65
v 66 61 64
v 65 61 64
vn 0 1 0
f 7957//1990 7958//1990 7959//1990 7960//1990
v 65 60 64
v 66 60 64
v 66 60 65
v 65 60 65
vn 0 -1 0
f 7961//1991 7962//1991 7963//1991 7964//1991
v 65 61 66
v 66 61 66
v 66 61 65
v 65 61 65
vn 0 1 0
f 7965//1992 7966//1992 7967//1992 7968//1992
v 65 60 65
v 66 60 65
v 66 60 66
v 65 60 66
vn 0 -1 0
f 7969//1993 7970//1993 7971//1993 7972//1993
v 65 61 67
v 66 61 67
v 66 61 66
v 65 61 66
vn 0 1 0
f 7973//1994 7974//1994 7975//1994 7976//1994
v 65 60 66
v 66 60 66
v 66 60 67
v 65 60 67
vn 0 -1 0
f 7977//1995 7978//1995 7979//1995 7980//1995
v 65 61 68
v 66 61 68
v 66 61 67
v 65 61 67
vn 0 1 0
f 7981//1996 7982//1996 7983//1996 7984//1996
v 65 60 67
v 66 60 67
v 66 60 68
v 65 60 68
vn 0 -1 0
f 7985//1997 7986//1997 7987//1997 7988//1997
v 65 61 69
v 66 61 69
v 66 61 68
v 65 61 68
vn 0 1 0
f 7989//1998 7990//1998 7991//1998 7992//1998
v 65 60 68
v 66 60 68
v 66 60 69
v 65 60 69
vn 0 -1 0
f 7993//1999 7994//1999 7995//1999 7996//1999
v 65 61 70
v 66 61 70
v 66 61 69
v 65 61 69
vn 0 1 0
f 7997//2000 7998//2000 7999//2000 8000//2000
v 65 60 69
v 66 60 69
v 66 60 70
v 65 60 70
vn 0 -1 0
f 8001//2001 8002//2001 8003//2001 8004//2001
v 65 61 71
v 66 61 71
v 66 61 70
v 65 61 70
vn 0 1 0
f 8005//2002 8006//2002 8007//2002 8008//2002
v 65 60 70
v 66 60 70
v 66 60 71
v 65 60 71
vn 0 -1 0
f 8009//2003 8010//2003 8011//2003 8012//2003
v 66 61 72
v 65 61 72
v 65 60 72
v 66 60 72
vn 0 0 1
f 8013//2004 8014//2004 8015//2004 8016//2004
v 65 61 72
v 66 61 72
v 66 61 71
v 65 61 71
vn 0 1 0
f 8017//2005 8018//2005 8019//2005 8020//2005
v 65 60 71
v 66 60 71
v 66 60 72
v 65 60 72
vn 0 -1 0
f 8021//2006 8022//2006 8023//2006 8024//2006
v 66 61 51
v 67 61 51
v 67 60 51
v 66 60 51
vn 0 0 -1
f 8025//2007 8026//2007 8027//2007 8028//2007
v 66 61 52
v 67 61 52
v 67 61 51
v 66 61 51
vn 0 1 0
f 8029//2008 8030//2008 8031//2008 8032//2008
v 66 60 51
v 67 60 51
v 67 60 52
v 66 60 52
vn 0 -1 0
f 8033//2009 8034//2009 8035//2009 8036//2009
v 66 61 53
v 67 61 53
v 67 61 52
v 66 61 52
vn 0 1 0
f 8037//2010 8038//2010 8039//2010 8040//2010
v 66 60 52
v 67 60 52
v 67 60 53
v 66 60 53
vn 0 -1 0
f 8041//2011 8042//2011 8043//2011 8044//2011
v 66 61 54
v 67 61 54
v 67 61 53
v 66 61 53
vn 0 1 0
f 8045//2012 8046//2012 8047//2012 8048//2012
v 66 60 53
v 67 60 53
v 67 60 54
v 66 60 54
vn 0 -1 0
f 8049//2013 8050//2013 8051//2013 8052//2013
v 66 61 55
v 67 61 55
v 67 61 54
v 66 61 54
vn 0 1 0
f 8053//2014 8054//2014 8055//2014 8056//2014
v 66 60 54
v 67 60 54
v 67 60 55
v 66 60 55
vn 0 -1 0
f 8057//2015 8058//2015 8059//2015 8060//2015
v 66 61 56
v 67 61 56
v 67 61 55
v 66 61 55
vn 0 1 0
f 8061//2016 8062//2016 8063//2016 8064//2016
v 66 60 55
v 67 60 55
v 67 60 56
v 66 60 56
vn 0 -1 0
f 8065//2017 8066//2017 8067//2017 8068//2017
v 66 61 57
v 67 61 57
v 67 61 56
v 66 61 56
vn 0 1 0
f 8069//2018 8070//2018 8071//2018 8072//2018
v 66 60 56
v 67 60 56
v 67 60 57
v 66 60 57
vn 0 -1 0
f 8073//2019 8074//2019 8075//2019 8076//2019
v 66 61 58
v 67 61 58
v 67 61 57
v 66 61 57
vn 0 1 0
f 8077//2020 8078//2020 8079//2020 8080//2020
v 66 60 57
v 67 60 57
v 67 60 58
v 66 60 58
vn 0 -1 0
f 8081//2021 8082//2021 8083//2021 8084//2021
v 66 61 59
v 67 61 59
v 67 61 58
v 66 61 58
vn 0 1 0
f 8085//2022 8086//2022 8087//2022 8088//2022
v 66 60 58
v 67 60 58
v 67 60 59
v 66 60 59
vn 0 -1 0
f 8089//2023 8090//2023 8091//2023 8092//2023
v 66 61 60
v 67 61 60
v 67 61 59
v 66 61 59
vn 0 1 0
f 8093//2024 8094//2024 8095//2024 8096//2024
v 66 60 59
v 67 60 59
v 67 60 60
v 66 60 60
vn 0 -1 0
f 8097//2025 8098//2025 8099//2025 8100//2025
v 66 61 61
v 67 61 61
v 67 61 60
v 66 61 60
vn 0 1 0
f 8101//2026 8102//2026 8103//2026 8104//2026
v 66 60 60
v 67 60 60
v 67 60 61
v 66 60 61
vn 0 -1 0
f 8105//2027 8106//2027 8107//2027 8108//2027
v 66 61 62
v 67 61 62
v 67 61 61
v 66 61 61
vn 0 1 0
f 8109//2028 8110//2028 8111//2028 8112//2028
v 66 60 61
v 67 60 61
v 67 60 62
v 66 60 62
vn 0 -1 0
f 8113//2029 8114//2029 8115//2029 8116//2029
v 66 61 63
v 67 61 63
v 67 61 62
v 66 61 62
vn 0 1 0
f 8117//2030 8118//2030 8119//2030 8120//2030
v 66 60 62
v 67 60 62
v 67 60 63
v 66 60 63
vn 0 -1 0
f 8121//2031 8122//2031 8123//2031 8124//2031
v 66 61 64
v 67 61 64
v 67 61 63
v 66 61 63
vn 0 1 0
f 8125//2032 8126//2032 8127//2032 8128//2032
v 66 60 63
v 67 60 63
v 67 60 64
v 66 60 64
vn 0 -1 0
f 8129//2033 8130//2033 8131//2033 8132//2033
v 66 61 65
v 67 61 65
v 67 61 64
v 66 61 64
vn 0 1 0
f 8133//2034 8134//2034 8135//2034 8136//2034
v 66 60 64
v 67 60 64
v 67 60 65
v 66 60 65
vn 0 -1 0
f 8137//2035 8138//2035 8139//2035 8140//2035
v 66 61 66
v 67 61 66
v 67 61 65
v 66 61 65
vn 0 1 0
f 8141//2036 8142//2036 8143//2036 8144//2036
v 66 60 65
v 67 60 65
v 67 60 66
v 66 60 66
vn 0 -1 0
f 8145//2037 8146//2037 8147//2037 8148//2037
v 66 61 67
v 67 61 67
v 67 61 66
v 66 61 66
vn 0 1 0
f 8149//2038 8150//2038 8151//2038 8152//2038
v 66 60 66
v 67 60 66
v 67 60 67
v 66 60 67
vn 0 -1 0
f 8153//2039 8154//2039 8155//2039 8156//2039
v 66 61 68
v 67 61 68
v 67 61 67
v 66 61 67
vn 0 1 0
f 8157//2040 8158//2040 8159//2040 8160//2040
v 66 60 67
v 67 60 67
v 67 60 68
v 66 60 68
vn 0 -1 0
f 8161//2041 8162//2041 8163//2041 8164//2041
v 66 61 69
v 67 61 69
v 67 61 68
v 66 61 68
vn 0 1 0
f 8165//2042 8166//2042 8167//2042 8168//2042
v 66 60 68
v 67 60 68
v 67 60 69
v 66 60 69
vn 0 -1 0
f 8169//2043 8170//2043 8171//2043 8172//2043
v 66 61 70
v 67 61 70
v 67 61 69
v 66 61 69
vn 0 1 0
f 8173//2044 8174//2044 8175//2044 8176//2044
v 66 60 69
v 67 60 69
v 67 60 70
v 66 60 70
vn 0 -1 0
f 8177//2045 8178//2045 8179//2045 8180//2045
v 66 61 71
v 67 61 71
v 67 61 70
v 66 61 70
vn 0 1 0
f 8181//2046 8182//2046 8183//2046 8184//2046
v 66 60 70
v 67 60 70
v 67 60 71
v 66 60 71
vn 0 -1 0
f 8185//2047 8186//2047 8187//2047 8188//2047
v 67 61 72
v 66 61 72
v 66 60 72
v 67 60 72
vn 0 0 1
f 8189//2048 8190//2048 8191//2048 8192//2048
v 66 61 72
v 67 61 72
v 67 61 71
v 66 61 71
vn 0 1 0
f 8193//2049 8194//2049 8195//2049 8196//2049
v 66 60 71
v 67 60 71
v 67 60 72
v 66 60 72
vn 0 -1 0
f 8197//2050 8198//2050 8199//2050 8200//2050
v 67 61 51
v 68 61 51
v 68 60 51
v 67 60 51
vn 0 0 -1
f 8201//2051 8202//2051 8203//2051 8204//2051
v 67 61 52
v 68 61 52
v 68 61 51
v 67 61 51
vn 0 1 0
f 8205//2052 8206//2052 8207//2052 8208//2052
v 67 60 51
v 68 60 51
v 68 60 52
v 67 60 52
vn 0 -1 0
f 8209//2053 8210//2053 8211//2053 8212//2053
v 67 61 53
v 68 61 53
v 68 61 52
v 67 61 52
vn 0 1 0
f 8213//2054 8214//2054 8215//2054 8216//2054
v 67 60 52
v 68 60 52
v 68 60 53
v 67 60 53
vn 0 -1 0
f 8217//2055 8218//2055 8219//2055 8220//2055
v 67 61 54
v 68 61 54
v 68 61 53
v 67 61 53
vn 0 1 0
f 8221//2056 8222//2056 8223//2056 8224//2056
v 67 60 53
v 68 60 53
v 68 60 54
v 67 60 54
vn 0 -1 0
f 8225//2057 8226//2057 8227//2057 8228//2057
v 67 61 55
v 68 61 55
v 68 61 54
v 67 61 54
vn 0 1 0
f 8229//2058 8230//2058 8231//2058 8232//2058
v 67 60 54
v 68 60 54
v 68 60 55
v 67 60 55
vn 0 -1 0
f 8233//2059 8234//2059 8235//2059 8236//2059
v 67 61 56
v 68 61 56
v 68 61 55
v 67 61 55
vn 0 1 0
f 8237//2060 8238//2060 8239//2060 8240//2060
v 67 60 55
v 68 60 55
v 68 60 56
v 67 60 56
vn 0 -1 0
f 8241//2061 8242//2061 8243//2061 8244//2061
v 67 61 57
v 68 61 57
v 68 61 56
v 67 61 56
vn 0 1 0
f 8245//2062 8246//2062 8247//2062 8248//2062
v 67 60 56
v 68 60 56
v 68 60 57
v 67 60 57
vn 0 -1 0
f 8249//2063 8250//2063 8251//2063 8252//2063
v 67 61 58
v 68 61 58
v 68 61 57
v 67 61 57
vn 0 1 0
f 8253//2064 8254//2064 8255//2064 8256//2064
v 67 60 57
v 68 60 57
v 68 60 58
v 67 60 58
vn 0 -1 0
f 8257//2065 8258//2065 8259//2065 8260//2065
v 67 61 59
v 68 61 59
v 68 61 58
v 67 61 58
vn 0 1 0
f 8261//2066 8262//2066 8263//2066 8264//2066
v 67 60 58
v 68 60 58
v 68 60 59
v 67 60 59
vn 0 -1 0
f 8265//2067 8266//2067 8267//2067 8268//2067
v 67 61 60
v 68 61 60
v 68 61 59
v 67 61 59
vn 0 1 0
f 8269//2068 8270//2068 8271//2068 8272//2068
v 67 60 59
v 68 60 59
v 68 60 60
v 67 60 60
vn 0 -1 0
f 8273//2069 8274//2069 8275//2069 8276//2069
v 67 61 61
v 68 61 61
v 68 61 60
v 67 61 60
vn 0 1 0
f 8277//2070 8278//2070 8279//2070 8280//2070
v 67 60 60
v 68 60 60
v 68 60 61
v 67 60 61
vn 0 -1 0
f 8281//2071 8282//2071 8283//2071 8284//2071
v 67 61 62
v 68 61 62
v 68 61 61
v 67 61 61
vn 0 1 0
f 8285//2072 8286//2072 8287//2072 8288//2072
v 67 60 61
v 68 60 61
v 68 60 62
v 67 60 62
vn 0 -1 0
f 8289//2073 8290//2073 8291//2073 8292//2073
v 67 61 63
v 68 61 63
v 68 61 62
v 67 61 62
vn 0 1 0
f 8293//2074 8294//2074 8295//2074 8296//2074
v 67 60 62
v 68 60 62
v 68 60 63
v 67 60 63
vn 0 -1 0
f 8297//2075 8298//2075 8299//2075 8300//2075
v 67 61 64
v 68 61 64
v 68 61 63
v 67 61 63
vn 0 1 0
f 8301//2076 8302//2076 8303//2076 8304//2076
v 67 60 63
v 68 60 63
v 68 60 64
v 67 60 64
vn 0 -1 0
f 8305//2077 8306//2077 8307//2077 8308//2077
v 67 61 65
v 68 61 65
v 68 61 64
v 67 61 64
vn 0 1 0
f 8309//2078 8310//2078 8311//2078 8312//2078
v 67 60 64
v 68 60 64
v 68 60 65
v 67 60 65
vn 0 -1 0
f 8313//2079 8314//2079 8315//2079 8316//2079
v 67 61 66
v 68 61 66
v 68 61 65
v 67 61 65
vn 0 1 0
f 8317//2080 8318//2080 8319//2080 8320//2080
v 67 60 65
v 68 60 65
v 68 60 66
v 67 60 66
vn 0 -1 0
f 8321//2081 8322//2081 8323//2081 8324//2081
v 67 61 67
v 68 61 67
v 68 61 66
v 67 61 66
vn 0 1 0
f 8325//2082 8326//2082 8327//2082 8328//2082
v 67 60 66
v 68 60 66
v 68 60 67
v 67 60 67
vn 0 -1 0
f 8329//2083 8330//2083 8331//2083 8332//2083
v 67 61 68
v 68 61 68
v 68 61 67
v 67 61 67
vn 0 1 0
f 8333//2084 8334//2084 8335//2084 8336//2084
v 67 60 67
v 68 60 67
v 68 60 68
v 67 60 68
vn 0 -1 0
f 8337//2085 8338//2085 8339//2085 8340//2085
v 67 61 69
v 68 61 69
v 68 61 68
v 67 61 68
vn 0 1 0
f 8341//2086 8342//2086 8343//2086 8344//2086
v 67 60 68
v 68 60 68
v 68 60 69
v 67 60 69
vn 0 -1 0
f 8345//2087 8346//2087 8347//2087 8348//2087
v 67 61 70
v 68 61 70
v 68 61 69
v 67 61 69
vn 0 1 0
f 8349//2088 8350//2088 8351//2088 8352//2088
v 67 60 69
v 68 60 69
v 68 60 70
v 67 60 70
vn 0 -1 0
f 8353//2089 8354//2089 8355//2089 8356//2089
v 67 61 71
v 68 61 71
v 68 61 70
v 67 61 70
vn 0 1 0
f 8357//2090 8358//2090 8359//2090 8360//2090
v 67 60 70
v 68 60 70
v 68 60 71
v 67 60 71
vn 0 -1 0
f 8361//2091 8362//2091 8363//2091 8364//2091
v 68 61 72
v 67 61 72
v 67 60 72
v 68 60 72
vn 0 0 1
f 8365//2092 8366//2092 8367//2092 8368//2092
v 67 61 72
v 68 61 72
v 68 61 71
v 67 61 71
vn 0 1 0
f 8369//2093 8370//2093 8371//2093 8372//2093
v 67 60 71
v 68 60 71
v 68 60 72
v 67 60 72
vn 0 -1 0
f 8373//2094 8374//2094 8375//2094 8376//2094
v 68 61 51
v 69 61 51
v 69 60 51
v 68 60 51
vn 0 0 -1
f 8377//2095 8378//2095 8379//2095 8380//2095
v 68 61 52
v 69 61 52
v 69 61 51
v 68 61 51
vn 0 1 0
f 8381//2096 8382//2096 8383//2096 8384//2096
v 68 60 51
v 69 60 51
v 69 60 52
v 68 60 52
vn 0 -1 0
f 8385//2097 8386//2097 8387//2097 8388//2097
v 68 61 53
v 69 61 53
v 69 61 52
v 68 61 52
vn 0 1 0
f 8389//2098 8390//2098 8391//2098 8392//2098
v 68 60 52
v 69 60 52
v 69 60 53
v 68 60 53
vn 0 -1 0
f 8393//2099 8394//2099 8395//2099 8396//2099
v 68 61 54
v 69 61 54
v 69 61 53
v 68 61 53
vn 0 1 0
f 8397//2100 8398//2100 8399//2100 8400//2100
v 68 60 53
v 69 60 53
v 69 60 54
v 68 60 54
vn 0 -1 0
f 8401//2101 8402//2101 8403//2101 8404//2101
v 68 61 55
v 69 61 55
v 69 61 54
v 68 61 54
vn 0 1 0
f 8405//2102 8406//2102 8407//2102 8408//2102
v 68 60 54
v 69 60 54
v 69 60 55
v 68 60 55
vn 0 -1 0
f 8409//2103 8410//2103 8411//2103 8412//2103
v 68 61 56
v 69 61 56
v 69 61 55
v 68 61 55
vn 0 1 0
f 8413//2104 8414//2104 8415//2104 8416//2104
v 68 60 55
v 69 60 55
v 69 60 56
v 68 60 56
vn 0 -1 0
f 8417//2105 8418//2105 8419//2105 8420//2105
v 68 61 57
v 69 61 57
v 69 61 56
v 68 61 56
vn 0 1 0
f 8421//2106 8422//2106 8423//2106 8424//2106
v 68 60 56
v 69 60 56
v 69 60 57
v 68 60 57
vn 0 -1 0
f 8425//2107 8426//2107 8427//2107 8428//2107
v 68 61 58
v 69 61 58
v 69 61 57
v 68 61 57
vn 0 1 0
f 8429//2108 8430//2108 8431//2108 8432//2108
v 68 60 57
v 69 60 57
v 69 60 58
v 68 60 58
vn 0 -1 0
f 8433//2109 8434//2109 8435//2109 8436//2109
v 68 61 59
v 69 61 59
v 69 61 58
v 68 61 58
vn 0 1 0
f 8437//2110 8438//2110 8439//2110 8440//2110
v 68 60 58
v 69 60 58
v 69 60 59
v 68 60 59
vn 0 -1 0
f 8441//2111 8442//2111 8443//2111 8444//2111
v 68 61 60
v 69 61 60
v 69 61 59
v 68 61 59
vn 0 1 0
f 8445//2112 8446//2112 8447//2112 8448//2112
v 68 60 59
v 69 60 59
v 69 60 60
v 68 60 60
vn 0 -1 0
f 8449//2113 8450//2113 8451//2113 8452//2113
v 68 61 61
v 69 61 61
v 69 61 60
v 68 61 60
vn 0 1 0
f 8453//2114 8454//2114 8455//2114 8456//2114
v 68 60 60
v 69 60 60
v 69 60 61
v 68 60 61
vn 0 -1 0
f 8457//2115 8458//2115 8459//2115 8460//2115
v 68 61 62
v 69 61 62
v 69 61 61
v 68 61 61
vn 0 1 0
f 8461//2116 8462//2116 8463//2116 8464//2116
v 68 60 61
v 69 60 61
v 69 60 62
v 68 60 62
vn 0 -1 0
f 8465//2117 8466//2117 8467//2117 8468//2117
v 68 61 63
v 69 61 63
v 69 61 62
v 68 61 62
vn 0 1 0
f 8469//2118 8470//2118 8471//2118 8472//2118
v 68 60 62
v 69 60 62
v 69 60 63
v 68 60 63
vn 0 -1 0
f 8473//2119 8474//2119 8475//2119 8476//2119
v 68 61 64
v 69 61 64
v 69 61 63
v 68 61 63
vn 0 1 0
f 8477//2120 8478//2120 8479//2120 8480//2120
v 68 60 63
v 69 60 63
v 69 60 64
v 68 60 64
vn 0 -1 0
f 8481//2121 8482//2121 8483//2121 8484//2121
v 68 61 65
v 69 61 65
v 69 61 64
v 68 61 64
vn 0 1 0
f 8485//2122 8486//2122 8487//2122 8488//2122
v 68 60 64
v 69 60 64
v 69 60 65
v 68 60 65
vn 0 -1 0
f 8489//2123 8490//2123 8491//2123 8492//2123
v 68 61 66
v 69 61 66
v 69 61 65
v 68 61 65
vn 0 1 0
f 8493//2124 8494//2124 8495//2124 8496//2124
v 68 60 65
v 69 60 65
v 69 60 66
v 68 60 66
vn 0 -1 0
f 8497//2125 8498//2125 8499//2125 8500//2125
v 68 61 67
v 69 61 67
v 69 61 66
v 68 61 66
vn 0 1 0
f 8501//2126 8502//2126 8503//2126 8504//2126
v 68 60 66
v 69 60 66
v 69 60 67
v 68 60 67
vn 0 -1 0
f 8505//2127 8506//2127 8507//2127 8508//2127
v 68 61 68
v 69 61 68
v 69 61 67
v 68 61 67
vn 0 1 0
f 8509//2128 8510//2128 8511//2128 8512//2128
v 68 60 67
v 69 60 67
v 69 60 68
v 68 60 68
vn 0 -1 0
f 8513//2129 8514//2129 8515//2129 8516//2129
v 68 61 69
v 69 61 69
v 69 61 68
v 68 61 68
vn 0 1 0
f 8517//2130 8518//2130 8519//2130 8520//2130
v 68 60 68
v 69 60 68
v 69 60 69
v 68 60 69
vn 0 -1 0
f 8521//2131 8522//2131 8523//2131 8524//2131
v 68 61 70
v 69 61 70
v 69 61 69
v 68 61 69
vn 0 1 0
f 8525//2132 8526//2132 8527//2132 8528//2132
v 68 60 69
v 69 60 69
v 69 60 70
v 68 60 70
vn 0 -1 0
f 8529//2133 8530//2133 8531//2133 8532//2133
v 68 61 71
v 69 61 71
v 69 61 70
v 68 61 70
vn 0 1 0
f 8533//2134 8534//2134 8535//2134 8536//2134
v 68 60 70
v 69 60 70
v 69 60 71
v 68 60 71
vn 0 -1 0
f 8537//2135 8538//2135 8539//2135 8540//2135
v 69 61 72
v 68 61 72
v 68 60 72
v 69 60 72
vn 0 0 1
f 8541//2136 8542//2136 8543//2136 8544//2136
v 68 61 72
v 69 61 72
v 69 61 71
v 68 61 71
vn 0 1 0
f 8545//2137 8546//2137 8547//2137 8548//2137
v 68 60 71
v 69 60 71
v 69 60 72
v 68 60 72
vn 0 -1 0
f 8549//2138 8550//2138 8551//2138 8552//2138
v 69 61 51
v 70 61 51
v 70 60 51
v 69 60 51
vn 0 0 -1
f 8553//2139 8554//2139 8555//2139 8556//2139
v 69 61 52
v 70 61 52
v 70 61 51
v 69 61 51
vn 0 1 0
f 8557//2140 8558//2140 8559//2140 8560//2140
v 69 60 51
v 70 60 51
v 70 60 52
v 69 60 52
vn 0 -1 0
f 8561//2141 8562//2141 8563//2141 8564//2141
v 69 61 53
v 70 61 53
v 70 61 52
v 69 61 52
vn 0 1 0
f 8565//2142 8566//2142 8567//2142 8568//2142
v 69 60 52
v 70 60 52
v 70 60 53
v 69 60 53
vn 0 -1 0
f 8569//2143 8570//2143 8571//2143 8572//2143
v 69 61 54
v 70 61 54
v 70 61 53
v 69 61 53
vn 0 1 0
f 8573//2144 8574//2144 8575//2144 8576//2144
v 69 60 53
v 70 60 53
v 70 60 54
v 69 60 54
vn 0 -1 0
f 8577//2145 8578//2145 8579//2145 8580//2145
v 69 61 55
v 70 61 55
v 70 61 54
v 69 61 54
vn 0 1 0
f 8581//2146 8582//2146 8583//2146 8584//2146
v 69 60 54
v 70 60 54
v 70 60 55
v 69 60 55
vn 0 -1 0
f 8585//2147 8586//2147 8587//2147 8588//2147
v 69 61 56
v 70 61 56
v 70 61 55
v 69 61 55
vn 0 1 0
f 8589//2148 8590//2148 8591//2148 8592//2148
v 69 60 55
v 70 60 55
v 70 60 56
v 69 60 56
vn 0 -1 0
f 8593//2149 8594//2149 8595//2149 8596//2149
v 69 61 57
v 70 61 57
v 70 61 56
v 69 61 56
vn 0 1 0
f 8597//2150 8598//2150 8599//2150 8600//2150
v 69 60 56
v 70 60 56
v 70 60 57
v 69 60 57
vn 0 -1 0
f 8601//2151 8602//2151 8603//2151 8604//2151
v 69 61 58
v 70 61 58
v 70 61 57
v 69 61 57
vn 0 1 0
f 8605//2152 8606//2152 8607//2152 8608//2152
v 69 60 57
v 70 60 57
v 70 60 58
v 69 60 58
vn 0 -1 0
f 8609//2153 8610//2153 8611//2153 8612//2153
v 69 61 59
v 70 61 59
v 70 61 58
v 69 61 58
vn 0 1 0
f 8613//2154 8614//2154 8615//2154 8616//2154
v 69 60 58
v 70 60 58
v 70 60 59
v 69 60 59
vn 0 -1 0
f 8617//2155 8618//2155 8619//2155 8620//2155
v 69 61 60
v 70 61 60
v 70 61 59
v 69 61 59
vn 0 1 0
f 8621//2156 8622//2156 8623//2156 8624//2156
v 69 60 59
v 70 60 59
v 70 60 60
v 69 60 60
vn 0 -1 0
f 8625//2157 8626//2157 8627//2157 8628//2157
v 69 61 61
v 70 61 61
v 70 61 60
v 69 61 60
vn 0 1 0
f 8629//2158 8630//2158 8631//2158 8632//2158
v 69 60 60
v 70 60 60
v 70 60 61
v 69 60 61
vn 0 -1 0
f 8633//2159 8634//2159 8635//2159 8636//2159
v 69 61 62
v 70 61 62
v 70 61 61
v 69 61 61
vn 0 1 0
f 8637//2160 8638//2160 8639//2160 8640//2160
v 69 60 61
v 70 60 61
v 70 60 62
v 69 60 62
vn 0 -1 0
f 8641//2161 8642//2161 8643//2161 8644//2161
v 69 61 63
v 70 61 63
v 70 61 62
v 69 61 62
vn 0 1 0
f 8645//2162 8646//2162 8647//2162 8648//2162
v 69 60 62
v 70 60 62
v 70 60 63
v 69 60 63
vn 0 -1 0
f 8649//2163 8650//2163 8651//2163 8652//2163
v 69 61 64
v 70 61 64
v 70 61 63
v 69 61 63
vn 0 1 0
f 8653//2164 8654//2164 8655//2164 8656//2164
v 69 60 63
v 70 60 63
v 70 60 64
v 69 60 64
vn 0 -1 0
f 8657//2165 8658//2165 8659//2165 8660//2165
v 69 61 65
v 70 61 65
v 70 61 64
v 69 61 64
vn 0 1 0
f 8661//2166 8662//2166 8663//2166 8664//2166
v 69 60 64
v 70 60 64
v 70 60 65
v 69 60 65
vn 0 -1 0
f 8665//2167 8666//2167 8667//2167 8668//2167
v 69 61 66
v 70 61 66
v 70 61 65
v 69 61 65
vn 0 1 0
f 8669//2168 8670//2168 8671//2168 8672//2168
v 69 60 65
v 70 60 65
v 70 60 66
v 69 60 66
vn 0 -1 0
f 8673//2169 8674//2169 8675//2169 8676//2169
v 69 61 67
v 70 61 67
v 70 61 66
v 69 61 66
vn 0 1 0
f 8677//2170 8678//2170 8679//2170 8680//2170
v 69 60 66
v 70 60 66
v 70 60 67
v 69 60 67
vn 0 -1 0
f 8681//2171 8682//2171 8683//2171 8684//2171
v 69 61 68
v 70 61 68
v 70 61 67
v 69 61 67
vn 0 1 0
f 8685//2172 8686//2172 8687//2172 8688//2172
v 69 60 67
v 70 60 67
v 70 60 68
v 69 60 68
vn 0 -1 0
f 8689//2173 8690//2173 8691//2173 8692//2173
v 69 61 69
v 70 61 69
v 70 61 68
v 69 61 68
vn 0 1 0
f 8693//2174 8694//2174 8695//2174 8696//2174
v 69 60 68
v 70 60 68
v 70 60 69
v 69 60 69
vn 0 -1 0
f 8697//2175 8698//2175 8699//2175 8700//2175
v 69 61 70
v 70 61 70
v 70 61 69
v 69 61 69
vn 0 1 0
f 8701//2176 8702//2176 8703//2176 8704//2176
v 69 60 69
v 70 60 69
v 70 60 70
v 69 60 70
vn 0 -1 0
f 8705//2177 8706//2177 8707//2177 8708//2177
v 69 61 71
v 70 61 71
v 70 61 70
v 69 61 70
vn 0 1 0
f 8709//2178 8710//2178 8711//2178 8712//2178
v 69 60 70
v 70 60 70
v 70 60 71
v 69 60 71
vn 0 -1 0
f 8713//2179 8714//2179 8715//2179 8716//2179
v 70 61 72
v 69 61 72
v 69 60 72
v 70 60 72
vn 0 0 1
f 8717//2180 8718//2180 8719//2180 8720//2180
v 69 61 72
v 70 61 72
v 70 61 71
v 69 61 71
vn 0 1 0
f 8721//2181 8722//2181 8723//2181 8724//2181
v 69 60 71
v 70 60 71
v 70 60 72
v 69 60 72
vn 0 -1 0
f 8725//2182 8726//2182 8727//2182 8728//2182
v 70 61 51
v 71 61 51
v 71 60 51
v 70 60 51
vn 0 0 -1
f 8729//2183 8730//2183 8731//2183 8732//2183
v 70 61 52
v 71 61 52
v 71 61 51
v 70 61 51
vn 0 1 0
f 8733//2184 8734//2184 8735//2184 8736//2184
v 70 60 51
v 71 60 51
v 71 60 52
v 70 60 52
vn 0 -1 0
f 8737//2185 8738//2185 8739//2185 8740//2185
v 70 61 53
v 71 61 53
v 71 61 52
v 70 61 52
vn 0 1 0
f 8741//2186 8742//2186 8743//2186 8744//2186
v 70 60 52
v 71 60 52
v 71 60 53
v 70 60 53
vn 0 -1 0
f 8745//2187 8746//2187 8747//2187 8748//2187
v 70 61 54
v 71 61 54
v 71 61 53
v 70 61 53
vn 0 1 0
f 8749//2188 8750//2188 8751//2188 8752//2188
v 70 60 53
v 71 60 53
v 71 60 54
v 70 60 54
vn 0 -1 0
f 8753//2189 8754//2189 8755//2189 8756//2189
v 70 61 55
v 71 61 55
v 71 61 54
v 70 61 54
vn 0 1 0
f 8757//2190 8758//2190 8759//2190 8760//2190
v 70 60 54
v 71 60 54
v 71 60 55
v 70 60 55
vn 0 -1 0
f 8761//2191 8762//2191 8763//2191 8764//2191
v 70 61 56
v 71 61 56
v 71 61 55
v 70 61 55
vn 0 1 0
f 8765//2192 8766//2192 8767//2192 8768//2192
v 70 60 55
v 71 60 55
v 71 60 56
v 70 60 56
vn 0 -1 0
f 8769//2193 8770//2193 8771//2193 8772//2193
v 70 61 57
v 71 61 57
v 71 61 56
v 70 61 56
vn 0 1 0
f 8773//2194 8774//2194 8775//2194 8776//2194
v 70 60 56
v 71 60 56
v 71 60 57
v 70 60 57
vn 0 -1 0
f 8777//2195 8778//2195 8779//2195 8780//2195
v 70 61 58
v 71 61 58
v 71 61 57
v 70 61 57
vn 0 1 0
f 8781//2196 8782//2196 8783//2196 8784//2196
v 70 60 57
v 71 60 57
v 71 60 58
v 70 60 58
vn 0 -1 0
f 8785//2197 8786//2197 8787//2197 8788//2197
v 70 61 59
v 71 61 59
v 71 61 58
v 70 61 58
vn 0 1 0
f 8789//2198 8790//2198 8791//2198 8792//2198
v 70 60 58
v 71 60 58
v 71 60 59
v 70 60 59
vn 0 -1 0
f 8793//2199 8794//2199 8795//2199 8796//2199
v 70 61 60
v 71 61 60
v 71 61 59
v 70 61 59
vn 0 1 0
f 8797//2200 8798//2200 8799//2200 8800//2200
v 70 60 59
v 71 60 59
v 71 60 60
v 70 60 60
vn 0 -1 0
f 8801//2201 8802//2201 8803//2201 8804//2201
v 70 61 61
v 71 61 61
v 71 61 60
v 70 61 60
vn 0 1 0
f 8805//2202 8806//2202 8807//2202 8808//2202
v 70 60 60
v 71 60 60
v 71 60 61
v 70 60 61
vn 0 -1 0
f 8809//2203 8810//2203 8811//2203 8812//2203
v 70 61 62
v 71 61 62
v 71 61 61
v 70 61 61
vn 0 1 0
f 8813//2204 8814//2204 8815//2204 8816//2204
v 70 60 61
v 71 60 61
v 71 60 62
v 70 60 62
vn 0 -1 0
f 8817//2205 8818//2205 8819//2205 8820//2205
v 70 61 63
v 71 61 63
v 71 61 62
v 70 61 62
vn 0 1 0
f 8821//2206 8822//2206 8823//2206 8824//2206
v 70 60 62
v 71 60 62
v 71 60 63
v 70 60 63
vn 0 -1 0
f 8825//2207 8826//2207 8827//2207 8828//2207
v 70 61 64
v 71 61 64
v 71 61 63
v 70 61 63
vn 0 1 0
f 8829//2208 8830//2208 8831//2208 8832//2208
v 70 60 63
v 71 60 63
v 71 60 64
v 70 60 64
vn 0 -1 0
f 8833//2209 8834//2209 8835//2209 8836//2209
v 70 61 65
v 71 61 65
v 71 61 64
v 70 61 64
vn 0 1 0
f 8837//2210 8838//2210 8839//2210 8840//2210
v 70 60 64
v 71 60 64
v 71 60 65
v 70 60 65
vn 0 -1 0
f 8841//2211 8842//2211 8843//2211 8844//2211
v 70 61 66
v 71 61 66
v 71 61 65
v 70 61 65
vn 0 1 0
f 8845//2212 8846//2212 8847//2212 8848//2212
v 70 60 65
v 71 60 65
v 71 60 66
v 70 60 66
vn 0 -1 0
f 8849//2213 8850//2213 8851//2213 8852//2213
v 70 61 67
v 71 61 67
v 71 61 66
v 70 61 66
vn 0 1 0
f 8853//2214 8854//2214 8855//2214 8856//2214
v 70 60 66
v 71 60 66
v 71 60 67
v 70 60 67
vn 0 -1 0
f 8857//2215 8858//2215 8859//2215 8860//2215
v 70 61 68
v 71 61 68
v 71 61 67
v 70 61 67
vn 0 1 0
f 8861//2216 8862//2216 8863//2216 8864//2216
v 70 60 67
v 71 60 67
v 71 60 68
v 70 60 68
vn 0 -1 0
f 8865//2217 8866//2217 8867//2217 8868//2217
v 70 61 69
v 71 61 69
v 71 61 68
v 70 61 68
vn 0 1 0
f 8869//2218 8870//2218 8871//2218 8872//2218
v 70 60 68
v 71 60 68
v 71 60 69
v 70 60 69
vn 0 -1 0
f 8873//2219 8874//2219 8875//2219 8876//2219
v 70 61 70
v 71 61 70
v 71 61 69
v 70 61 69
vn 0 1 0
f 8877//2220 8878//2220 8879//2220 8880//2220
v 70 60 69
v 71 60 69
v 71 60 70
v 70 60 70
vn 0 -1 0
f 8881//2221 8882//2221 8883//2221 8884//2221
v 70 61 71
v 71 61 71
v 71 61 70
v 70 61 70
vn 0 1 0
f 8885//2222 8886//2222 8887//2222 8888//2222
v 70 60 70
v 71 60 70
v 71 60 71
v 70 60 71
vn 0 -1 0
f 8889//2223 8890//2223 8891//2223 8892//2223
v 71 61 72
v 70 61 72
v 70 60 72
v 71 60 72
vn 0 0 1
f 8893//2224 8894//2224 8895//2224 8896//2224
v 70 61 72
v 71 61 72
v 71 61 71
v 70 61 71
vn 0 1 0
f 8897//2225 8898//2225 8899//2225 8900//2225
v 70 60 71
v 71 60 71
v 71 60 72
v 70 60 72
vn 0 -1 0
f 8901//2226 8902//2226 8903//2226 8904//2226
v 72 61 51
v 72 61 52
v 72 60 52
v 72 60 51
vn 1 0 0
f 8905//2227 8906//2227 8907//2227 8908//2227
v 71 61 51
v 72 61 51
v 72 60 51
v 71 60 51
vn 0 0 -1
f 8909//2228 8910//2228 8911//2228 8912//2228
v 71 61 52
v 72 61 52
v 72 61 51
v 71 61 51
vn 0 1 0
f 8913//2229 8914//2229 8915//2229 8916//2229
v 71 60 51
v 72 60 51
v 72 60 52
v 71 60 52
vn 0 -1 0
f 8917//2230 8918//2230 8919//2230 8920//2230
v 72 61 52
v 72 61 53
v 72 60 53
v 72 60 52
vn 1 0 0
f 8921//2231 8922//2231 8923//2231 8924//2231
v 71 61 53
v 72 61 53
v 72 61 52
v 71 61 52
vn 0 1 0
f 8925//2232 8926//2232 8927//2232 8928//2232
v 71 60 52
v 72 60 52
v 72 60 53
v 71 60 53
vn 0 -1 0
f 8929//2233 8930//2233 8931//2233 8932//2233
v 72 61 53
v 72 61 54
v 72 60 54
v 72 60 53
vn 1 0 0
f 8933//2234 8934//2234 8935//2234 8936//2234
v 71 61 54
v 72 61 54
v 72 61 53
v 71 61 53
vn 0 1 0
f 8937//2235 8938//2235 8939//2235 8940//2235
v 71 60 53
v 72 60 53
v 72 60 54
v 71 60 54
vn 0 -1 0
f 8941//2236 8942//2236 8943//2236 8944//2236
v 72 61 54
v 72 61 55
v 72 60 55
v 72 60 54
vn 1 0 0
f 8945//2237 8946//2237 8947//2237 8948//2237
v 71 61 55
v 72 61 55
v 72 61 54
v 71 61 54
vn 0 1 0
f 8949//2238 8950//2238 8951//2238 8952//2238
v 71 60 54
v 72 60 54
v 72 60 55
v 71 60 55
vn 0 -1 0
f 8953//2239 8954//2239 8955//2239 8956//2239
v 72 61 55
v 72 61 56
v 72 60 56
v 72 60 55
vn 1 0 0
f 8957//2240 8958//2240 8959//2240 8960//2240
v 71 61 56
v 72 61 56
v 72 61 55
v 71 61 55
vn 0 1 0
f 8961//2241 8962//2241 8963//2241 8964//2241
v 71 60 55
v 72 60 55
v 72 60 56
v 71 60 56
vn 0 -1 0
f 8965//2242 8966//2242 8967//2242 8968//2242
v 72 61 56
v 72 61 57
v 72 60 57
v 72 60 56
vn 1 0 0
f 8969//2243 8970//2243 8971//2243 8972//2243
v 71 61 57
v 72 61 57
v 72 61 56
v 71 61 56
vn 0 1 0
f 8973//2244 8974//2244 8975//2244 8976//2244
v 71 60 56
v 72 60 56
v 72 60 57
v 71 60 57
vn 0 -1 0
f 8977//2245 8978//2245 8979//2245 8980//2245
v 72 61 57
v 72 61 58
v 72 60 58
v 72 60 57
vn 1 0 0
f 8981//2246 8982//2246 8983//2246 8984//2246
v 71 61 58
v 72 61 58
v 72 61 57
v 71 61 57
vn 0 1 0
f 8985//2247 8986//2247 8987//2247 8988//2247
v 71 60 57
v 72 60 57
v 72 60 58
v 71 60 58
vn 0 -1 0
f 8989//2248 8990//2248 8991//2248 8992//2248
v 72 61 58
v 72 61 59
v 72 60 59
v 72 60 58
vn 1 0 0
f 8993//2249 8994//2249 8995//2249 8996//2249
v 71 61 59
v 72 61 59
v 72 61 58
v 71 61 58
vn 0 1 0
f 8997//2250 8998//2250 8999//2250 9000//2250
v 71 60 58
v 72 60 58
v 72 60 59
v 71 60 59
vn 0 -1 0
f 9001//2251 9002//2251 9003//2251 9004//2251
v 72 61 59
v 72 61 60
v 72 60 60
v 72 60 59
vn 1 0 0
f 9005//2252 9006//2252 9007//2252 9008//2252
v 71 61 60
v 72 61 60
v 72 61 59
v 71 61 59
vn 0 1 0
f 9009//2253 9010//2253 9011//2253 9012//2253
v 71 60 59
v 72 60 59
v 72 60 60
v 71 60 60
vn 0 -1 0
f 9013//2254 9014//2254 9015//2254 9016//2254
v 72 61 60
v 72 61 61
v 72 60 61
v 72 60 60
vn 1 0 0
f 9017//2255 9018//2255 9019//2255 9020//2255
v 71 61 61
v 72 61 61
v 72 61 60
v 71 61 60
vn 0 1 0
f 9021//2256 9022//2256 9023//2256 9024//2256
v 71 60 60
v 72 60 60
v 72 60 61
v 71 60 61
vn 0 -1 0
f 9025//2257 9026//2257 9027//2257 9028//2257
v 72 61 61
v 72 61 62
v 72 60 62
v 72 60 61
vn 1 0 0
f 9029//2258 9030//2258 9031//2258 9032//2258
v 71 61 62
v 72 61 62
v 72 61 61
v 71 61 61
vn 0 1 0
f 9033//2259 9034//2259 9035//2259 9036//2259
v 71 60 61
v 72 60 61
v 72 60 62
v 71 60 62
vn 0 -1 0
f 9037//2260 9038//2260 9039//2260 9040//2260
v 72 61 62
v 72 61 63
v 72 60 63
v 72 60 62
vn 1 0 0
f 9041//2261 9042//2261 9043//2261 9044//2261
v 71 61 63
v 72 61 63
v 72 61 62
v 71 61 62
vn 0 1 0
f 9045//2262 9046//2262 9047//2262 9048//2262
v 71 60 62
v 72 60 62
v 72 60 63
v 71 60 63
vn 0 -1 0
f 9049//2263 9050//2263 9051//2263 9052//2263
v 72 61 63
v 72 61 64
v 72 60 64
v 72 60 63
vn 1 0 0
f 9053//2264 9054//2264 9055//2264 9056//2264
v 71 61 64
v 72 61 64
v 72 61 63
v 71 61 63
vn 0 1 0
f 9057//2265 9058//2265 9059//2265 9060//2265
v 71 60 63
v 72 60 63
v 72 60 64
v 71 60 64
vn 0 -1 0
f 9061//2266 9062//2266 9063//2266 9064//2266
v 72 61 64
v 72 61 65
v 72 60 65
v 72 60 64
vn 1 0 0
f 9065//2267 9066//2267 9067//2267 9068//2267
v 71 61 65
v 72 61 65
v 72 61 64
v 71 61 64
vn 0 1 0
f 9069//2268 9070//2268 9071//2268 9072//2268
v 71 60 64
v 72 60 64
v 72 60 65
v 71 60 65
vn 0 -1 0
f 9073//2269 9074//2269 9075//2269 9076//2269
v 72 61 65
v 72 61 66
v 72 60 66
v 72 60 65
vn 1 0 0
f 9077//2270 9078//2270 9079//2270 9080//2270
v 71 61 66
v 72 61 66
v 72 61 65
v 71 61 65
vn 0 1 0
f 9081//2271 9082//2271 9083//2271 9084//2271
v 71 60 65
v 72 60 65
v 72 60 66
v 71 60 66
vn 0 -1 0
f 9085//2272 9086//2272 9087//2272 9088//2272
v 72 61 66
v 72 61 67
v 72 60 67
v 72 60 66
vn 1 0 0
f 9089//2273 9090//2273 9091//2273 9092//2273
v 71 61 67
v 72 61 67
v 72 61 66
v 71 61 66
vn 0 1 0
f 9093//2274 9094//2274 9095//2274 9096//2274
v 71 60 66
v 72 60 66
v 72 60 67
v 71 60 67
vn 0 -1 0
f 9097//2275 9098//2275 9099//2275 9100//2275
v 72 61 67
v 72 61 68
v 72 60 68
v 72 60 67
vn 1 0 0
f 9101//2276 9102//2276 9103//2276 9104//2276
v 71 61 68
v 72 61 68
v 72 61 67
v 71 61 67
vn 0 1 0
f 9105//2277 9106//2277 9107//2277 9108//2277
v 71 60 67
v 72 60 67
v 72 60 68
v 71 60 68
vn 0 -1 0
f 9109//2278 9110//2278 9111//2278 9112//2278
v 72 61 68
v 72 61 69
v 72 60 69
v 72 60 68
vn 1 0 0
f 9113//2279 9114//2279 9115//2279 9116//2279
v 71 61 69
v 72 61 69
v 72 61 68
v 71 61 68
vn 0 1 0
f 9117//2280 9118//2280 9119//2280 9120//2280
v 71 60 68
v 72 60 68
v 72 60 69
v 71 60 69
vn 0 -1 0
f 9121//2281 9122//2281 9123//2281 9124//2281
v 72 61 69
v 72 61 70
v 72 60 70
v 72 60 69
vn 1 0 0
f 9125//2282 9126//2282 9127//2282 9128//2282
v 71 61 70
v 72 61 70
v 72 61 69
v 71 61 69
vn 0 1 0
f 9129//2283 9130//2283 9131//2283 9132//2283
v 71 60 69
v 72 60 69
v 72 60 70
v 71 60 70
vn 0 -1 0
f 9133//2284 9134//2284 9135//2284 9136//2284
v 72 61 70
v 72 61 71
v 72 60 71
v 72 60 70
vn 1 0 0
f 9137//2285 9138//2285 9139//2285 9140//2285
v 71 61 71
v 72 61 71
v 72 61 70
v 71 61 70
vn 0 1 0
f 9141//2286 9142//2286 9143//2286 9144//2286
v 71 60 70
v 72 60 70
v 72 60 71
v 71 60 71
vn 0 -1 0
f 9145//2287 9146//2287 9147//2287 9148//2287
v 72 61 71
v 72 61 72
v 72 60 72
v 72 60 71
vn 1 0 0
f 9149//2288 9150//2288 9151//2288 9152//2288
v 72 61 72
v 71 61 72
v 71 60 72
v 72 60 72
vn 0 0 1
f 9153//2289 9154//2289 9155//2289 9156//2289
v 71 61 72
v 72 61 72
v 72 61 71
v 71 61 71
vn 0 1 0
f 9157//2290 9158//2290 9159//2290 9160//2290
v 71 60 71
v 72 60 71
v 72 60 72
v 71 60 72
vn 0 -1 0
f 9161//2291 9162//2291 9163//2291 9164//2291
usemtl c73
v 112 54 109
v 112 54 110
v 112 55 110
v 112 55 109
vn -1 0 0
f 9165//2292 9166//2292 9167//2292 9168//2292
v 112 55 109
v 113 55 109
v 113 54 109
v 112 54 109
vn 0 0 -1
f 9169//2293 9170//2293 9171//2293 9172//2293
v 112 55 110
v 113 55 110
v 113 55 109
v 112 55 109
vn 0 1 0
f 9173//2294 9174//2294 9175//2294 9176//2294
v 112 54 110
v 112 54 111
v 112 55 111
v 112 55 110
vn -1 0 0
f 9177//2295 9178//2295 9179//2295 9180//2295
v 112 55 111
v 113 55 111
v 113 55 110
v 112 55 110
vn 0 1 0
f 9181//2296 9182//2296 9183//2296 9184//2296
v 112 54 111
v 112 54 112
v 112 55 112
v 112 55 111
vn -1 0 0
f 9185//2297 9186//2297 9187//2297 9188//2297
v 113 55 112
v 112 55 112
v 112 54 112
v 113 54 112
vn 0 0 1
f 9189//2298 9190//2298 9191//2298 9192//2298
v 112 55 112
v 113 55 112
v 113 55 111
v 112 55 111
vn 0 1 0
f 9193//2299 9194//2299 9195//2299 9196//2299
v 113 55 109
v 114 55 109
v 114 54 109
v 113 54 109
vn 0 0 -1
f 9197//2300 9198//2300 9199//2300 9200//2300
v 113 55 110
v 114 55 110
v 114 55 109
v 113 55 109
vn 0 1 0
f 9201//2301 9202//2301 9203//2301 9204//2301
v 114 55 112
v 113 55 112
v 113 54 112
v 114 54 112
vn 0 0 1
f 9205//2302 9206//2302 9207//2302 9208//2302
v 113 55 112
v 114 55 112
v 114 55 111
v 113 55 111
vn 0 1 0
f 9209//2303 9210//2303 9211//2303 9212//2303
v 115 55 109
v 115 55 110
v 115 54 110
v 115 54 109
vn 1 0 0
f 9213//2304 9214//2304 9215//2304 9216//2304
v 114 55 109
v 115 55 109
v 115 54 109
v 114 54 109
vn 0 0 -1
f 9217//2305 9218//2305 9219//2305 9220//2305
v 114 55 110
v 115 55 110
v 115 55 109
v 114 55 109
vn 0 1 0
f 9221//2306 9222//2306 9223//2306 9224//2306
v 115 55 110
v 115 55 111
v 115 54 111
v 115 54 110
vn 1 0 0
f 9225//2307 9226//2307 9227//2307 9228//2307
v 115 55 111
v 115 55 112
v 115 54 112
v 115 54 111
vn 1 0 0
f 9229//2308 9230//2308 9231//2308 9232//2308
v 115 55 112
v 114 55 112
v 114 54 112
v 115 54 112
vn 0 0 1
f 9233//2309 9234//2309 9235//2309 9236//2309
v 114 55 112
v 115 55 112
v 115 55 111
v 114 55 111
vn 0 1 0
f 9237//2310 9238//2310 9239//2310 9240//2310
v 181 10 185
v 181 10 186
v 181 11 186
v 181 11 185
vn -1 0 0
f 9241//2311 9242//2311 9243//2311 9244//2311
v 182 11 186
v 181 11 186
v 181 10 186
v 182 10 186
vn 0 0 1
f 9245//2312 9246//2312 9247//2312 9248//2312
v 181 11 186
v 182 11 186
v 182 11 185
v 181 11 185
vn 0 1 0
f 9249//2313 9250//2313 9251//2313 9252//2313
v 181 10 185
v 182 10 185
v 182 10 186
v 181 10 186
vn 0 -1 0
f 9253//2314 9254//2314 9255//2314 9256//2314
v 184 11 186
v 183 11 186
v 183 10 186
v 184 10 186
vn 0 0 1
f 9257//2315 9258//2315 9259//2315 9260//2315
v 183 11 186
v 184 11 186
v 184 11 185
v 183 11 185
vn 0 1 0
f 9261//2316 9262//2316 9263//2316 9264//2316
v 183 10 185
v 184 10 185
v 184 10 186
v 183 10 186
vn 0 -1 0
f 9265//2317 9266//2317 9267//2317 9268//2317
v 180 10 184
v 180 10 185
v 180 11 185
v 180 11 184
vn -1 0 0
f 9269//2318 9270//2318 9271//2318 9272//2318
v 181 11 185
v 180 11 185
v 180 10 185
v 181 10 185
vn 0 0 1
f 9273//2319 9274//2319 9275//2319 9276//2319
v 180 11 184
v 181 11 184
v 181 10 184
v 180 10 184
vn 0 0 -1
f 9277//2320 9278//2320 9279//2320 9280//2320
v 180 11 185
v 181 11 185
v 181 11 184
v 180 11 184
vn 0 1 0
f 9281//2321 9282//2321 9283//2321 9284//2321
v 180 10 184
v 181 10 184
v 181 10 185
v 180 10 185
vn 0 -1 0
f 9285//2322 9286//2322 9287//2322 9288//2322
v 181 11 184
v 182 11 184
v 182 10 184
v 181 10 184
vn 0 0 -1
f 9289//2323 9290//2323 9291//2323 9292//2323
v 181 11 185
v 182 11 185
v 182 11 184
v 181 11 184
vn 0 1 0
f 9293//2324 9294//2324 9295//2324 9296//2324
v 181 10 184
v 182 10 184
v 182 10 185
v 181 10 185
vn 0 -1 0
f 9297//2325 9298//2325 9299//2325 9300//2325
v 182 11 185
v 183 11 185
v 183 11 184
v 182 11 184
vn 0 1 0
f 9301//2326 9302//2326 9303//2326 9304//2326
v 182 10 184
v 183 10 184
v 183 10 185
v 182 10 185
vn 0 -1 0
f 9305//2327 9306//2327 9307//2327 9308//2327
v 180 10 180
v 180 10 181
v 180 11 181
v 180 11 180
vn -1 0 0
f 9309//2328 9310//2328 9311//2328 9312//2328
v 181 11 181
v 180 11 181
v 180 10 181
v 181 10 181
vn 0 0 1
f 9313//2329 9314//2329 9315//2329 9316//2329
v 180 11 180
v 181 11 180
v 181 10 180
v 180 10 180
vn 0 0 -1
f 9317//2330 9318//2330 9319//2330 9320//2330
v 180 11 181
v 181 11 181
v 181 11 180
v 180 11 180
vn 0 1 0
f 9321//2331 9322//2331 9323//2331 9324//2331
v 180 10 180
v 181 10 180
v 181 10 181
v 180 10 181
vn 0 -1 0
f 9325//2332 9326//2332 9327//2332 9328//2332
v 184 11 180
v 185 11 180
v 185 10 180
v 184 10 180
vn 0 0 -1
f 9329//2333 9330//2333 9331//2333 9332//2333
v 184 11 181
v 185 11 181
v 185 11 180
v 184 11 180
vn 0 1 0
f 9333//2334 9334//2334 9335//2334 9336//2334
v 184 10 180
v 185 10 180
v 185 10 181
v 184 10 181
vn 0 -1 0
f 9337//2335 9338//2335 9339//2335 9340//2335
v 189 11 180
v 189 11 181
v 189 10 181
v 189 10 180
vn 1 0 0
f 9341//2336 9342//2336 9343//2336 9344//2336
v 188 11 180
v 189 11 180
v 189 10 180
v 188 10 180
vn 0 0 -1
f 9345//2337 9346//2337 9347//2337 9348//2337
v 188 11 181
v 189 11 181
v 189 11 180
v 188 11 180
vn 0 1 0
f 9349//2338 9350//2338 9351//2338 9352//2338
v 188 10 180
v 189 10 180
v 189 10 181
v 188 10 181
vn 0 -1 0
f 9353//2339 9354//2339 9355//2339 9356//2339
usemtl c105
v 184 11 183
v 185 11 183
v 185 11 182
v 184 11 182
vn 0 1 0
f 9357//2340 9358//2340 9359//2340 9360//2340
v 184 10 182
v 185 10 182
v 185 10 183
v 184 10 183
vn 0 -1 0
f 9361//2341 9362//2341 9363//2341 9364//2341
v 185 11 183
v 186 11 183
v 186 11 182
v 185 11 182
vn 0 1 0
f 9365//2342 9366//2342 9367//2342 9368//2342
v 185 10 182
v 186 10 182
v 186 10 183
v 185 10 183
vn 0 -1 0
f 9369//2343 9370//2343 9371//2343 9372//2343
v 183 11 182
v 184 11 182
v 184 11 181
v 183 11 181
vn 0 1 0
f 9373//2344 9374//2344 9375//2344 9376//2344
v 183 10 181
v 184 10 181
v 184 10 182
v 183 10 182
vn 0 -1 0
f 9377//2345 9378//2345 9379//2345 9380//2345
v 184 11 182
v 185 11 182
v 185 11 181
v 184 11 181
vn 0 1 0
f 9381//2346 9382//2346 9383//2346 9384//2346
v 184 10 181
v 185 10 181
v 185 10 182
v 184 10 182
vn 0 -1 0
f 9385//2347 9386//2347 9387//2347 9388//2347
v 185 11 182
v 186 11 182
v 186 11 181
v 185 11 181
vn 0 1 0
f 9389//2348 9390//2348 9391//2348 9392//2348
v 185 10 181
v 186 10 181
v 186 10 182
v 185 10 182
vn 0 -1 0
f 9393//2349 9394//2349 9395//2349 9396//2349
v 186 11 182
v 187 11 182
v 187 11 181
v 186 11 181
vn 0 1 0
f 9397//2350 9398//2350 9399//2350 9400//2350
v 186 10 181
v 187 10 181
v 187 10 182
v 186 10 182
vn 0 -1 0
f 9401//2351 9402//2351 9403//2351 9404//2351
v 182 11 180
v 183 11 180
v 183 10 180
v 182 10 180
vn 0 0 -1
f 9405//2352 9406//2352 9407//2352 9408//2352
v 182 11 181
v 183 11 181
v 183 11 180
v 182 11 180
vn 0 1 0
f 9409//2353 9410//2353 9411//2353 9412//2353
v 182 10 180
v 183 10 180
v 183 10 181
v 182 10 181
vn 0 -1 0
f 9413//2354 9414//2354 9415//2354 9416//2354
v 183 11 180
v 184 11 180
v 184 10 180
v 183 10 180
vn 0 0 -1
f 9417//2355 9418//2355 9419//2355 9420//2355
v 183 11 181
v 184 11 181
v 184 11 180
v 183 11 180
vn 0 1 0
f 9421//2356 9422//2356 9423//2356 9424//2356
v 183 10 180
v 184 10 180
v 184 10 181
v 183 10 181
vn 0 -1 0
f 9425//2357 9426//2357 9427//2357 9428//2357
v 185 11 180
v 186 11 180
v 186 10 180
v 185 10 180
vn 0 0 -1
f 9429//2358 9430//2358 9431//2358 9432//2358
v 185 11 181
v 186 11 181
v 186 11 180
v 185 11 180
vn 0 1 0
f 9433//2359 9434//2359 9435//2359 9436//2359
v 185 10 180
v 186 10 180
v 186 10 181
v 185 10 181
vn 0 -1 0
f 9437//2360 9438//2360 9439//2360 9440//2360
v 186 11 180
v 187 11 180
v 187 10 180
v 186 10 180
vn 0 0 -1
f 9441//2361 9442//2361 9443//2361 9444//2361
v 186 11 181
v 187 11 181
v 187 11 180
v 186 11 180
vn 0 1 0
f 9445//2362 9446//2362 9447//2362 9448//2362
v 186 10 180
v 187 10 180
v 187 10 181
v 186 10 181
vn 0 -1 0
f 9449//2363 9450//2363 9451//2363 9452//2363
v 187 11 180
v 188 11 180
v 188 10 180
v 187 10 180
vn 0 0 -1
f 9453//2364 9454//2364 9455//2364 9456//2364
v 187 11 181
v 188 11 181
v 188 11 180
v 187 11 180
vn 0 1 0
f 9457//2365 9458//2365 9459//2365 9460//2365
v 187 10 180
v 188 10 180
v 188 10 181
v 187 10 181
vn 0 -1 0
f 9461//2366 9462//2366 9463//2366 9464//2366
usemtl c109
v 102 50 102
v 102 50 103
v 102 51 103
v 102 51 102
vn -1 0 0
f 9465//2367 9466//2367 9467//2367 9468//2367
v 102 51 102
v 103 51 102
v 103 50 102
v 102 50 102
vn 0 0 -1
f 9469//2368 9470//2368 9471//2368 9472//2368
v 102 51 103
v 103 51 103
v 103 51 102
v 102 51 102
vn 0 1 0
f 9473//2369 9474//2369 9475//2369 9476//2369
v 102 50 102
v 103 50 102
v 103 50 103
v 102 50 103
vn 0 -1 0
f 9477//2370 9478//2370 9479//2370 9480//2370
v 102 50 103
v 102 50 104
v 102 51 104
v 102 51 103
vn -1 0 0
f 9481//2371 9482//2371 9483//2371 9484//2371
v 102 51 104
v 103 51 104
v 103 51 103
v 102 51 103
vn 0 1 0
f 9485//2372 9486//2372 9487//2372 9488//2372
v 102 50 103
v 103 50 103
v 103 50 104
v 102 50 104
vn 0 -1 0
f 9489//2373 9490//2373 9491//2373 9492//2373
v 102 50 104
v 102 50 105
v 102 51 105
v 102 51 104
vn -1 0 0
f 9493//2374 9494//2374 9495//2374 9496//2374
v 102 51 105
v 103 51 105
v 103 51 104
v 102 51 104
vn 0 1 0
f 9497//2375 9498//2375 9499//2375 9500//2375
v 102 50 104
v 103 50 104
v 103 50 105
v 102 50 105
vn 0 -1 0
f 9501//2376 9502//2376 9503//2376 9504//2376
v 102 50 105
v 102 50 106
v 102 51 106
v 102 51 105
vn -1 0 0
f 9505//2377 9506//2377 9507//2377 9508//2377
v 102 51 106
v 103 51 106
v 103 51 105
v 102 51 105
vn 0 1 0
f 9509//2378 9510//2378 9511//2378 9512//2378
v 102 50 105
v 103 50 105
v 103 50 106
v 102 50 106
vn 0 -1 0
f 9513//2379 9514//2379 9515//2379 9516//2379
v 102 50 106
v 102 50 107
v 102 51 107
v 102 51 106
vn -1 0 0
f 9517//2380 9518//2380 9519//2380 9520//2380
v 102 51 107
v 103 51 107
v 103 51 106
v 102 51 106
vn 0 1 0
f 9521//2381 9522//2381 9523//2381 9524//2381
v 102 50 106
v 103 50 106
v 103 50 107
v 102 50 107
vn 0 -1 0
f 9525//2382 9526//2382 9527//2382 9528//2382
v 102 50 107
v 102 50 108
v 102 51 108
v 102 51 107
vn -1 0 0
f 9529//2383 9530//2383 9531//2383 9532//2383
v 102 51 108
v 103 51 108
v 103 51 107
v 102 51 107
vn 0 1 0
f 9533//2384 9534//2384 9535//2384 9536//2384
v 102 50 107
v 103 50 107
v 103 50 108
v 102 50 108
vn 0 -1 0
f 9537//2385 9538//2385 9539//2385 9540//2385
v 102 50 108
v 102 50 109
v 102 51 109
v 102 51 108
vn -1 0 0
f 9541//2386 9542//2386 9543//2386 9544//2386
v 102 51 109
v 103 51 109
v 103 51 108
v 102 51 108
vn 0 1 0
f 9545//2387 9546//2387 9547//2387 9548//2387
v 102 50 108
v 103 50 108
v 103 50 109
v 102 50 109
vn 0 -1 0
f 9549//2388 9550//2388 9551//2388 9552//2388
v 102 50 109
v 102 50 110
v 102 51 110
v 102 51 109
vn -1 0 0
f 9553//2389 9554//2389 9555//2389 9556//2389
v 102 51 110
v 103 51 110
v 103 51 109
v 102 51 109
vn 0 1 0
f 9557//2390 9558//2390 9559//2390 9560//2390
v 102 50 109
v 103 50 109
v 103 50 110
v 102 50 110
vn 0 -1 0
f 9561//2391 9562//2391 9563//2391 9564//2391
v 102 50 110
v 102 50 111
v 102 51 111
v 102 51 110
vn -1 0 0
f 9565//2392 9566//2392 9567//2392 9568//2392
v 102 51 111
v 103 51 111
v 103 51 110
v 102 51 110
vn 0 1 0
f 9569//2393 9570//2393 9571//2393 9572//2393
v 102 50 110
v 103 50 110
v 103 50 111
v 102 50 111
vn 0 -1 0
f 9573//2394 9574//2394 9575//2394 9576//2394
v 102 50 111
v 102 50 112
v 102 51 112
v 102 51 111
vn -1 0 0
f 9577//2395 9578//2395 9579//2395 9580//2395
v 102 51 112
v 103 51 112
v 103 51 111
v 102 51 111
vn 0 1 0
f 9581//2396 9582//2396 9583//2396 9584//2396
v 102 50 111
v 103 50 111
v 103 50 112
v 102 50 112
vn 0 -1 0
f 9585//2397 9586//2397 9587//2397 9588//2397
v 102 50 112
v 102 50 113
v 102 51 113
v 102 51 112
vn -1 0 0
f 9589//2398 9590//2398 9591//2398 9592//2398
v 102 51 113
v 103 51 113
v 103 51 112
v 102 51 112
vn 0 1 0
f 9593//2399 9594//2399 9595//2399 9596//2399
v 102 50 112
v 103 50 112
v 103 50 113
v 102 50 113
vn 0 -1 0
f 9597//2400 9598//2400 9599//2400 9600//2400
v 102 50 113
v 102 50 114
v 102 51 114
v 102 51 113
vn -1 0 0
f 9601//2401 9602//2401 9603//2401 9604//2401
v 102 51 114
v 103 51 114
v 103 51 113
v 102 51 113
vn 0 1 0
f 9605//2402 9606//2402 9607//2402 9608//2402
v 102 50 113
v 103 50 113
v 103 50 114
v 102 50 114
vn 0 -1 0
f 9609//2403 9610//2403 9611//2403 9612//2403
v 102 50 114
v 102 50 115
v 102 51 115
v 102 51 114
vn -1 0 0
f 9613//2404 9614//2404 9615//2404 9616//2404
v 102 51 115
v 103 51 115
v 103 51 114
v 102 51 114
vn 0 1 0
f 9617//2405 9618//2405 9619//2405 9620//2405
v 102 50 114
v 103 50 114
v 103 50 115
v 102 50 115
vn 0 -1 0
f 9621//2406 9622//2406 9623//2406 9624//2406
v 102 50 115
v 102 50 116
v 102 51 116
v 102 51 115
vn -1 0 0
f 9625//2407 9626//2407 9627//2407 9628//2407
v 102 51 116
v 103 51 116
v 103 51 115
v 102 51 115
vn 0 1 0
f 9629//2408 9630//2408 9631//2408 9632//2408
v 102 50 115
v 103 50 115
v 103 50 116
v 102 50 116
vn 0 -1 0
f 9633//2409 9634//2409 9635//2409 9636//2409
v 102 50 116
v 102 50 117
v 102 51 117
v 102 51 116
vn -1 0 0
f 9637//2410 9638//2410 9639//2410 9640//2410
v 102 51 117
v 103 51 117
v 103 51 116
v 102 51 116
vn 0 1 0
f 9641//2411 9642//2411 9643//2411 9644//2411
v 102 50 116
v 103 50 116
v 103 50 117
v 102 50 117
vn 0 -1 0
f 9645//2412 9646//2412 9647//2412 9648//2412
v 102 50 117
v 102 50 118
v 102 51 118
v 102 51 117
vn -1 0 0
f 9649//2413 9650//2413 9651//2413 9652//2413
v 103 51 118
v 102 51 118
v 102 50 118
v 103 50 118
vn 0 0 1
f 9653//2414 9654//2414 9655//2414 9656//2414
v 102 51 118
v 103 51 118
v 103 51 117
v 102 51 117
vn 0 1 0
f 9657//2415 9658//2415 9659//2415 9660//2415
v 102 50 117
v 103 50 117
v 103 50 118
v 102 50 118
vn 0 -1 0
f 9661//2416 9662//2416 9663//2416 9664//2416
v 103 51 102
v 104 51 102
v 104 50 102
v 103 50 102
vn 0 0 -1
f 9665//2417 9666//2417 9667//2417 9668//2417
v 103 51 103
v 104 51 103
v 104 51 102
v 103 51 102
vn 0 1 0
f 9669//2418 9670//2418 9671//2418 9672//2418
v 103 50 102
v 104 50 102
v 104 50 103
v 103 50 103
vn 0 -1 0
f 9673//2419 9674//2419 9675//2419 9676//2419
v 103 51 104
v 104 51 104
v 104 51 103
v 103 51 103
vn 0 1 0
f 9677//2420 9678//2420 9679//2420 9680//2420
v 103 50 103
v 104 50 103
v 104 50 104
v 103 50 104
vn 0 -1 0
f 9681//2421 9682//2421 9683//2421 9684//2421
v 103 51 105
v 104 51 105
v 104 51 104
v 103 51 104
vn 0 1 0
f 9685//2422 9686//2422 9687//2422 9688//2422
v 103 50 104
v 104 50 104
v 104 50 105
v 103 50 105
vn 0 -1 0
f 9689//2423 9690//2423 9691//2423 9692//2423
v 103 51 106
v 104 51 106
v 104 51 105
v 103 51 105
vn 0 1 0
f 9693//2424 9694//2424 9695//2424 9696//2424
v 103 50 105
v 104 50 105
v 104 50 106
v 103 50 106
vn 0 -1 0
f 9697//2425 9698//2425 9699//2425 9700//2425
v 103 51 107
v 104 51 107
v 104 51 106
v 103 51 106
vn 0 1 0
f 9701//2426 9702//2426 9703//2426 9704//2426
v 103 50 106
v 104 50 106
v 104 50 107
v 103 50 107
vn 0 -1 0
f 9705//2427 9706//2427 9707//2427 9708//2427
v 103 51 108
v 104 51 108
v 104 51 107
v 103 51 107
vn 0 1 0
f 9709//2428 9710//2428 9711//2428 9712//2428
v 103 50 107
v 104 50 107
v 104 50 108
v 103 50 108
vn 0 -1 0
f 9713//2429 9714//2429 9715//2429 9716//2429
v 103 51 109
v 104 51 109
v 104 51 108
v 103 51 108
vn 0 1 0
f 9717//2430 9718//2430 9719//2430 9720//2430
v 103 50 108
v 104 50 108
v 104 50 109
v 103 50 109
vn 0 -1 0
f 9721//2431 9722//2431 9723//2431 9724//2431
v 103 51 110
v 104 51 110
v 104 51 109
v 103 51 109
vn 0 1 0
f 9725//2432 9726//2432 9727//2432 9728//2432
v 103 50 109
v 104 50 109
v 104 50 110
v 103 50 110
vn 0 -1 0
f 9729//2433 9730//2433 9731//2433 9732//2433
v 103 51 111
v 104 51 111
v 104 51 110
v 103 51 110
vn 0 1 0
f 9733//2434 9734//2434 9735//2434 9736//2434
v 103 50 110
v 104 50 110
v 104 50 111
v 103 50 111
vn 0 -1 0
f 9737//2435 9738//2435 9739//2435 9740//2435
v 103 51 112
v 104 51 112
v 104 51 111
v 103 51 111
vn 0 1 0
f 9741//2436 9742//2436 9743//2436 9744//2436
v 103 50 111
v 104 50 111
v 104 50 112
v 103 50 112
vn 0 -1 0
f 9745//2437 9746//2437 9747//2437 9748//2437
v 103 51 113
v 104 51 113
v 104 51 112
v 103 51 112
vn 0 1 0
f 9749//2438 9750//2438 9751//2438 9752//2438
v 103 50 112
v 104 50 112
v 104 50 113
v 103 50 113
vn 0 -1 0
f 9753//2439 9754//2439 9755//2439 9756//2439
v 103 51 114
v 104 51 114
v 104 51 113
v 103 51 113
vn 0 1 0
f 9757//2440 9758//2440 9759//2440 9760//2440
v 103 50 113
v 104 50 113
v 104 50 114
v 103 50 114
vn 0 -1 0
f 9761//2441 9762//2441 9763//2441 9764//2441
v 103 51 115
v 104 51 115
v 104 51 114
v 103 51 114
vn 0 1 0
f 9765//2442 9766//2442 9767//2442 9768//2442
v 103 50 114
v 104 50 114
v 104 50 115
v 103 50 115
vn 0 -1 0
f 9769//2443 9770//2443 9771//2443 9772//2443
v 103 51 116
v 104 51 116
v 104 51 115
v 103 51 115
vn 0 1 0
f 9773//2444 9774//2444 9775//2444 9776//2444
v 103 50 115
v 104 50 115
v 104 50 116
v 103 50 116
vn 0 -1 0
f 9777//2445 9778//2445 9779//2445 9780//2445
v 103 51 117
v 104 51 117
v 104 51 116
v 103 51 116
vn 0 1 0
f 9781//2446 9782//2446 9783//2446 9784//2446
v 103 50 116
v 104 50 116
v 104 50 117
v 103 50 117
vn 0 -1 0
f 9785//2447 9786//2447 9787//2447 9788//2447
v 104 51 118
v 103 51 118
v 103 50 118
v 104 50 118
vn 0 0 1
f 9789//2448 9790//2448 9791//2448 9792//2448
v 103 51 118
v 104 51 118
v 104 51 117
v 103 51 117
vn 0 1 0
f 9793//2449 9794//2449 9795//2449 9796//2449
v 103 50 117
v 104 50 117
v 104 50 118
v 103 50 118
vn 0 -1 0
f 9797//2450 9798//2450 9799//2450 9800//2450
v 104 51 102
v 105 51 102
v 105 50 102
v 104 50 102
vn 0 0 -1
f 9801//2451 9802//2451 9803//2451 9804//2451
v 104 51 103
v 105 51 103
v 105 51 102
v 104 51 102
vn 0 1 0
f 9805//2452 9806//2452 9807//2452 9808//2452
v 104 50 102
v 105 50 102
v 105 50 103
v 104 50 103
vn 0 -1 0
f 9809//2453 9810//2453 9811//2453 9812//2453
v 104 51 104
v 105 51 104
v 105 51 103
v 104 51 103
vn 0 1 0
f 9813//2454 9814//2454 9815//2454 9816//2454
v 104 50 103
v 105 50 103
v 105 50 104
v 104 50 104
vn 0 -1 0
f 9817//2455 9818//2455 9819//2455 9820//2455
v 104 51 105
v 105 51 105
v 105 51 104
v 104 51 104
vn 0 1 0
f 9821//2456 9822//2456 9823//2456 9824//2456
v 104 51 106
v 105 51 106
v 105 51 105
v 104 51 105
vn 0 1 0
f 9825//2457 9826//2457 9827//2457 9828//2457
v 104 51 107
v 105 51 107
v 105 51 106
v 104 51 106
vn 0 1 0
f 9829//2458 9830//2458 9831//2458 9832//2458
v 104 51 108
v 105 51 108
v 105 51 107
v 104 51 107
vn 0 1 0
f 9833//2459 9834//2459 9835//2459 9836//2459
v 104 51 109
v 105 51 109
v 105 51 108
v 104 51 108
vn 0 1 0
f 9837//2460 9838//2460 9839//2460 9840//2460
v 104 51 110
v 105 51 110
v 105 51 109
v 104 51 109
vn 0 1 0
f 9841//2461 9842//2461 9843//2461 9844//2461
v 104 50 109
v 105 50 109
v 105 50 110
v 104 50 110
vn 0 -1 0
f 9845//2462 9846//2462 9847//2462 9848//2462
v 104 51 111
v 105 51 111
v 105 51 110
v 104 51 110
vn 0 1 0
f 9849//2463 9850//2463 9851//2463 9852//2463
v 104 50 110
v 105 50 110
v 105 50 111
v 104 50 111
vn 0 -1 0
f 9853//2464 9854//2464 9855//2464 9856//2464
v 104 51 112
v 105 51 112
v 105 51 111
v 104 51 111
vn 0 1 0
f 9857//2465 9858//2465 9859//2465 9860//2465
v 104 50 111
v 105 50 111
v 105 50 112
v 104 50 112
vn 0 -1 0
f 9861//2466 9862//2466 9863//2466 9864//2466
v 104 51 113
v 105 51 113
v 105 51 112
v 104 51 112
vn 0 1 0
f 9865//2467 9866//2467 9867//2467 9868//2467
v 104 50 112
v 105 50 112
v 105 50 113
v 104 50 113
vn 0 -1 0
f 9869//2468 9870//2468 9871//2468 9872//2468
v 104 51 114
v 105 51 114
v 105 51 113
v 104 51 113
vn 0 1 0
f 9873//2469 9874//2469 9875//2469 9876//2469
v 104 50 113
v 105 50 113
v 105 50 114
v 104 50 114
vn 0 -1 0
f 9877//2470 9878//2470 9879//2470 9880//2470
v 104 51 115
v 105 51 115
v 105 51 114
v 104 51 114
vn 0 1 0
f 9881//2471 9882//2471 9883//2471 9884//2471
v 104 50 114
v 105 50 114
v 105 50 115
v 104 50 115
vn 0 -1 0
f 9885//2472 9886//2472 9887//2472 9888//2472
v 104 51 116
v 105 51 116
v 105 51 115
v 104 51 115
vn 0 1 0
f 9889//2473 9890//2473 9891//2473 9892//2473
v 104 50 115
v 105 50 115
v 105 50 116
v 104 50 116
vn 0 -1 0
f 9893//2474 9894//2474 9895//2474 9896//2474
v 104 51 117
v 105 51 117
v 105 51 116
v 104 51 116
vn 0 1 0
f 9897//2475 9898//2475 9899//2475 9900//2475
v 104 50 116
v 105 50 116
v 105 50 117
v 104 50 117
vn 0 -1 0
f 9901//2476 9902//2476 9903//2476 9904//2476
v 105 51 118
v 104 51 118
v 104 50 118
v 105 50 118
vn 0 0 1
f 9905//2477 9906//2477 9907//2477 9908//2477
v 104 51 118
v 105 51 118
v 105 51 117
v 104 51 117
vn 0 1 0
f 9909//2478 9910//2478 9911//2478 9912//2478
v 104 50 117
v 105 50 117
v 105 50 118
v 104 50 118
vn 0 -1 0
f 9913//2479 9914//2479 9915//2479 9916//2479
v 105 51 102
v 106 51 102
v 106 50 102
v 105 50 102
vn 0 0 -1
f 9917//2480 9918//2480 9919//2480 9920//2480
v 105 51 103
v 106 51 103
v 106 51 102
v 105 51 102
vn 0 1 0
f 9921//2481 9922//2481 9923//2481 9924//2481
v 105 50 102
v 106 50 102
v 106 50 103
v 105 50 103
vn 0 -1 0
f 9925//2482 9926//2482 9927//2482 9928//2482
v 105 51 104
v 106 51 104
v 106 51 103
v 105 51 103
vn 0 1 0
f 9929//2483 9930//2483 9931//2483 9932//2483
v 105 50 103
v 106 50 103
v 106 50 104
v 105 50 104
vn 0 -1 0
f 9933//2484 9934//2484 9935//2484 9936//2484
v 105 50 109
v 106 50 109
v 106 50 110
v 105 50 110
vn 0 -1 0
f 9937//2485 9938//2485 9939//2485 9940//2485
v 105 50 110
v 106 50 110
v 106 50 111
v 105 50 111
vn 0 -1 0
f 9941//2486 9942//2486 9943//2486 9944//2486
v 105 50 111
v 106 50 111
v 106 50 112
v 105 50 112
vn 0 -1 0
f 9945//2487 9946//2487 9947//2487 9948//2487
v 105 50 112
v 106 50 112
v 106 50 113
v 105 50 113
vn 0 -1 0
f 9949//2488 9950//2488 9951//2488 9952//2488
v 105 50 113
v 106 50 113
v 106 50 114
v 105 50 114
vn 0 -1 0
f 9953//2489 9954//2489 9955//2489 9956//2489
v 105 50 114
v 106 50 114
v 106 50 115
v 105 50 115
vn 0 -1 0
f 9957//2490 9958//2490 9959//2490 9960//2490
v 105 50 115
v 106 50 115
v 106 50 116
v 105 50 116
vn 0 -1 0
f 9961//2491 9962//2491 9963//2491 9964//2491
v 105 51 117
v 106 51 117
v 106 51 116
v 105 51 116
vn 0 1 0
f 9965//2492 9966//2492 9967//2492 9968//2492
v 105 50 116
v 106 50 116
v 106 50 117
v 105 50 117
vn 0 -1 0
f 9969//2493 9970//2493 9971//2493 9972//2493
v 106 51 118
v 105 51 118
v 105 50 118
v 106 50 118
vn 0 0 1
f 9973//2494 9974//2494 9975//2494 9976//2494
v 105 51 118
v 106 51 118
v 106 51 117
v 105 51 117
vn 0 1 0
f 9977//2495 9978//2495 9979//2495 9980//2495
v 105 50 117
v 106 50 117
v 106 50 118
v 105 50 118
vn 0 -1 0
f 9981//2496 9982//2496 9983//2496 9984//2496
v 106 51 102
v 107 51 102
v 107 50 102
v 106 50 102
vn 0 0 -1
f 9985//2497 9986//2497 9987//2497 9988//2497
v 106 51 103
v 107 51 103
v 107 51 102
v 106 51 102
vn 0 1 0
f 9989//2498 9990//2498 9991//2498 9992//2498
v 106 50 102
v 107 50 102
v 107 50 103
v 106 50 103
vn 0 -1 0
f 9993//2499 9994//2499 9995//2499 9996//2499
v 106 51 104
v 107 51 104
v 107 51 103
v 106 51 103
vn 0 1 0
f 9997//2500 9998//2500 9999//2500 10000//2500
v 106 50 103
v 107 50 103
v 107 50 104
v 106 50 104
vn 0 -1 0
f 10001//2501 10002//2501 10003//2501 10004//2501
v 106 50 109
v 107 50 109
v 107 50 110
v 106 50 110
vn 0 -1 0
f 10005//2502 10006//2502 10007//2502 10008//2502
v 106 50 110
v 107 50 110
v 107 50 111
v 106 50 111
vn 0 -1 0
f 10009//2503 10010//2503 10011//2503 10012//2503
v 106 50 111
v 107 50 111
v 107 50 112
v 106 50 112
vn 0 -1 0
f 10013//2504 10014//2504 10015//2504 10016//2504
v 106 50 112
v 107 50 112
v 107 50 113
v 106 50 113
vn 0 -1 0
f 10017//2505 10018//2505 10019//2505 10020//2505
v 106 50 113
v 107 50 113
v 107 50 114
v 106 50 114
vn 0 -1 0
f 10021//2506 10022//2506 10023//2506 10024//2506
v 106 50 114
v 107 50 114
v 107 50 115
v 106 50 115
vn 0 -1 0
f 10025//2507 10026//2507 10027//2507 10028//2507
v 106 50 115
v 107 50 115
v 107 50 116
v 106 50 116
vn 0 -1 0
f 10029//2508 10030//2508 10031//2508 10032//2508
v 106 51 117
v 107 51 117
v 107 51 116
v 106 51 116
vn 0 1 0
f 10033//2509 10034//2509 10035//2509 10036//2509
v 106 50 116
v 107 50 116
v 107 50 117
v 106 50 117
vn 0 -1 0
f 10037//2510 10038//2510 10039//2510 10040//2510
v 107 51 118
v 106 51 118
v 106 50 118
v 107 50 118
vn 0 0 1
f 10041//2511 10042//2511 10043//2511 10044//2511
v 106 51 118
v 107 51 118
v 107 51 117
v 106 51 117
vn 0 1 0
f 10045//2512 10046//2512 10047//2512 10048//2512
v 106 50 117
v 107 50 117
v 107 50 118
v 106 50 118
vn 0 -1 0
f 10049//2513 10050//2513 10051//2513 10052//2513
v 107 51 102
v 108 51 102
v 108 50 102
v 107 50 102
vn 0 0 -1
f 10053//2514 10054//2514 10055//2514 10056//2514
v 107 51 103
v 108 51 103
v 108 51 102
v 107 51 102
vn 0 1 0
f 10057//2515 10058//2515 10059//2515 10060//2515
v 107 50 102
v 108 50 102
v 108 50 103
v 107 50 103
vn 0 -1 0
f 10061//2516 10062//2516 10063//2516 10064//2516
v 107 51 104
v 108 51 104
v 108 51 103
v 107 51 103
vn 0 1 0
f 10065//2517 10066//2517 10067//2517 10068//2517
v 107 50 103
v 108 50 103
v 108 50 104
v 107 50 104
vn 0 -1 0
f 10069//2518 10070//2518 10071//2518 10072//2518
v 107 50 109
v 108 50 109
v 108 50 110
v 107 50 110
vn 0 -1 0
f 10073//2519 10074//2519 10075//2519 10076//2519
v 107 50 110
v 108 50 110
v 108 50 111
v 107 50 111
vn 0 -1 0
f 10077//2520 10078//2520 10079//2520 10080//2520
v 107 50 111
v 108 50 111
v 108 50 112
v 107 50 112
vn 0 -1 0
f 10081//2521 10082//2521 10083//2521 10084//2521
v 107 50 112
v 108 50 112
v 108 50 113
v 107 50 113
vn 0 -1 0
f 10085//2522 10086//2522 10087//2522 10088//2522
v 107 50 113
v 108 50 113
v 108 50 114
v 107 50 114
vn 0 -1 0
f 10089//2523 10090//2523 10091//2523 10092//2523
v 107 50 114
v 108 50 114
v 108 50 115
v 107 50 115
vn 0 -1 0
f 10093//2524 10094//2524 10095//2524 10096//2524
v 107 50 115
v 108 50 115
v 108 50 116
v 107 50 116
vn 0 -1 0
f 10097//2525 10098//2525 10099//2525 10100//2525
v 107 51 117
v 108 51 117
v 108 51 116
v 107 51 116
vn 0 1 0
f 10101//2526 10102//2526 10103//2526 10104//2526
v 107 50 116
v 108 50 116
v 108 50 117
v 107 50 117
vn 0 -1 0
f 10105//2527 10106//2527 10107//2527 10108//2527
v 108 51 118
v 107 51 118
v 107 50 118
v 108 50 118
vn 0 0 1
f 10109//2528 10110//2528 10111//2528 10112//2528
v 107 51 118
v 108 51 118
v 108 51 117
v 107 51 117
vn 0 1 0
f 10113//2529 10114//2529 10115//2529 10116//2529
v 107 50 117
v 108 50 117
v 108 50 118
v 107 50 118
vn 0 -1 0
f 10117//2530 10118//2530 10119//2530 10120//2530
v 108 51 102
v 109 51 102
v 109 50 102
v 108 50 102
vn 0 0 -1
f 10121//2531 10122//2531 10123//2531 10124//2531
v 108 51 103
v 109 51 103
v 109 51 102
v 108 51 102
vn 0 1 0
f 10125//2532 10126//2532 10127//2532 10128//2532
v 108 50 102
v 109 50 102
v 109 50 103
v 108 50 103
vn 0 -1 0
f 10129//2533 10130//2533 10131//2533 10132//2533
v 108 51 104
v 109 51 104
v 109 51 103
v 108 51 103
vn 0 1 0
f 10133//2534 10134//2534 10135//2534 10136//2534
v 108 50 103
v 109 50 103
v 109 50 104
v 108 50 104
vn 0 -1 0
f 10137//2535 10138//2535 10139//2535 10140//2535
v 108 50 109
v 109 50 109
v 109 50 110
v 108 50 110
vn 0 -1 0
f 10141//2536 10142//2536 10143//2536 10144//2536
v 108 50 110
v 109 50 110
v 109 50 111
v 108 50 111
vn 0 -1 0
f 10145//2537 10146//2537 10147//2537 10148//2537
v 108 50 111
v 109 50 111
v 109 50 112
v 108 50 112
vn 0 -1 0
f 10149//2538 10150//2538 10151//2538 10152//2538
v 108 50 112
v 109 50 112
v 109 50 113
v 108 50 113
vn 0 -1 0
f 10153//2539 10154//2539 10155//2539 10156//2539
v 108 50 113
v 109 50 113
v 109 50 114
v 108 50 114
vn 0 -1 0
f 10157//2540 10158//2540 10159//2540 10160//2540
v 108 50 114
v 109 50 114
v 109 50 115
v 108 50 115
vn 0 -1 0
f 10161//2541 10162//2541 10163//2541 10164//2541
v 108 50 115
v 109 50 115
v 109 50 116
v 108 50 116
vn 0 -1 0
f 10165//2542 10166//2542 10167//2542 10168//2542
v 108 51 117
v 109 51 117
v 109 51 116
v 108 51 116
vn 0 1 0
f 10169//2543 10170//2543 10171//2543 10172//2543
v 108 50 116
v 109 50 116
v 109 50 117
v 108 50 117
vn 0 -1 0
f 10173//2544 10174//2544 10175//2544 10176//2544
v 109 51 118
v 108 51 118
v 108 50 118
v 109 50 118
vn 0 0 1
f 10177//2545 10178//2545 10179//2545 10180//2545
v 108 51 118
v 109 51 118
v 109 51 117
v 108 51 117
vn 0 1 0
f 10181//2546 10182//2546 10183//2546 10184//2546
v 108 50 117
v 109 50 117
v 109 50 118
v 108 50 118
vn 0 -1 0
f 10185//2547 10186//2547 10187//2547 10188//2547
v 109 51 102
v 110 51 102
v 110 50 102
v 109 50 102
vn 0 0 -1
f 10189//2548 10190//2548 10191//2548 10192//2548
v 109 51 103
v 110 51 103
v 110 51 102
v 109 51 102
vn 0 1 0
f 10193//2549 10194//2549 10195//2549 10196//2549
v 109 50 102
v 110 50 102
v 110 50 103
v 109 50 103
vn 0 -1 0
f 10197//2550 10198//2550 10199//2550 10200//2550
v 109 51 104
v 110 51 104
v 110 51 103
v 109 51 103
vn 0 1 0
f 10201//2551 10202//2551 10203//2551 10204//2551
v 109 50 103
v 110 50 103
v 110 50 104
v 109 50 104
vn 0 -1 0
f 10205//2552 10206//2552 10207//2552 10208//2552
v 109 50 104
v 110 50 104
v 110 50 105
v 109 50 105
vn 0 -1 0
f 10209//2553 10210//2553 10211//2553 10212//2553
v 109 50 105
v 110 50 105
v 110 50 106
v 109 50 106
vn 0 -1 0
f 10213//2554 10214//2554 10215//2554 10216//2554
v 109 50 106
v 110 50 106
v 110 50 107
v 109 50 107
vn 0 -1 0
f 10217//2555 10218//2555 10219//2555 10220//2555
v 109 50 107
v 110 50 107
v 110 50 108
v 109 50 108
vn 0 -1 0
f 10221//2556 10222//2556 10223//2556 10224//2556
v 109 50 108
v 110 50 108
v 110 50 109
v 109 50 109
vn 0 -1 0
f 10225//2557 10226//2557 10227//2557 10228//2557
v 109 50 109
v 110 50 109
v 110 50 110
v 109 50 110
vn 0 -1 0
f 10229//2558 10230//2558 10231//2558 10232//2558
v 109 50 110
v 110 50 110
v 110 50 111
v 109 50 111
vn 0 -1 0
f 10233//2559 10234//2559 10235//2559 10236//2559
v 109 50 111
v 110 50 111
v 110 50 112
v 109 50 112
vn 0 -1 0
f 10237//2560 10238//2560 10239//2560 10240//2560
v 109 50 112
v 110 50 112
v 110 50 113
v 109 50 113
vn 0 -1 0
f 10241//2561 10242//2561 10243//2561 10244//2561
v 109 50 113
v 110 50 113
v 110 50 114
v 109 50 114
vn 0 -1 0
f 10245//2562 10246//2562 10247//2562 10248//2562
v 109 50 114
v 110 50 114
v 110 50 115
v 109 50 115
vn 0 -1 0
f 10249//2563 10250//2563 10251//2563 10252//2563
v 109 50 115
v 110 50 115
v 110 50 116
v 109 50 116
vn 0 -1 0
f 10253//2564 10254//2564 10255//2564 10256//2564
v 109 51 117
v 110 51 117
v 110 51 116
v 109 51 116
vn 0 1 0
f 10257//2565 10258//2565 10259//2565 10260//2565
v 109 50 116
v 110 50 116
v 110 50 117
v 109 50 117
vn 0 -1 0
f 10261//2566 10262//2566 10263//2566 10264//2566
v 110 51 118
v 109 51 118
v 109 50 118
v 110 50 118
vn 0 0 1
f 10265//2567 10266//2567 10267//2567 10268//2567
v 109 51 118
v 110 51 118
v 110 51 117
v 109 51 117
vn 0 1 0
f 10269//2568 10270//2568 10271//2568 10272//2568
v 109 50 117
v 110 50 117
v 110 50 118
v 109 50 118
vn 0 -1 0
f 10273//2569 10274//2569 10275//2569 10276//2569
v 110 51 102
v 111 51 102
v 111 50 102
v 110 50 102
vn 0 0 -1
f 10277//2570 10278//2570 10279//2570 10280//2570
v 110 51 103
v 111 51 103
v 111 51 102
v 110 51 102
vn 0 1 0
f 10281//2571 10282//2571 10283//2571 10284//2571
v 110 50 102
v 111 50 102
v 111 50 103
v 110 50 103
vn 0 -1 0
f 10285//2572 10286//2572 10287//2572 10288//2572
v 110 51 104
v 111 51 104
v 111 51 103
v 110 51 103
vn 0 1 0
f 10289//2573 10290//2573 10291//2573 10292//2573
v 110 50 103
v 111 50 103
v 111 50 104
v 110 50 104
vn 0 -1 0
f 10293//2574 10294//2574 10295//2574 10296//2574
v 110 50 104
v 111 50 104
v 111 50 105
v 110 50 105
vn 0 -1 0
f 10297//2575 10298//2575 10299//2575 10300//2575
v 110 50 105
v 111 50 105
v 111 50 106
v 110 50 106
vn 0 -1 0
f 10301//2576 10302//2576 10303//2576 10304//2576
v 110 50 106
v 111 50 106
v 111 50 107
v 110 50 107
vn 0 -1 0
f 10305//2577 10306//2577 10307//2577 10308//2577
v 110 50 107
v 111 50 107
v 111 50 108
v 110 50 108
vn 0 -1 0
f 10309//2578 10310//2578 10311//2578 10312//2578
v 110 50 108
v 111 50 108
v 111 50 109
v 110 50 109
vn 0 -1 0
f 10313//2579 10314//2579 10315//2579 10316//2579
v 110 50 109
v 111 50 109
v 111 50 110
v 110 50 110
vn 0 -1 0
f 10317//2580 10318//2580 10319//2580 10320//2580
v 110 50 110
v 111 50 110
v 111 50 111
v 110 50 111
vn 0 -1 0
f 10321//2581 10322//2581 10323//2581 10324//2581
v 110 50 111
v 111 50 111
v 111 50 112
v 110 50 112
vn 0 -1 0
f 10325//2582 10326//2582 10327//2582 10328//2582
v 110 50 112
v 111 50 112
v 111 50 113
v 110 50 113
vn 0 -1 0
f 10329//2583 10330//2583 10331//2583 10332//2583
v 110 50 113
v 111 50 113
v 111 50 114
v 110 50 114
vn 0 -1 0
f 10333//2584 10334//2584 10335//2584 10336//2584
v 110 50 114
v 111 50 114
v 111 50 115
v 110 50 115
vn 0 -1 0
f 10337//2585 10338//2585 10339//2585 10340//2585
v 110 50 115
v 111 50 115
v 111 50 116
v 110 50 116
vn 0 -1 0
f 10341//2586 10342//2586 10343//2586 10344//2586
v 110 51 117
v 111 51 117
v 111 51 116
v 110 51 116
vn 0 1 0
f 10345//2587 10346//2587 10347//2587 10348//2587
v 110 50 116
v 111 50 116
v 111 50 117
v 110 50 117
vn 0 -1 0
f 10349//2588 10350//2588 10351//2588 10352//2588
v 111 51 118
v 110 51 118
v 110 50 118
v 111 50 118
vn 0 0 1
f 10353//2589 10354//2589 10355//2589 10356//2589
v 110 51 118
v 111 51 118
v 111 51 117
v 110 51 117
vn 0 1 0
f 10357//2590 10358//2590 10359//2590 10360//2590
v 110 50 117
v 111 50 117
v 111 50 118
v 110 50 118
vn 0 -1 0
f 10361//2591 10362//2591 10363//2591 10364//2591
v 111 51 102
v 112 51 102
v 112 50 102
v 111 50 102
vn 0 0 -1
f 10365//2592 10366//2592 10367//2592 10368//2592
v 111 51 103
v 112 51 103
v 112 51 102
v 111 51 102
vn 0 1 0
f 10369//2593 10370//2593 10371//2593 10372//2593
v 111 50 102
v 112 50 102
v 112 50 103
v 111 50 103
vn 0 -1 0
f 10373//2594 10374//2594 10375//2594 10376//2594
v 111 51 104
v 112 51 104
v 112 51 103
v 111 51 103
vn 0 1 0
f 10377//2595 10378//2595 10379//2595 10380//2595
v 111 50 103
v 112 50 103
v 112 50 104
v 111 50 104
vn 0 -1 0
f 10381//2596 10382//2596 10383//2596 10384//2596
v 111 50 104
v 112 50 104
v 112 50 105
v 111 50 105
vn 0 -1 0
f 10385//2597 10386//2597 10387//2597 10388//2597
v 111 50 105
v 112 50 105
v 112 50 106
v 111 50 106
vn 0 -1 0
f 10389//2598 10390//2598 10391//2598 10392//2598
v 111 50 106
v 112 50 106
v 112 50 107
v 111 50 107
vn 0 -1 0
f 10393//2599 10394//2599 10395//2599 10396//2599
v 111 50 107
v 112 50 107
v 112 50 108
v 111 50 108
vn 0 -1 0
f 10397//2600 10398//2600 10399//2600 10400//2600
v 111 50 108
v 112 50 108
v 112 50 109
v 111 50 109
vn 0 -1 0
f 10401//2601 10402//2601 10403//2601 10404//2601
v 111 50 109
v 112 50 109
v 112 50 110
v 111 50 110
vn 0 -1 0
f 10405//2602 10406//2602 10407//2602 10408//2602
v 111 50 110
v 112 50 110
v 112 50 111
v 111 50 111
vn 0 -1 0
f 10409//2603 10410//2603 10411//2603 10412//2603
v 111 50 111
v 112 50 111
v 112 50 112
v 111 50 112
vn 0 -1 0
f 10413//2604 10414//2604 10415//2604 10416//2604
v 111 50 112
v 112 50 112
v 112 50 113
v 111 50 113
vn 0 -1 0
f 10417//2605 10418//2605 10419//2605 10420//2605
v 111 50 113
v 112 50 113
v 112 50 114
v 111 50 114
vn 0 -1 0
f 10421//2606 10422//2606 10423//2606 10424//2606
v 111 50 114
v 112 50 114
v 112 50 115
v 111 50 115
vn 0 -1 0
f 10425//2607 10426//2607 10427//2607 10428//2607
v 111 50 115
v 112 50 115
v 112 50 116
v 111 50 116
vn 0 -1 0
f 10429//2608 10430//2608 10431//2608 10432//2608
v 111 51 117
v 112 51 117
v 112 51 116
v 111 51 116
vn 0 1 0
f 10433//2609 10434//2609 10435//2609 10436//2609
v 111 50 116
v 112 50 116
v 112 50 117
v 111 50 117
vn 0 -1 0
f 10437//2610 10438//2610 10439//2610 10440//2610
v 112 51 118
v 111 51 118
v 111 50 118
v 112 50 118
vn 0 0 1
f 10441//2611 10442//2611 10443//2611 10444//2611
v 111 51 118
v 112 51 118
v 112 51 117
v 111 51 117
vn 0 1 0
f 10445//2612 10446//2612 10447//2612 10448//2612
v 111 50 117
v 112 50 117
v 112 50 118
v 111 50 118
vn 0 -1 0
f 10449//2613 10450//2613 10451//2613 10452//2613
v 112 51 102
v 113 51 102
v 113 50 102
v 112 50 102
vn 0 0 -1
f 10453//2614 10454//2614 10455//2614 10456//2614
v 112 51 103
v 113 51 103
v 113 51 102
v 112 51 102
vn 0 1 0
f 10457//2615 10458//2615 10459//2615 10460//2615
v 112 50 102
v 113 50 102
v 113 50 103
v 112 50 103
vn 0 -1 0
f 10461//2616 10462//2616 10463//2616 10464//2616
v 112 51 104
v 113 51 104
v 113 51 103
v 112 51 103
vn 0 1 0
f 10465//2617 10466//2617 10467//2617 10468//2617
v 112 50 103
v 113 50 103
v 113 50 104
v 112 50 104
vn 0 -1 0
f 10469//2618 10470//2618 10471//2618 10472//2618
v 112 50 104
v 113 50 104
v 113 50 105
v 112 50 105
vn 0 -1 0
f 10473//2619 10474//2619 10475//2619 10476//2619
v 112 50 105
v 113 50 105
v 113 50 106
v 112 50 106
vn 0 -1 0
f 10477//2620 10478//2620 10479//2620 10480//2620
v 112 50 106
v 113 50 106
v 113 50 107
v 112 50 107
vn 0 -1 0
f 10481//2621 10482//2621 10483//2621 10484//2621
v 112 50 107
v 113 50 107
v 113 50 108
v 112 50 108
vn 0 -1 0
f 10485//2622 10486//2622 10487//2622 10488//2622
v 112 50 108
v 113 50 108
v 113 50 109
v 112 50 109
vn 0 -1 0
f 10489//2623 10490//2623 10491//2623 10492//2623
v 112 50 109
v 113 50 109
v 113 50 110
v 112 50 110
vn 0 -1 0
f 10493//2624 10494//2624 10495//2624 10496//2624
v 112 50 110
v 113 50 110
v 113 50 111
v 112 50 111
vn 0 -1 0
f 10497//2625 10498//2625 10499//2625 10500//2625
v 112 50 111
v 113 50 111
v 113 50 112
v 112 50 112
vn 0 -1 0
f 10501//2626 10502//2626 10503//2626 10504//2626
v 112 50 112
v 113 50 112
v 113 50 113
v 112 50 113
vn 0 -1 0
f 10505//2627 10506//2627 10507//2627 10508//2627
v 112 50 113
v 113 50 113
v 113 50 114
v 112 50 114
vn 0 -1 0
f 10509//2628 10510//2628 10511//2628 10512//2628
v 112 50 114
v 113 50 114
v 113 50 115
v 112 50 115
vn 0 -1 0
f 10513//2629 10514//2629 10515//2629 10516//2629
v 112 50 115
v 113 50 115
v 113 50 116
v 112 50 116
vn 0 -1 0
f 10517//2630 10518//2630 10519//2630 10520//2630
v 112 51 117
v 113 51 117
v 113 51 116
v 112 51 116
vn 0 1 0
f 10521//2631 10522//2631 10523//2631 10524//2631
v 112 50 116
v 113 50 116
v 113 50 117
v 112 50 117
vn 0 -1 0
f 10525//2632 10526//2632 10527//2632 10528//2632
v 113 51 118
v 112 51 118
v 112 50 118
v 113 50 118
vn 0 0 1
f 10529//2633 10530//2633 10531//2633 10532//2633
v 112 51 118
v 113 51 118
v 113 51 117
v 112 51 117
vn 0 1 0
f 10533//2634 10534//2634 10535//2634 10536//2634
v 112 50 117
v 113 50 117
v 113 50 118
v 112 50 118
vn 0 -1 0
f 10537//2635 10538//2635 10539//2635 10540//2635
v 113 51 102
v 114 51 102
v 114 50 102
v 113 50 102
vn 0 0 -1
f 10541//2636 10542//2636 10543//2636 10544//2636
v 113 51 103
v 114 51 103
v 114 51 102
v 113 51 102
vn 0 1 0
f 10545//2637 10546//2637 10547//2637 10548//2637
v 113 50 102
v 114 50 102
v 114 50 103
v 113 50 103
vn 0 -1 0
f 10549//2638 10550//2638 10551//2638 10552//2638
v 113 51 104
v 114 51 104
v 114 51 103
v 113 51 103
vn 0 1 0
f 10553//2639 10554//2639 10555//2639 10556//2639
v 113 50 103
v 114 50 103
v 114 50 104
v 113 50 104
vn 0 -1 0
f 10557//2640 10558//2640 10559//2640 10560//2640
v 113 50 104
v 114 50 104
v 114 50 105
v 113 50 105
vn 0 -1 0
f 10561//2641 10562//2641 10563//2641 10564//2641
v 113 50 105
v 114 50 105
v 114 50 106
v 113 50 106
vn 0 -1 0
f 10565//2642 10566//2642 10567//2642 10568//2642
v 113 50 106
v 114 50 106
v 114 50 107
v 113 50 107
vn 0 -1 0
f 10569//2643 10570//2643 10571//2643 10572//2643
v 113 50 107
v 114 50 107
v 114 50 108
v 113 50 108
vn 0 -1 0
f 10573//2644 10574//2644 10575//2644 10576//2644
v 113 50 108
v 114 50 108
v 114 50 109
v 113 50 109
vn 0 -1 0
f 10577//2645 10578//2645 10579//2645 10580//2645
v 113 50 109
v 114 50 109
v 114 50 110
v 113 50 110
vn 0 -1 0
f 10581//2646 10582//2646 10583//2646 10584//2646
v 113 50 110
v 114 50 110
v 114 50 111
v 113 50 111
vn 0 -1 0
f 10585//2647 10586//2647 10587//2647 10588//2647
v 113 50 111
v 114 50 111
v 114 50 112
v 113 50 112
vn 0 -1 0
f 10589//2648 10590//2648 10591//2648 10592//2648
v 113 50 112
v 114 50 112
v 114 50 113
v 113 50 113
vn 0 -1 0
f 10593//2649 10594//2649 10595//2649 10596//2649
v 113 50 113
v 114 50 113
v 114 50 114
v 113 50 114
vn 0 -1 0
f 10597//2650 10598//2650 10599//2650 10600//2650
v 113 50 114
v 114 50 114
v 114 50 115
v 113 50 115
vn 0 -1 0
f 10601//2651 10602//2651 10603//2651 10604//2651
v 113 50 115
v 114 50 115
v 114 50 116
v 113 50 116
vn 0 -1 0
f 10605//2652 10606//2652 10607//2652 10608//2652
v 113 51 117
v 114 51 117
v 114 51 116
v 113 51 116
vn 0 1 0
f 10609//2653 10610//2653 10611//2653 10612//2653
v 113 50 116
v 114 50 116
v 114 50 117
v 113 50 117
vn 0 -1 0
f 10613//2654 10614//2654 10615//2654 10616//2654
v 114 51 118
v 113 51 118
v 113 50 118
v 114 50 118
vn 0 0 1
f 10617//2655 10618//2655 10619//2655 10620//2655
v 113 51 118
v 114 51 118
v 114 51 117
v 113 51 117
vn 0 1 0
f 10621//2656 10622//2656 10623//2656 10624//2656
v 113 50 117
v 114 50 117
v 114 50 118
v 113 50 118
vn 0 -1 0
f 10625//2657 10626//2657 10627//2657 10628//2657
v 114 51 102
v 115 51 102
v 115 50 102
v 114 50 102
vn 0 0 -1
f 10629//2658 10630//2658 10631//2658 10632//2658
v 114 51 103
v 115 51 103
v 115 51 102
v 114 51 102
vn 0 1 0
f 10633//2659 10634//2659 10635//2659 10636//2659
v 114 50 102
v 115 50 102
v 115 50 103
v 114 50 103
vn 0 -1 0
f 10637//2660 10638//2660 10639//2660 10640//2660
v 114 51 104
v 115 51 104
v 115 51 103
v 114 51 103
vn 0 1 0
f 10641//2661 10642//2661 10643//2661 10644//2661
v 114 50 103
v 115 50 103
v 115 50 104
v 114 50 104
vn 0 -1 0
f 10645//2662 10646//2662 10647//2662 10648//2662
v 114 50 104
v 115 50 104
v 115 50 105
v 114 50 105
vn 0 -1 0
f 10649//2663 10650//2663 10651//2663 10652//2663
v 114 50 105
v 115 50 105
v 115 50 106
v 114 50 106
vn 0 -1 0
f 10653//2664 10654//2664 10655//2664 10656//2664
v 114 50 106
v 115 50 106
v 115 50 107
v 114 50 107
vn 0 -1 0
f 10657//2665 10658//2665 10659//2665 10660//2665
v 114 50 107
v 115 50 107
v 115 50 108
v 114 50 108
vn 0 -1 0
f 10661//2666 10662//2666 10663//2666 10664//2666
v 114 50 108
v 115 50 108
v 115 50 109
v 114 50 109
vn 0 -1 0
f 10665//2667 10666//2667 10667//2667 10668//2667
v 114 50 109
v 115 50 109
v 115 50 110
v 114 50 110
vn 0 -1 0
f 10669//2668 10670//2668 10671//2668 10672//2668
v 114 50 110
v 115 50 110
v 115 50 111
v 114 50 111
vn 0 -1 0
f 10673//2669 10674//2669 10675//2669 10676//2669
v 114 50 111
v 115 50 111
v 115 50 112
v 114 50 112
vn 0 -1 0
f 10677//2670 10678//2670 10679//2670 10680//2670
v 114 50 112
v 115 50 112
v 115 50 113
v 114 50 113
vn 0 -1 0
f 10681//2671 10682//2671 10683//2671 10684//2671
v 114 50 113
v 115 50 113
v 115 50 114
v 114 50 114
vn 0 -1 0
f 10685//2672 10686//2672 10687//2672 10688//2672
v 114 50 114
v 115 50 114
v 115 50 115
v 114 50 115
vn 0 -1 0
f 10689//2673 10690//2673 10691//2673 10692//2673
v 114 50 115
v 115 50 115
v 115 50 116
v 114 50 116
vn 0 -1 0
f 10693//2674 10694//2674 10695//2674 10696//2674
v 114 51 117
v 115 51 117
v 115 51 116
v 114 51 116
vn 0 1 0
f 10697//2675 10698//2675 10699//2675 10700//2675
v 114 50 116
v 115 50 116
v 115 50 117
v 114 50 117
vn 0 -1 0
f 10701//2676 10702//2676 10703//2676 10704//2676
v 115 51 118
v 114 51 118
v 114 50 118
v 115 50 118
vn 0 0 1
f 10705//2677 10706//2677 10707//2677 10708//2677
v 114 51 118
v 115 51 118
v 115 51 117
v 114 51 117
vn 0 1 0
f 10709//2678 10710//2678 10711//2678 10712//2678
v 114 50 117
v 115 50 117
v 115 50 118
v 114 50 118
vn 0 -1 0
f 10713//2679 10714//2679 10715//2679 10716//2679
v 115 51 102
v 116 51 102
v 116 50 102
v 115 50 102
vn 0 0 -1
f 10717//2680 10718//2680 10719//2680 10720//2680
v 115 51 103
v 116 51 103
v 116 51 102
v 115 51 102
vn 0 1 0
f 10721//2681 10722//2681 10723//2681 10724//2681
v 115 50 102
v 116 50 102
v 116 50 103
v 115 50 103
vn 0 -1 0
f 10725//2682 10726//2682 10727//2682 10728//2682
v 115 51 104
v 116 51 104
v 116 51 103
v 115 51 103
vn 0 1 0
f 10729//2683 10730//2683 10731//2683 10732//2683
v 115 50 103
v 116 50 103
v 116 50 104
v 115 50 104
vn 0 -1 0
f 10733//2684 10734//2684 10735//2684 10736//2684
v 115 50 104
v 116 50 104
v 116 50 105
v 115 50 105
vn 0 -1 0
f 10737//2685 10738//2685 10739//2685 10740//2685
v 115 50 105
v 116 50 105
v 116 50 106
v 115 50 106
vn 0 -1 0
f 10741//2686 10742//2686 10743//2686 10744//2686
v 115 50 106
v 116 50 106
v 116 50 107
v 115 50 107
vn 0 -1 0
f 10745//2687 10746//2687 10747//2687 10748//2687
v 115 50 107
v 116 50 107
v 116 50 108
v 115 50 108
vn 0 -1 0
f 10749//2688 10750//2688 10751//2688 10752//2688
v 115 50 108
v 116 50 108
v 116 50 109
v 115 50 109
vn 0 -1 0
f 10753//2689 10754//2689 10755//2689 10756//2689
v 115 50 109
v 116 50 109
v 116 50 110
v 115 50 110
vn 0 -1 0
f 10757//2690 10758//2690 10759//2690 10760//2690
v 115 50 110
v 116 50 110
v 116 50 111
v 115 50 111
vn 0 -1 0
f 10761//2691 10762//2691 10763//2691 10764//2691
v 115 50 111
v 116 50 111
v 116 50 112
v 115 50 112
vn 0 -1 0
f 10765//2692 10766//2692 10767//2692 10768//2692
v 115 50 112
v 116 50 112
v 116 50 113
v 115 50 113
vn 0 -1 0
f 10769//2693 10770//2693 10771//2693 10772//2693
v 115 50 113
v 116 50 113
v 116 50 114
v 115 50 114
vn 0 -1 0
f 10773//2694 10774//2694 10775//2694 10776//2694
v 115 50 114
v 116 50 114
v 116 50 115
v 115 50 115
vn 0 -1 0
f 10777//2695 10778//2695 10779//2695 10780//2695
v 115 50 115
v 116 50 115
v 116 50 116
v 115 50 116
vn 0 -1 0
f 10781//2696 10782//2696 10783//2696 10784//2696
v 115 51 117
v 116 51 117
v 116 51 116
v 115 51 116
vn 0 1 0
f 10785//2697 10786//2697 10787//2697 10788//2697
v 115 50 116
v 116 50 116
v 116 50 117
v 115 50 117
vn 0 -1 0
f 10789//2698 10790//2698 10791//2698 10792//2698
v 116 51 118
v 115 51 118
v 115 50 118
v 116 50 118
vn 0 0 1
f 10793//2699 10794//2699 10795//2699 10796//2699
v 115 51 118
v 116 51 118
v 116 51 117
v 115 51 117
vn 0 1 0
f 10797//2700 10798//2700 10799//2700 10800//2700
v 115 50 117
v 116 50 117
v 116 50 118
v 115 50 118
vn 0 -1 0
f 10801//2701 10802//2701 10803//2701 10804//2701
v 116 51 102
v 117 51 102
v 117 50 102
v 116 50 102
vn 0 0 -1
f 10805//2702 10806//2702 10807//2702 10808//2702
v 116 51 103
v 117 51 103
v 117 51 102
v 116 51 102
vn 0 1 0
f 10809//2703 10810//2703 10811//2703 10812//2703
v 116 50 102
v 117 50 102
v 117 50 103
v 116 50 103
vn 0 -1 0
f 10813//2704 10814//2704 10815//2704 10816//2704
v 116 51 104
v 117 51 104
v 117 51 103
v 116 51 103
vn 0 1 0
f 10817//2705 10818//2705 10819//2705 10820//2705
v 116 50 103
v 117 50 103
v 117 50 104
v 116 50 104
vn 0 -1 0
f 10821//2706 10822//2706 10823//2706 10824//2706
v 116 50 104
v 117 50 104
v 117 50 105
v 116 50 105
vn 0 -1 0
f 10825//2707 10826//2707 10827//2707 10828//2707
v 116 50 105
v 117 50 105
v 117 50 106
v 116 50 106
vn 0 -1 0
f 10829//2708 10830//2708 10831//2708 10832//2708
v 116 50 106
v 117 50 106
v 117 50 107
v 116 50 107
vn 0 -1 0
f 10833//2709 10834//2709 10835//2709 10836//2709
v 116 50 107
v 117 50 107
v 117 50 108
v 116 50 108
vn 0 -1 0
f 10837//2710 10838//2710 10839//2710 10840//2710
v 116 50 108
v 117 50 108
v 117 50 109
v 116 50 109
vn 0 -1 0
f 10841//2711 10842//2711 10843//2711 10844//2711
v 116 50 109
v 117 50 109
v 117 50 110
v 116 50 110
vn 0 -1 0
f 10845//2712 10846//2712 10847//2712 10848//2712
v 116 50 110
v 117 50 110
v 117 50 111
v 116 50 111
vn 0 -1 0
f 10849//2713 10850//2713 10851//2713 10852//2713
v 116 50 111
v 117 50 111
v 117 50 112
v 116 50 112
vn 0 -1 0
f 10853//2714 10854//2714 10855//2714 10856//2714
v 116 50 112
v 117 50 112
v 117 50 113
v 116 50 113
vn 0 -1 0
f 10857//2715 10858//2715 10859//2715 10860//2715
v 116 50 113
v 117 50 113
v 117 50 114
v 116 50 114
vn 0 -1 0
f 10861//2716 10862//2716 10863//2716 10864//2716
v 116 50 114
v 117 50 114
v 117 50 115
v 116 50 115
vn 0 -1 0
f 10865//2717 10866//2717 10867//2717 10868//2717
v 116 50 115
v 117 50 115
v 117 50 116
v 116 50 116
vn 0 -1 0
f 10869//2718 10870//2718 10871//2718 10872//2718
v 116 51 117
v 117 51 117
v 117 51 116
v 116 51 116
vn 0 1 0
f 10873//2719 10874//2719 10875//2719 10876//2719
v 116 50 116
v 117 50 116
v 117 50 117
v 116 50 117
vn 0 -1 0
f 10877//2720 10878//2720 10879//2720 10880//2720
v 117 51 118
v 116 51 118
v 116 50 118
v 117 50 118
vn 0 0 1
f 10881//2721 10882//2721 10883//2721 10884//2721
v 116 51 118
v 117 51 118
v 117 51 117
v 116 51 117
vn 0 1 0
f 10885//2722 10886//2722 10887//2722 10888//2722
v 116 50 117
v 117 50 117
v 117 50 118
v 116 50 118
vn 0 -1 0
f 10889//2723 10890//2723 10891//2723 10892//2723
v 118 51 102
v 118 51 103
v 118 50 103
v 118 50 102
vn 1 0 0
f 10893//2724 10894//2724 10895//2724 10896//2724
v 117 51 102
v 118 51 102
v 118 50 102
v 117 50 102
vn 0 0 -1
f 10897//2725 10898//2725 10899//2725 10900//2725
v 117 51 103
v 118 51 103
v 118 51 102
v 117 51 102
vn 0 1 0
f 10901//2726 10902//2726 10903//2726 10904//2726
v 117 50 102
v 118 50 102
v 118 50 103
v 117 50 103
vn 0 -1 0
f 10905//2727 10906//2727 10907//2727 10908//2727
v 118 51 103
v 118 51 104
v 118 50 104
v 118 50 103
vn 1 0 0
f 10909//2728 10910//2728 10911//2728 10912//2728
v 117 51 104
v 118 51 104
v 118 51 103
v 117 51 103
vn 0 1 0
f 10913//2729 10914//2729 10915//2729 10916//2729
v 117 50 103
v 118 50 103
v 118 50 104
v 117 50 104
vn 0 -1 0
f 10917//2730 10918//2730 10919//2730 10920//2730
v 118 51 104
v 118 51 105
v 118 50 105
v 118 50 104
vn 1 0 0
f 10921//2731 10922//2731 10923//2731 10924//2731
v 117 51 105
v 118 51 105
v 118 51 104
v 117 51 104
vn 0 1 0
f 10925//2732 10926//2732 10927//2732 10928//2732
v 117 50 104
v 118 50 104
v 118 50 105
v 117 50 105
vn 0 -1 0
f 10929//2733 10930//2733 10931//2733 10932//2733
v 118 51 105
v 118 51 106
v 118 50 106
v 118 50 105
vn 1 0 0
f 10933//2734 10934//2734 10935//2734 10936//2734
v 117 51 106
v 118 51 106
v 118 51 105
v 117 51 105
vn 0 1 0
f 10937//2735 10938//2735 10939//2735 10940//2735
v 117 50 105
v 118 50 105
v 118 50 106
v 117 50 106
vn 0 -1 0
f 10941//2736 10942//2736 10943//2736 10944//2736
v 118 51 106
v 118 51 107
v 118 50 107
v 118 50 106
vn 1 0 0
f 10945//2737 10946//2737 10947//2737 10948//2737
v 117 51 107
v 118 51 107
v 118 51 106
v 117 51 106
vn 0 1 0
f 10949//2738 10950//2738 10951//2738 10952//2738
v 117 50 106
v 118 50 106
v 118 50 107
v 117 50 107
vn 0 -1 0
f 10953//2739 10954//2739 10955//2739 10956//2739
v 118 51 107
v 118 51 108
v 118 50 108
v 118 50 107
vn 1 0 0
f 10957//2740 10958//2740 10959//2740 10960//2740
v 117 51 108
v 118 51 108
v 118 51 107
v 117 51 107
vn 0 1 0
f 10961//2741 10962//2741 10963//2741 10964//2741
v 117 50 107
v 118 50 107
v 118 50 108
v 117 50 108
vn 0 -1 0
f 10965//2742 10966//2742 10967//2742 10968//2742
v 118 51 108
v 118 51 109
v 118 50 109
v 118 50 108
vn 1 0 0
f 10969//2743 10970//2743 10971//2743 10972//2743
v 117 51 109
v 118 51 109
v 118 51 108
v 117 51 108
vn 0 1 0
f 10973//2744 10974//2744 10975//2744 10976//2744
v 117 50 108
v 118 50 108
v 118 50 109
v 117 50 109
vn 0 -1 0
f 10977//2745 10978//2745 10979//2745 10980//2745
v 118 51 109
v 118 51 110
v 118 50 110
v 118 50 109
vn 1 0 0
f 10981//2746 10982//2746 10983//2746 10984//2746
v 117 51 110
v 118 51 110
v 118 51 109
v 117 51 109
vn 0 1 0
f 10985//2747 10986//2747 10987//2747 10988//2747
v 117 50 109
v 118 50 109
v 118 50 110
v 117 50 110
vn 0 -1 0
f 10989//2748 10990//2748 10991//2748 10992//2748
v 118 51 110
v 118 51 111
v 118 50 111
v 118 50 110
vn 1 0 0
f 10993//2749 10994//2749 10995//2749 10996//2749
v 117 51 111
v 118 51 111
v 118 51 110
v 117 51 110
vn 0 1 0
f 10997//2750 10998//2750 10999//2750 11000//2750
v 117 50 110
v 118 50 110
v 118 50 111
v 117 50 111
vn 0 -1 0
f 11001//2751 11002//2751 11003//2751 11004//2751
v 118 51 111
v 118 51 112
v 118 50 112
v 118 50 111
vn 1 0 0
f 11005//2752 11006//2752 11007//2752 11008//2752
v 117 51 112
v 118 51 112
v 118 51 111
v 117 51 111
vn 0 1 0
f 11009//2753 11010//2753 11011//2753 11012//2753
v 117 50 111
v 118 50 111
v 118 50 112
v 117 50 112
vn 0 -1 0
f 11013//2754 11014//2754 11015//2754 11016//2754
v 118 51 112
v 118 51 113
v 118 50 113
v 118 50 112
vn 1 0 0
f 11017//2755 11018//2755 11019//2755 11020//2755
v 117 51 113
v 118 51 113
v 118 51 112
v 117 51 112
vn 0 1 0
f 11021//2756 11022//2756 11023//2756 11024//2756
v 117 50 112
v 118 50 112
v 118 50 113
v 117 50 113
vn 0 -1 0
f 11025//2757 11026//2757 11027//2757 11028//2757
v 118 51 113
v 118 51 114
v 118 50 114
v 118 50 113
vn 1 0 0
f 11029//2758 11030//2758 11031//2758 11032//2758
v 117 51 114
v 118 51 114
v 118 51 113
v 117 51 113
vn 0 1 0
f 11033//2759 11034//2759 11035//2759 11036//2759
v 117 50 113
v 118 50 113
v 118 50 114
v 117 50 114
vn 0 -1 0
f 11037//2760 11038//2760 11039//2760 11040//2760
v 118 51 114
v 118 51 115
v 118 50 115
v 118 50 114
vn 1 0 0
f 11041//2761 11042//2761 11043//2761 11044//2761
v 117 51 115
v 118 51 115
v 118 51 114
v 117 51 114
vn 0 1 0
f 11045//2762 11046//2762 11047//2762 11048//2762
v 117 50 114
v 118 50 114
v 118 50 115
v 117 50 115
vn 0 -1 0
f 11049//2763 11050//2763 11051//2763 11052//2763
v 118 51 115
v 118 51 116
v 118 50 116
v 118 50 115
vn 1 0 0
f 11053//2764 11054//2764 11055//2764 11056//2764
v 117 51 116
v 118 51 116
v 118 51 115
v 117 51 115
vn 0 1 0
f 11057//2765 11058//2765 11059//2765 11060//2765
v 117 50 115
v 118 50 115
v 118 50 116
v 117 50 116
vn 0 -1 0
f 11061//2766 11062//2766 11063//2766 11064//2766
v 118 51 116
v 118 51 117
v 118 50 117
v 118 50 116
vn 1 0 0
f 11065//2767 11066//2767 11067//2767 11068//2767
v 117 51 117
v 118 51 117
v 118 51 116
v 117 51 116
vn 0 1 0
f 11069//2768 11070//2768 11071//2768 11072//2768
v 117 50 116
v 118 50 116
v 118 50 117
v 117 50 117
vn 0 -1 0
f 11073//2769 11074//2769 11075//2769 11076//2769
v 118 51 117
v 118 51 118
v 118 50 118
v 118 50 117
vn 1 0 0
f 11077//2770 11078//2770 11079//2770 11080//2770
v 118 51 118
v 117 51 118
v 117 50 118
v 118 50 118
vn 0 0 1
f 11081//2771 11082//2771 11083//2771 11084//2771
v 117 51 118
v 118 51 118
v 118 51 117
v 117 51 117
vn 0 1 0
f 11085//2772 11086//2772 11087//2772 11088//2772
v 117 50 117
v 118 50 117
v 118 50 118
v 117 50 118
vn 0 -1 0
f 11089//2773 11090//2773 11091//2773 11092//2773
v 105 51 104
v 105 51 105
v 105 52 105
v 105 52 104
vn -1 0 0
f 11093//2774 11094//2774 11095//2774 11096//2774
v 105 52 104
v 106 52 104
v 106 51 104
v 105 51 104
vn 0 0 -1
f 11097//2775 11098//2775 11099//2775 11100//2775
v 105 52 105
v 106 52 105
v 106 52 104
v 105 52 104
vn 0 1 0
f 11101//2776 11102//2776 11103//2776 11104//2776
v 105 51 105
v 105 51 106
v 105 52 106
v 105 52 105
vn -1 0 0
f 11105//2777 11106//2777 11107//2777 11108//2777
v 105 52 106
v 106 52 106
v 106 52 105
v 105 52 105
vn 0 1 0
f 11109//2778 11110//2778 11111//2778 11112//2778
v 105 51 106
v 105 51 107
v 105 52 107
v 105 52 106
vn -1 0 0
f 11113//2779 11114//2779 11115//2779 11116//2779
v 105 52 107
v 106 52 107
v 106 52 106
v 105 52 106
vn 0 1 0
f 11117//2780 11118//2780 11119//2780 11120//2780
v 105 51 107
v 105 51 108
v 105 52 108
v 105 52 107
vn -1 0 0
f 11121//2781 11122//2781 11123//2781 11124//2781
v 105 52 108
v 106 52 108
v 106 52 107
v 105 52 107
vn 0 1 0
f 11125//2782 11126//2782 11127//2782 11128//2782
v 105 51 108
v 105 51 109
v 105 52 109
v 105 52 108
vn -1 0 0
f 11129//2783 11130//2783 11131//2783 11132//2783
v 105 52 109
v 106 52 109
v 106 52 108
v 105 52 108
vn 0 1 0
f 11133//2784 11134//2784 11135//2784 11136//2784
v 105 51 109
v 105 51 110
v 105 52 110
v 105 52 109
vn -1 0 0
f 11137//2785 11138//2785 11139//2785 11140//2785
v 105 52 110
v 106 52 110
v 106 52 109
v 105 52 109
vn 0 1 0
f 11141//2786 11142//2786 11143//2786 11144//2786
v 105 51 110
v 105 51 111
v 105 52 111
v 105 52 110
vn -1 0 0
f 11145//2787 11146//2787 11147//2787 11148//2787
v 105 52 111
v 106 52 111
v 106 52 110
v 105 52 110
vn 0 1 0
f 11149//2788 11150//2788 11151//2788 11152//2788
v 105 51 111
v 105 51 112
v 105 52 112
v 105 52 111
vn -1 0 0
f 11153//2789 11154//2789 11155//2789 11156//2789
v 105 52 112
v 106 52 112
v 106 52 111
v 105 52 111
vn 0 1 0
f 11157//2790 11158//2790 11159//2790 11160//2790
v 105 51 112
v 105 51 113
v 105 52 113
v 105 52 112
vn -1 0 0
f 11161//2791 11162//2791 11163//2791 11164//2791
v 105 52 113
v 106 52 113
v 106 52 112
v 105 52 112
vn 0 1 0
f 11165//2792 11166//2792 11167//2792 11168//2792
v 105 51 113
v 105 51 114
v 105 52 114
v 105 52 113
vn -1 0 0
f 11169//2793 11170//2793 11171//2793 11172//2793
v 105 52 114
v 106 52 114
v 106 52 113
v 105 52 113
vn 0 1 0
f 11173//2794 11174//2794 11175//2794 11176//2794
v 105 51 114
v 105 51 115
v 105 52 115
v 105 52 114
vn -1 0 0
f 11177//2795 11178//2795 11179//2795 11180//2795
v 105 52 115
v 106 52 115
v 106 52 114
v 105 52 114
vn 0 1 0
f 11181//2796 11182//2796 11183//2796 11184//2796
v 105 51 115
v 105 51 116
v 105 52 116
v 105 52 115
vn -1 0 0
f 11185//2797 11186//2797 11187//2797 11188//2797
v 106 52 116
v 105 52 116
v 105 51 116
v 106 51 116
vn 0 0 1
f 11189//2798 11190//2798 11191//2798 11192//2798
v 105 52 116
v 106 52 116
v 106 52 115
v 105 52 115
vn 0 1 0
f 11193//2799 11194//2799 11195//2799 11196//2799
v 106 52 104
v 107 52 104
v 107 51 104
v 106 51 104
vn 0 0 -1
f 11197//2800 11198//2800 11199//2800 11200//2800
v 106 52 105
v 107 52 105
v 107 52 104
v 106 52 104
vn 0 1 0
f 11201//2801 11202//2801 11203//2801 11204//2801
v 106 52 106
v 107 52 106
v 107 52 105
v 106 52 105
vn 0 1 0
f 11205//2802 11206//2802 11207//2802 11208//2802
v 106 52 107
v 107 52 107
v 107 52 106
v 106 52 106
vn 0 1 0
f 11209//2803 11210//2803 11211//2803 11212//2803
v 106 52 108
v 107 52 108
v 107 52 107
v 106 52 107
vn 0 1 0
f 11213//2804 11214//2804 11215//2804 11216//2804
v 106 52 109
v 107 52 109
v 107 52 108
v 106 52 108
vn 0 1 0
f 11217//2805 11218//2805 11219//2805 11220//2805
v 106 52 110
v 107 52 110
v 107 52 109
v 106 52 109
vn 0 1 0
f 11221//2806 11222//2806 11223//2806 11224//2806
v 106 52 111
v 107 52 111
v 107 52 110
v 106 52 110
vn 0 1 0
f 11225//2807 11226//2807 11227//2807 11228//2807
v 106 52 112
v 107 52 112
v 107 52 111
v 106 52 111
vn 0 1 0
f 11229//2808 11230//2808 11231//2808 11232//2808
v 106 52 113
v 107 52 113
v 107 52 112
v 106 52 112
vn 0 1 0
f 11233//2809 11234//2809 11235//2809 11236//2809
v 106 52 114
v 107 52 114
v 107 52 113
v 106 52 113
vn 0 1 0
f 11237//2810 11238//2810 11239//2810 11240//2810
v 106 52 115
v 107 52 115
v 107 52 114
v 106 52 114
vn 0 1 0
f 11241//2811 11242//2811 11243//2811 11244//2811
v 107 52 116
v 106 52 116
v 106 51 116
v 107 51 116
vn 0 0 1
f 11245//2812 11246//2812 11247//2812 11248//2812
v 106 52 116
v 107 52 116
v 107 52 115
v 106 52 115
vn 0 1 0
f 11249//2813 11250//2813 11251//2813 11252//2813
v 107 52 104
v 108 52 104
v 108 51 104
v 107 51 104
vn 0 0 -1
f 11253//2814 11254//2814 11255//2814 11256//2814
v 107 52 105
v 108 52 105
v 108 52 104
v 107 52 104
vn 0 1 0
f 11257//2815 11258//2815 11259//2815 11260//2815
v 107 52 106
v 108 52 106
v 108 52 105
v 107 52 105
vn 0 1 0
f 11261//2816 11262//2816 11263//2816 11264//2816
v 107 52 107
v 108 52 107
v 108 52 106
v 107 52 106
vn 0 1 0
f 11265//2817 11266//2817 11267//2817 11268//2817
v 107 52 108
v 108 52 108
v 108 52 107
v 107 52 107
vn 0 1 0
f 11269//2818 11270//2818 11271//2818 11272//2818
v 107 52 109
v 108 52 109
v 108 52 108
v 107 52 108
vn 0 1 0
f 11273//2819 11274//2819 11275//2819 11276//2819
v 107 52 110
v 108 52 110
v 108 52 109
v 107 52 109
vn 0 1 0
f 11277//2820 11278//2820 11279//2820 11280//2820
v 107 52 111
v 108 52 111
v 108 52 110
v 107 52 110
vn 0 1 0
f 11281//2821 11282//2821 11283//2821 11284//2821
v 107 52 112
v 108 52 112
v 108 52 111
v 107 52 111
vn 0 1 0
f 11285//2822 11286//2822 11287//2822 11288//2822
v 107 52 113
v 108 52 113
v 108 52 112
v 107 52 112
vn 0 1 0
f 11289//2823 11290//2823 11291//2823 11292//2823
v 107 52 114
v 108 52 114
v 108 52 113
v 107 52 113
vn 0 1 0
f 11293//2824 11294//2824 11295//2824 11296//2824
v 107 52 115
v 108 52 115
v 108 52 114
v 107 52 114
vn 0 1 0
f 11297//2825 11298//2825 11299//2825 11300//2825
v 108 52 116
v 107 52 116
v 107 51 116
v 108 51 116
vn 0 0 1
f 11301//2826 11302//2826 11303//2826 11304//2826
v 107 52 116
v 108 52 116
v 108 52 115
v 107 52 115
vn 0 1 0
f 11305//2827 11306//2827 11307//2827 11308//2827
v 108 52 104
v 109 52 104
v 109 51 104
v 108 51 104
vn 0 0 -1
f 11309//2828 11310//2828 11311//2828 11312//2828
v 108 52 105
v 109 52 105
v 109 52 104
v 108 52 104
vn 0 1 0
f 11313//2829 11314//2829 11315//2829 11316//2829
v 108 52 106
v 109 52 106
v 109 52 105
v 108 52 105
vn 0 1 0
f 11317//2830 11318//2830 11319//2830 11320//2830
v 108 52 115
v 109 52 115
v 109 52 114
v 108 52 114
vn 0 1 0
f 11321//2831 11322//2831 11323//2831 11324//2831
v 109 52 116
v 108 52 116
v 108 51 116
v 109 51 116
vn 0 0 1
f 11325//2832 11326//2832 11327//2832 11328//2832
v 108 52 116
v 109 52 116
v 109 52 115
v 108 52 115
vn 0 1 0
f 11329//2833 11330//2833 11331//2833 11332//2833
v 109 52 104
v 110 52 104
v 110 51 104
v 109 51 104
vn 0 0 -1
f 11333//2834 11334//2834 11335//2834 11336//2834
v 109 52 105
v 110 52 105
v 110 52 104
v 109 52 104
vn 0 1 0
f 11337//2835 11338//2835 11339//2835 11340//2835
v 109 52 106
v 110 52 106
v 110 52 105
v 109 52 105
vn 0 1 0
f 11341//2836 11342//2836 11343//2836 11344//2836
v 109 52 115
v 110 52 115
v 110 52 114
v 109 52 114
vn 0 1 0
f 11345//2837 11346//2837 11347//2837 11348//2837
v 110 52 116
v 109 52 116
v 109 51 116
v 110 51 116
vn 0 0 1
f 11349//2838 11350//2838 11351//2838 11352//2838
v 109 52 116
v 110 52 116
v 110 52 115
v 109 52 115
vn 0 1 0
f 11353//2839 11354//2839 11355//2839 11356//2839
v 110 52 104
v 111 52 104
v 111 51 104
v 110 51 104
vn 0 0 -1
f 11357//2840 11358//2840 11359//2840 11360//2840
v 110 52 105
v 111 52 105
v 111 52 104
v 110 52 104
vn 0 1 0
f 11361//2841 11362//2841 11363//2841 11364//2841
v 110 52 106
v 111 52 106
v 111 52 105
v 110 52 105
vn 0 1 0
f 11365//2842 11366//2842 11367//2842 11368//2842
v 110 52 115
v 111 52 115
v 111 52 114
v 110 52 114
vn 0 1 0
f 11369//2843 11370//2843 11371//2843 11372//2843
v 111 52 116
v 110 52 116
v 110 51 116
v 111 51 116
vn 0 0 1
f 11373//2844 11374//2844 11375//2844 11376//2844
v 110 52 116
v 111 52 116
v 111 52 115
v 110 52 115
vn 0 1 0
f 11377//2845 11378//2845 11379//2845 11380//2845
v 111 52 104
v 112 52 104
v 112 51 104
v 111 51 104
vn 0 0 -1
f 11381//2846 11382//2846 11383//2846 11384//2846
v 111 52 105
v 112 52 105
v 112 52 104
v 111 52 104
vn 0 1 0
f 11385//2847 11386//2847 11387//2847 11388//2847
v 111 52 106
v 112 52 106
v 112 52 105
v 111 52 105
vn 0 1 0
f 11389//2848 11390//2848 11391//2848 11392//2848
v 111 52 115
v 112 52 115
v 112 52 114
v 111 52 114
vn 0 1 0
f 11393//2849 11394//2849 11395//2849 11396//2849
v 112 52 116
v 111 52 116
v 111 51 116
v 112 51 116
vn 0 0 1
f 11397//2850 11398//2850 11399//2850 11400//2850
v 111 52 116
v 112 52 116
v 112 52 115
v 111 52 115
vn 0 1 0
f 11401//2851 11402//2851 11403//2851 11404//2851
v 112 52 104
v 113 52 104
v 113 51 104
v 112 51 104
vn 0 0 -1
f 11405//2852 11406//2852 11407//2852 11408//2852
v 112 52 105
v 113 52 105
v 113 52 104
v 112 52 104
vn 0 1 0
f 11409//2853 11410//2853 11411//2853 11412//2853
v 112 52 106
v 113 52 106
v 113 52 105
v 112 52 105
vn 0 1 0
f 11413//2854 11414//2854 11415//2854 11416//2854
v 112 52 115
v 113 52 115
v 113 52 114
v 112 52 114
vn 0 1 0
f 11417//2855 11418//2855 11419//2855 11420//2855
v 113 52 116
v 112 52 116
v 112 51 116
v 113 51 116
vn 0 0 1
f 11421//2856 11422//2856 11423//2856 11424//2856
v 112 52 116
v 113 52 116
v 113 52 115
v 112 52 115
vn 0 1 0
f 11425//2857 11426//2857 11427//2857 11428//2857
v 113 52 104
v 114 52 104
v 114 51 104
v 113 51 104
vn 0 0 -1
f 11429//2858 11430//2858 11431//2858 11432//2858
v 113 52 105
v 114 52 105
v 114 52 104
v 113 52 104
vn 0 1 0
f 11433//2859 11434//2859 11435//2859 11436//2859
v 113 52 106
v 114 52 106
v 114 52 105
v 113 52 105
vn 0 1 0
f 11437//2860 11438//2860 11439//2860 11440//2860
v 113 52 115
v 114 52 115
v 114 52 114
v 113 52 114
vn 0 1 0
f 11441//2861 11442//2861 11443//2861 11444//2861
v 114 52 116
v 113 52 116
v 113 51 116
v 114 51 116
vn 0 0 1
f 11445//2862 11446//2862 11447//2862 11448//2862
v 113 52 116
v 114 52 116
v 114 52 115
v 113 52 115
vn 0 1 0
f 11449//2863 11450//2863 11451//2863 11452//2863
v 114 52 104
v 115 52 104
v 115 51 104
v 114 51 104
vn 0 0 -1
f 11453//2864 11454//2864 11455//2864 11456//2864
v 114 52 105
v 115 52 105
v 115 52 104
v 114 52 104
vn 0 1 0
f 11457//2865 11458//2865 11459//2865 11460//2865
v 114 52 106
v 115 52 106
v 115 52 105
v 114 52 105
vn 0 1 0
f 11461//2866 11462//2866 11463//2866 11464//2866
v 114 52 115
v 115 52 115
v 115 52 114
v 114 52 114
vn 0 1 0
f 11465//2867 11466//2867 11467//2867 11468//2867
v 115 52 116
v 114 52 116
v 114 51 116
v 115 51 116
vn 0 0 1
f 11469//2868 11470//2868 11471//2868 11472//2868
v 114 52 116
v 115 52 116
v 115 52 115
v 114 52 115
vn 0 1 0
f 11473//2869 11474//2869 11475//2869 11476//2869
v 115 52 104
v 116 52 104
v 116 51 104
v 115 51 104
vn 0 0 -1
f 11477//2870 11478//2870 11479//2870 11480//2870
v 115 52 105
v 116 52 105
v 116 52 104
v 115 52 104
vn 0 1 0
f 11481//2871 11482//2871 11483//2871 11484//2871
v 115 52 106
v 116 52 106
v 116 52 105
v 115 52 105
vn 0 1 0
f 11485//2872 11486//2872 11487//2872 11488//2872
v 115 52 115
v 116 52 115
v 116 52 114
v 115 52 114
vn 0 1 0
f 11489//2873 11490//2873 11491//2873 11492//2873
v 116 52 116
v 115 52 116
v 115 51 116
v 116 51 116
vn 0 0 1
f 11493//2874 11494//2874 11495//2874 11496//2874
v 115 52 116
v 116 52 116
v 116 52 115
v 115 52 115
vn 0 1 0
f 11497//2875 11498//2875 11499//2875 11500//2875
v 117 52 104
v 117 52 105
v 117 51 105
v 117 51 104
vn 1 0 0
f 11501//2876 11502//2876 11503//2876 11504//2876
v 116 52 104
v 117 52 104
v 117 51 104
v 116 51 104
vn 0 0 -1
f 11505//2877 11506//2877 11507//2877 11508//2877
v 116 52 105
v 117 52 105
v 117 52 104
v 116 52 104
vn 0 1 0
f 11509//2878 11510//2878 11511//2878 11512//2878
v 117 52 105
v 117 52 106
v 117 51 106
v 117 51 105
vn 1 0 0
f 11513//2879 11514//2879 11515//2879 11516//2879
v 116 52 106
v 117 52 106
v 117 52 105
v 116 52 105
vn 0 1 0
f 11517//2880 11518//2880 11519//2880 11520//2880
v 117 52 106
v 117 52 107
v 117 51 107
v 117 51 106
vn 1 0 0
f 11521//2881 11522//2881 11523//2881 11524//2881
v 116 52 107
v 117 52 107
v 117 52 106
v 116 52 106
vn 0 1 0
f 11525//2882 11526//2882 11527//2882 11528//2882
v 117 52 107
v 117 52 108
v 117 51 108
v 117 51 107
vn 1 0 0
f 11529//2883 11530//2883 11531//2883 11532//2883
v 116 52 108
v 117 52 108
v 117 52 107
v 116 52 107
vn 0 1 0
f 11533//2884 11534//2884 11535//2884 11536//2884
v 117 52 108
v 117 52 109
v 117 51 109
v 117 51 108
vn 1 0 0
f 11537//2885 11538//2885 11539//2885 11540//2885
v 116 52 109
v 117 52 109
v 117 52 108
v 116 52 108
vn 0 1 0
f 11541//2886 11542//2886 11543//2886 11544//2886
v 117 52 109
v 117 52 110
v 117 51 110
v 117 51 109
vn 1 0 0
f 11545//2887 11546//2887 11547//2887 11548//2887
v 116 52 110
v 117 52 110
v 117 52 109
v 116 52 109
vn 0 1 0
f 11549//2888 11550//2888 11551//2888 11552//2888
v 117 52 110
v 117 52 111
v 117 51 111
v 117 51 110
vn 1 0 0
f 11553//2889 11554//2889 11555//2889 11556//2889
v 116 52 111
v 117 52 111
v 117 52 110
v 116 52 110
vn 0 1 0
f 11557//2890 11558//2890 11559//2890 11560//2890
v 117 52 111
v 117 52 112
v 117 51 112
v 117 51 111
vn 1 0 0
f 11561//2891 11562//2891 11563//2891 11564//2891
v 116 52 112
v 117 52 112
v 117 52 111
v 116 52 111
vn 0 1 0
f 11565//2892 11566//2892 11567//2892 11568//2892
v 117 52 112
v 117 52 113
v 117 51 113
v 117 51 112
vn 1 0 0
f 11569//2893 11570//2893 11571//2893 11572//2893
v 116 52 113
v 117 52 113
v 117 52 112
v 116 52 112
vn 0 1 0
f 11573//2894 11574//2894 11575//2894 11576//2894
v 117 52 113
v 117 52 114
v 117 51 114
v 117 51 113
vn 1 0 0
f 11577//2895 11578//2895 11579//2895 11580//2895
v 116 52 114
v 117 52 114
v 117 52 113
v 116 52 113
vn 0 1 0
f 11581//2896 11582//2896 11583//2896 11584//2896
v 117 52 114
v 117 52 115
v 117 51 115
v 117 51 114
vn 1 0 0
f 11585//2897 11586//2897 11587//2897 11588//2897
v 116 52 115
v 117 52 115
v 117 52 114
v 116 52 114
vn 0 1 0
f 11589//2898 11590//2898 11591//2898 11592//2898
v 117 52 115
v 117 52 116
v 117 51 116
v 117 51 115
vn 1 0 0
f 11593//2899 11594//2899 11595//2899 11596//2899
v 117 52 116
v 116 52 116
v 116 51 116
v 117 51 116
vn 0 0 1
f 11597//2900 11598//2900 11599//2900 11600//2900
v 116 52 116
v 117 52 116
v 117 52 115
v 116 52 115
vn 0 1 0
f 11601//2901 11602//2901 11603//2901 11604//2901
v 108 52 106
v 108 52 107
v 108 53 107
v 108 53 106
vn -1 0 0
f 11605//2902 11606//2902 11607//2902 11608//2902
v 108 53 106
v 109 53 106
v 109 52 106
v 108 52 106
vn 0 0 -1
f 11609//2903 11610//2903 11611//2903 11612//2903
v 108 53 107
v 109 53 107
v 109 53 106
v 108 53 106
vn 0 1 0
f 11613//2904 11614//2904 11615//2904 11616//2904
v 108 52 107
v 108 52 108
v 108 53 108
v 108 53 107
vn -1 0 0
f 11617//2905 11618//2905 11619//2905 11620//2905
v 108 53 108
v 109 53 108
v 109 53 107
v 108 53 107
vn 0 1 0
f 11621//2906 11622//2906 11623//2906 11624//2906
v 108 52 108
v 108 52 109
v 108 53 109
v 108 53 108
vn -1 0 0
f 11625//2907 11626//2907 11627//2907 11628//2907
v 108 53 109
v 109 53 109
v 109 53 108
v 108 53 108
vn 0 1 0
f 11629//2908 11630//2908 11631//2908 11632//2908
v 108 52 109
v 108 52 110
v 108 53 110
v 108 53 109
vn -1 0 0
f 11633//2909 11634//2909 11635//2909 11636//2909
v 108 53 110
v 109 53 110
v 109 53 109
v 108 53 109
vn 0 1 0
f 11637//2910 11638//2910 11639//2910 11640//2910
v 108 52 110
v 108 52 111
v 108 53 111
v 108 53 110
vn -1 0 0
f 11641//2911 11642//2911 11643//2911 11644//2911
v 108 53 111
v 109 53 111
v 109 53 110
v 108 53 110
vn 0 1 0
f 11645//2912 11646//2912 11647//2912 11648//2912
v 108 52 111
v 108 52 112
v 108 53 112
v 108 53 111
vn -1 0 0
f 11649//2913 11650//2913 11651//2913 11652//2913
v 108 53 112
v 109 53 112
v 109 53 111
v 108 53 111
vn 0 1 0
f 11653//2914 11654//2914 11655//2914 11656//2914
v 108 52 112
v 108 52 113
v 108 53 113
v 108 53 112
vn -1 0 0
f 11657//2915 11658//2915 11659//2915 11660//2915
v 108 53 113
v 109 53 113
v 109 53 112
v 108 53 112
vn 0 1 0
f 11661//2916 11662//2916 11663//2916 11664//2916
v 108 52 113
v 108 52 114
v 108 53 114
v 108 53 113
vn -1 0 0
f 11665//2917 11666//2917 11667//2917 11668//2917
v 109 53 114
v 108 53 114
v 108 52 114
v 109 52 114
vn 0 0 1
f 11669//2918 11670//2918 11671//2918 11672//2918
v 108 53 114
v 109 53 114
v 109 53 113
v 108 53 113
vn 0 1 0
f 11673//2919 11674//2919 11675//2919 11676//2919
v 109 53 106
v 110 53 106
v 110 52 106
v 109 52 106
vn 0 0 -1
f 11677//2920 11678//2920 11679//2920 11680//2920
v 109 53 107
v 110 53 107
v 110 53 106
v 109 53 106
vn 0 1 0
f 11681//2921 11682//2921 11683//2921 11684//2921
v 109 53 108
v 110 53 108
v 110 53 107
v 109 53 107
vn 0 1 0
f 11685//2922 11686//2922 11687//2922 11688//2922
v 109 53 109
v 110 53 109
v 110 53 108
v 109 53 108
vn 0 1 0
f 11689//2923 11690//2923 11691//2923 11692//2923
v 109 53 110
v 110 53 110
v 110 53 109
v 109 53 109
vn 0 1 0
f 11693//2924 11694//2924 11695//2924 11696//2924
v 109 53 111
v 110 53 111
v 110 53 110
v 109 53 110
vn 0 1 0
f 11697//2925 11698//2925 11699//2925 11700//2925
v 109 53 112
v 110 53 112
v 110 53 111
v 109 53 111
vn 0 1 0
f 11701//2926 11702//2926 11703//2926 11704//2926
v 109 53 113
v 110 53 113
v 110 53 112
v 109 53 112
vn 0 1 0
f 11705//2927 11706//2927 11707//2927 11708//2927
v 110 53 114
v 109 53 114
v 109 52 114
v 110 52 114
vn 0 0 1
f 11709//2928 11710//2928 11711//2928 11712//2928
v 109 53 114
v 110 53 114
v 110 53 113
v 109 53 113
vn 0 1 0
f 11713//2929 11714//2929 11715//2929 11716//2929
v 110 53 106
v 111 53 106
v 111 52 106
v 110 52 106
vn 0 0 -1
f 11717//2930 11718//2930 11719//2930 11720//2930
v 110 53 107
v 111 53 107
v 111 53 106
v 110 53 106
vn 0 1 0
f 11721//2931 11722//2931 11723//2931 11724//2931
v 110 53 108
v 111 53 108
v 111 53 107
v 110 53 107
vn 0 1 0
f 11725//2932 11726//2932 11727//2932 11728//2932
v 111 53 114
v 110 53 114
v 110 52 114
v 111 52 114
vn 0 0 1
f 11729//2933 11730//2933 11731//2933 11732//2933
v 110 53 114
v 111 53 114
v 111 53 113
v 110 53 113
vn 0 1 0
f 11733//2934 11734//2934 11735//2934 11736//2934
v 111 53 106
v 112 53 106
v 112 52 106
v 111 52 106
vn 0 0 -1
f 11737//2935 11738//2935 11739//2935 11740//2935
v 111 53 107
v 112 53 107
v 112 53 106
v 111 53 106
vn 0 1 0
f 11741//2936 11742//2936 11743//2936 11744//2936
v 111 53 108
v 112 53 108
v 112 53 107
v 111 53 107
vn 0 1 0
f 11745//2937 11746//2937 11747//2937 11748//2937
v 112 53 114
v 111 53 114
v 111 52 114
v 112 52 114
vn 0 0 1
f 11749//2938 11750//2938 11751//2938 11752//2938
v 111 53 114
v 112 53 114
v 112 53 113
v 111 53 113
vn 0 1 0
f 11753//2939 11754//2939 11755//2939 11756//2939
v 112 53 106
v 113 53 106
v 113 52 106
v 112 52 106
vn 0 0 -1
f 11757//2940 11758//2940 11759//2940 11760//2940
v 112 53 107
v 113 53 107
v 113 53 106
v 112 53 106
vn 0 1 0
f 11761//2941 11762//2941 11763//2941 11764//2941
v 112 53 108
v 113 53 108
v 113 53 107
v 112 53 107
vn 0 1 0
f 11765//2942 11766//2942 11767//2942 11768//2942
v 113 53 114
v 112 53 114
v 112 52 114
v 113 52 114
vn 0 0 1
f 11769//2943 11770//2943 11771//2943 11772//2943
v 112 53 114
v 113 53 114
v 113 53 113
v 112 53 113
vn 0 1 0
f 11773//2944 11774//2944 11775//2944 11776//2944
v 113 53 106
v 114 53 106
v 114 52 106
v 113 52 106
vn 0 0 -1
f 11777//2945 11778//2945 11779//2945 11780//2945
v 113 53 107
v 114 53 107
v 114 53 106
v 113 53 106
vn 0 1 0
f 11781//2946 11782//2946 11783//2946 11784//2946
v 113 53 108
v 114 53 108
v 114 53 107
v 113 53 107
vn 0 1 0
f 11785//2947 11786//2947 11787//2947 11788//2947
v 114 53 114
v 113 53 114
v 113 52 114
v 114 52 114
vn 0 0 1
f 11789//2948 11790//2948 11791//2948 11792//2948
v 113 53 114
v 114 53 114
v 114 53 113
v 113 53 113
vn 0 1 0
f 11793//2949 11794//2949 11795//2949 11796//2949
v 114 53 106
v 115 53 106
v 115 52 106
v 114 52 106
vn 0 0 -1
f 11797//2950 11798//2950 11799//2950 11800//2950
v 114 53 107
v 115 53 107
v 115 53 106
v 114 53 106
vn 0 1 0
f 11801//2951 11802//2951 11803//2951 11804//2951
v 114 53 108
v 115 53 108
v 115 53 107
v 114 53 107
vn 0 1 0
f 11805//2952 11806//2952 11807//2952 11808//2952
v 115 53 114
v 114 53 114
v 114 52 114
v 115 52 114
vn 0 0 1
f 11809//2953 11810//2953 11811//2953 11812//2953
v 114 53 114
v 115 53 114
v 115 53 113
v 114 53 113
vn 0 1 0
f 11813//2954 11814//2954 11815//2954 11816//2954
v 116 53 106
v 116 53 107
v 116 52 107
v 116 52 106
vn 1 0 0
f 11817//2955 11818//2955 11819//2955 11820//2955
v 115 53 106
v 116 53 106
v 116 52 106
v 115 52 106
vn 0 0 -1
f 11821//2956 11822//2956 11823//2956 11824//2956
v 115 53 107
v 116 53 107
v 116 53 106
v 115 53 106
vn 0 1 0
f 11825//2957 11826//2957 11827//2957 11828//2957
v 116 53 107
v 116 53 108
v 116 52 108
v 116 52 107
vn 1 0 0
f 11829//2958 11830//2958 11831//2958 11832//2958
v 115 53 108
v 116 53 108
v 116 53 107
v 115 53 107
vn 0 1 0
f 11833//2959 11834//2959 11835//2959 11836//2959
v 116 53 108
v 116 53 109
v 116 52 109
v 116 52 108
vn 1 0 0
f 11837//2960 11838//2960 11839//2960 11840//2960
v 115 53 109
v 116 53 109
v 116 53 108
v 115 53 108
vn 0 1 0
f 11841//2961 11842//2961 11843//2961 11844//2961
v 116 53 109
v 116 53 110
v 116 52 110
v 116 52 109
vn 1 0 0
f 11845//2962 11846//2962 11847//2962 11848//2962
v 115 53 110
v 116 53 110
v 116 53 109
v 115 53 109
vn 0 1 0
f 11849//2963 11850//2963 11851//2963 11852//2963
v 116 53 110
v 116 53 111
v 116 52 111
v 116 52 110
vn 1 0 0
f 11853//2964 11854//2964 11855//2964 11856//2964
v 115 53 111
v 116 53 111
v 116 53 110
v 115 53 110
vn 0 1 0
f 11857//2965 11858//2965 11859//2965 11860//2965
v 116 53 111
v 116 53 112
v 116 52 112
v 116 52 111
vn 1 0 0
f 11861//2966 11862//2966 11863//2966 11864//2966
v 115 53 112
v 116 53 112
v 116 53 111
v 115 53 111
vn 0 1 0
f 11865//2967 11866//2967 11867//2967 11868//2967
v 116 53 112
v 116 53 113
v 116 52 113
v 116 52 112
vn 1 0 0
f 11869//2968 11870//2968 11871//2968 11872//2968
v 115 53 113
v 116 53 113
v 116 53 112
v 115 53 112
vn 0 1 0
f 11873//2969 11874//2969 11875//2969 11876//2969
v 116 53 113
v 116 53 114
v 116 52 114
v 116 52 113
vn 1 0 0
f 11877//2970 11878//2970 11879//2970 11880//2970
v 116 53 114
v 115 53 114
v 115 52 114
v 116 52 114
vn 0 0 1
f 11881//2971 11882//2971 11883//2971 11884//2971
v 115 53 114
v 116 53 114
v 116 53 113
v 115 53 113
vn 0 1 0
f 11885//2972 11886//2972 11887//2972 11888//2972
v 110 53 108
v 110 53 109
v 110 54 109
v 110 54 108
vn -1 0 0
f 11889//2973 11890//2973 11891//2973 11892//2973
v 110 54 108
v 111 54 108
v 111 53 108
v 110 53 108
vn 0 0 -1
f 11893//2974 11894//2974 11895//2974 11896//2974
v 110 54 109
v 111 54 109
v 111 54 108
v 110 54 108
vn 0 1 0
f 11897//2975 11898//2975 11899//2975 11900//2975
v 110 53 109
v 110 53 110
v 110 54 110
v 110 54 109
vn -1 0 0
f 11901//2976 11902//2976 11903//2976 11904//2976
v 110 54 110
v 111 54 110
v 111 54 109
v 110 54 109
vn 0 1 0
f 11905//2977 11906//2977 11907//2977 11908//2977
v 110 53 110
v 110 53 111
v 110 54 111
v 110 54 110
vn -1 0 0
f 11909//2978 11910//2978 11911//2978 11912//2978
v 110 54 111
v 111 54 111
v 111 54 110
v 110 54 110
vn 0 1 0
f 11913//2979 11914//2979 11915//2979 11916//2979
v 110 53 111
v 110 53 112
v 110 54 112
v 110 54 111
vn -1 0 0
f 11917//2980 11918//2980 11919//2980 11920//2980
v 110 54 112
v 111 54 112
v 111 54 111
v 110 54 111
vn 0 1 0
f 11921//2981 11922//2981 11923//2981 11924//2981
v 110 53 112
v 110 53 113
v 110 54 113
v 110 54 112
vn -1 0 0
f 11925//2982 11926//2982 11927//2982 11928//2982
v 111 54 113
v 110 54 113
v 110 53 113
v 111 53 113
vn 0 0 1
f 11929//2983 11930//2983 11931//2983 11932//2983
v 110 54 113
v 111 54 113
v 111 54 112
v 110 54 112
vn 0 1 0
f 11933//2984 11934//2984 11935//2984 11936//2984
v 111 54 108
v 112 54 108
v 112 53 108
v 111 53 108
vn 0 0 -1
f 11937//2985 11938//2985 11939//2985 11940//2985
v 111 54 109
v 112 54 109
v 112 54 108
v 111 54 108
vn 0 1 0
f 11941//2986 11942//2986 11943//2986 11944//2986
v 111 54 110
v 112 54 110
v 112 54 109
v 111 54 109
vn 0 1 0
f 11945//2987 11946//2987 11947//2987 11948//2987
v 111 54 111
v 112 54 111
v 112 54 110
v 111 54 110
vn 0 1 0
f 11949//2988 11950//2988 11951//2988 11952//2988
v 111 54 112
v 112 54 112
v 112 54 111
v 111 54 111
vn 0 1 0
f 11953//2989 11954//2989 11955//2989 11956//2989
v 112 54 113
v 111 54 113
v 111 53 113
v 112 53 113
vn 0 0 1
f 11957//2990 11958//2990 11959//2990 11960//2990
v 111 54 113
v 112 54 113
v 112 54 112
v 111 54 112
vn 0 1 0
f 11961//2991 11962//2991 11963//2991 11964//2991
v 112 54 108
v 113 54 108
v 113 53 108
v 112 53 108
vn 0 0 -1
f 11965//2992 11966//2992 11967//2992 11968//2992
v 112 54 109
v 113 54 109
v 113 54 108
v 112 54 108
vn 0 1 0
f 11969//2993 11970//2993 11971//2993 11972//2993
v 113 54 113
v 112 54 113
v 112 53 113
v 113 53 113
vn 0 0 1
f 11973//2994 11974//2994 11975//2994 11976//2994
v 112 54 113
v 113 54 113
v 113 54 112
v 112 54 112
vn 0 1 0
f 11977//2995 11978//2995 11979//2995 11980//2995
v 113 54 108
v 114 54 108
v 114 53 108
v 113 53 108
vn 0 0 -1
f 11981//2996 11982//2996 11983//2996 11984//2996
v 113 54 109
v 114 54 109
v 114 54 108
v 113 54 108
vn 0 1 0
f 11985//2997 11986//2997 11987//2997 11988//2997
v 114 54 113
v 113 54 113
v 113 53 113
v 114 53 113
vn 0 0 1
f 11989//2998 11990//2998 11991//2998 11992//2998
v 113 54 113
v 114 54 113
v 114 54 112
v 113 54 112
vn 0 1 0
f 11993//2999 11994//2999 11995//2999 11996//2999
v 115 54 108
v 115 54 109
v 115 53 109
v 115 53 108
vn 1 0 0
f 11997//3000 11998//3000 11999//3000 12000//3000
v 114 54 108
v 115 54 108
v 115 53 108
v 114 53 108
vn 0 0 -1
f 12001//3001 12002//3001 12003//3001 12004//3001
v 114 54 109
v 115 54 109
v 115 54 108
v 114 54 108
vn 0 1 0
f 12005//3002 12006//3002 12007//3002 12008//3002
v 115 54 109
v 115 54 110
v 115 53 110
v 115 53 109
vn 1 0 0
f 12009//3003 12010//3003 12011//3003 12012//3003
v 115 54 110
v 115 54 111
v 115 53 111
v 115 53 110
vn 1 0 0
f 12013//3004 12014//3004 12015//3004 12016//3004
v 115 54 111
v 115 54 112
v 115 53 112
v 115 53 111
vn 1 0 0
f 12017//3005 12018//3005 12019//3005 12020//3005
v 115 54 112
v 115 54 113
v 115 53 113
v 115 53 112
vn 1 0 0
f 12021//3006 12022//3006 12023//3006 12024//3006
v 115 54 113
v 114 54 113
v 114 53 113
v 115 53 113
vn 0 0 1
f 12025//3007 12026//3007 12027//3007 12028//3007
v 114 54 113
v 115 54 113
v 115 54 112
v 114 54 112
vn 0 1 0
f 12029//3008 12030//3008 12031//3008 12032//3008
v 181 10 181
v 181 10 182
v 181 11 182
v 181 11 181
vn -1 0 0
f 12033//3009 12034//3009 12035//3009 12036//3009
v 181 11 182
v 182 11 182
v 182 11 181
v 181 11 181
vn 0 1 0
f 12037//3010 12038//3010 12039//3010 12040//3010
v 181 10 181
v 182 10 181
v 182 10 182
v 181 10 182
vn 0 -1 0
f 12041//3011 12042//3011 12043//3011 12044//3011
v 188 11 182
v 187 11 182
v 187 10 182
v 188 10 182
vn 0 0 1
f 12045//3012 12046//3012 12047//3012 12048//3012
v 187 11 182
v 188 11 182
v 188 11 181
v 187 11 181
vn 0 1 0
f 12049//3013 12050//3013 12051//3013 12052//3013
v 187 10 181
v 188 10 181
v 188 10 182
v 187 10 182
vn 0 -1 0
f 12053//3014 12054//3014 12055//3014 12056//3014
usemtl c110
v 183 11 186
v 182 11 186
v 182 10 186
v 183 10 186
vn 0 0 1
f 12057//3015 12058//3015 12059//3015 12060//3015
v 182 11 186
v 183 11 186
v 183 11 185
v 182 11 185
vn 0 1 0
f 12061//3016 12062//3016 12063//3016 12064//3016
v 182 10 185
v 183 10 185
v 183 10 186
v 182 10 186
vn 0 -1 0
f 12065//3017 12066//3017 12067//3017 12068//3017
usemtl c146
v 182 11 183
v 183 11 183
v 183 11 182
v 182 11 182
vn 0 1 0
f 12069//3018 12070//3018 12071//3018 12072//3018
v 182 10 182
v 183 10 182
v 183 10 183
v 182 10 183
vn 0 -1 0
f 12073//3019 12074//3019 12075//3019 12076//3019
v 187 11 182
v 187 11 183
v 187 10 183
v 187 10 182
vn 1 0 0
f 12077//3020 12078//3020 12079//3020 12080//3020
v 187 11 183
v 186 11 183
v 186 10 183
v 187 10 183
vn 0 0 1
f 12081//3021 12082//3021 12083//3021 12084//3021
v 186 11 183
v 187 11 183
v 187 11 182
v 186 11 182
vn 0 1 0
f 12085//3022 12086//3022 12087//3022 12088//3022
v 186 10 182
v 187 10 182
v 187 10 183
v 186 10 183
vn 0 -1 0
f 12089//3023 12090//3023 12091//3023 12092//3023
usemtl c167
v 62 62 61
v 62 62 62
v 62 61 62
v 62 61 61
vn 1 0 0
f 12093//3024 12094//3024 12095//3024 12096//3024
v 61 61 61
v 61 61 62
v 61 62 62
v 61 62 61
vn -1 0 0
f 12097//3025 12098//3025 12099//3025 12100//3025
v 62 62 62
v 61 62 62
v 61 61 62
v 62 61 62
vn 0 0 1
f 12101//3026 12102//3026 12103//3026 12104//3026
v 61 62 61
v 62 62 61
v 62 61 61
v 61 61 61
vn 0 0 -1
f 12105//3027 12106//3027 12107//3027 12108//3027
v 62 63 61
v 62 63 62
v 62 62 62
v 62 62 61
vn 1 0 0
f 12109//3028 12110//3028 12111//3028 12112//3028
v 61 62 61
v 61 62 62
v 61 63 62
v 61 63 61
vn -1 0 0
f 12113//3029 12114//3029 12115//3029 12116//3029
v 62 63 62
v 61 63 62
v 61 62 62
v 62 62 62
vn 0 0 1
f 12117//3030 12118//3030 12119//3030 12120//3030
v 61 63 61
v 62 63 61
v 62 62 61
v 61 62 61
vn 0 0 -1
f 12121//3031 12122//3031 12123//3031 12124//3031
v 62 64 61
v 62 64 62
v 62 63 62
v 62 63 61
vn 1 0 0
f 12125//3032 12126//3032 12127//3032 12128//3032
v 61 63 61
v 61 63 62
v 61 64 62
v 61 64 61
vn -1 0 0
f 12129//3033 12130//3033 12131//3033 12132//3033
v 62 64 62
v 61 64 62
v 61 63 62
v 62 63 62
vn 0 0 1
f 12133//3034 12134//3034 12135//3034 12136//3034
v 61 64 61
v 62 64 61
v 62 63 61
v 61 63 61
vn 0 0 -1
f 12137//3035 12138//3035 12139//3035 12140//3035
v 62 65 61
v 62 65 62
v 62 64 62
v 62 64 61
vn 1 0 0
f 12141//3036 12142//3036 12143//3036 12144//3036
v 61 64 61
v 61 64 62
v 61 65 62
v 61 65 61
vn -1 0 0
f 12145//3037 12146//3037 12147//3037 12148//3037
v 62 65 62
v 61 65 62
v 61 64 62
v 62 64 62
vn 0 0 1
f 12149//3038 12150//3038 12151//3038 12152//3038
v 61 65 61
v 62 65 61
v 62 64 61
v 61 64 61
vn 0 0 -1
f 12153//3039 12154//3039 12155//3039 12156//3039
v 62 66 61
v 62 66 62
v 62 65 62
v 62 65 61
vn 1 0 0
f 12157//3040 12158//3040 12159//3040 12160//3040
v 61 65 61
v 61 65 62
v 61 66 62
v 61 66 61
vn -1 0 0
f 12161//3041 12162//3041 12163//3041 12164//3041
v 62 66 62
v 61 66 62
v 61 65 62
v 62 65 62
vn 0 0 1
f 12165//3042 12166//3042 12167//3042 12168//3042
v 61 66 61
v 62 66 61
v 62 65 61
v 61 65 61
vn 0 0 -1
f 12169//3043 12170//3043 12171//3043 12172//3043
v 62 67 61
v 62 67 62
v 62 66 62
v 62 66 61
vn 1 0 0
f 12173//3044 12174//3044 12175//3044 12176//3044
v 61 66 61
v 61 66 62
v 61 67 62
v 61 67 61
vn -1 0 0
f 12177//3045 12178//3045 12179//3045 12180//3045
v 62 67 62
v 61 67 62
v 61 66 62
v 62 66 62
vn 0 0 1
f 12181//3046 12182//3046 12183//3046 12184//3046
v 61 67 61
v 62 67 61
v 62 66 61
v 61 66 61
vn 0 0 -1
f 12185//3047 12186//3047 12187//3047 12188//3047
v 62 68 61
v 62 68 62
v 62 67 62
v 62 67 61
vn 1 0 0
f 12189//3048 12190//3048 12191//3048 12192//3048
v 61 67 61
v 61 67 62
v 61 68 62
v 61 68 61
vn -1 0 0
f 12193//3049 12194//3049 12195//3049 12196//3049
v 62 68 62
v 61 68 62
v 61 67 62
v 62 67 62
vn 0 0 1
f 12197//3050 12198//3050 12199//3050 12200//3050
v 61 68 61
v 62 68 61
v 62 67 61
v 61 67 61
vn 0 0 -1
f 12201//3051 12202//3051 12203//3051 12204//3051
v 62 69 61
v 62 69 62
v 62 68 62
v 62 68 61
vn 1 0 0
f 12205//3052 12206//3052 12207//3052 12208//3052
v 61 68 61
v 61 68 62
v 61 69 62
v 61 69 61
vn -1 0 0
f 12209//3053 12210//3053 12211//3053 12212//3053
v 62 69 62
v 61 69 62
v 61 68 62
v 62 68 62
vn 0 0 1
f 12213//3054 12214//3054 12215//3054 12216//3054
v 61 69 61
v 62 69 61
v 62 68 61
v 61 68 61
vn 0 0 -1
f 12217//3055 12218//3055 12219//3055 12220//3055
v 62 70 61
v 62 70 62
v 62 69 62
v 62 69 61
vn 1 0 0
f 12221//3056 12222//3056 12223//3056 12224//3056
v 61 69 61
v 61 69 62
v 61 70 62
v 61 70 61
vn -1 0 0
f 12225//3057 12226//3057 12227//3057 12228//3057
v 62 70 62
v 61 70 62
v 61 69 62
v 62 69 62
vn 0 0 1
f 12229//3058 12230//3058 12231//3058 12232//3058
v 61 70 61
v 62 70 61
v 62 69 61
v 61 69 61
vn 0 0 -1
f 12233//3059 12234//3059 12235//3059 12236//3059
v 62 71 61
v 62 71 62
v 62 70 62
v 62 70 61
vn 1 0 0
f 12237//3060 12238//3060 12239//3060 12240//3060
v 61 70 61
v 61 70 62
v 61 71 62
v 61 71 61
vn -1 0 0
f 12241//3061 12242//3061 12243//3061 12244//3061
v 62 71 62
v 61 71 62
v 61 70 62
v 62 70 62
vn 0 0 1
f 12245//3062 12246//3062 12247//3062 12248//3062
v 61 71 61
v 62 71 61
v 62 70 61
v 61 70 61
vn 0 0 -1
f 12249//3063 12250//3063 12251//3063 12252//3063
v 62 72 61
v 62 72 62
v 62 71 62
v 62 71 61
vn 1 0 0
f 12253//3064 12254//3064 12255//3064 12256//3064
v 61 71 61
v 61 71 62
v 61 72 62
v 61 72 61
vn -1 0 0
f 12257//3065 12258//3065 12259//3065 12260//3065
v 62 72 62
v 61 72 62
v 61 71 62
v 62 71 62
vn 0 0 1
f 12261//3066 12262//3066 12263//3066 12264//3066
v 61 72 61
v 62 72 61
v 62 71 61
v 61 71 61
vn 0 0 -1
f 12265//3067 12266//3067 12267//3067 12268//3067
v 62 73 61
v 62 73 62
v 62 72 62
v 62 72 61
vn 1 0 0
f 12269//3068 12270//3068 12271//3068 12272//3068
v 61 72 61
v 61 72 62
v 61 73 62
v 61 73 61
vn -1 0 0
f 12273//3069 12274//3069 12275//3069 12276//3069
v 62 73 62
v 61 73 62
v 61 72 62
v 62 72 62
vn 0 0 1
f 12277//3070 12278//3070 12279//3070 12280//3070
v 61 73 61
v 62 73 61
v 62 72 61
v 61 72 61
vn 0 0 -1
f 12281//3071 12282//3071 12283//3071 12284//3071
v 62 74 61
v 62 74 62
v 62 73 62
v 62 73 61
vn 1 0 0
f 12285//3072 12286//3072 12287//3072 12288//3072
v 61 73 61
v 61 73 62
v 61 74 62
v 61 74 61
vn -1 0 0
f 12289//3073 12290//3073 12291//3073 12292//3073
v 62 74 62
v 61 74 62
v 61 73 62
v 62 73 62
vn 0 0 1
f 12293//3074 12294//3074 12295//3074 12296//3074
v 61 74 61
v 62 74 61
v 62 73 61
v 61 73 61
vn 0 0 -1
f 12297//3075 12298//3075 12299//3075 12300//3075
v 62 75 61
v 62 75 62
v 62 74 62
v 62 74 61
vn 1 0 0
f 12301//3076 12302//3076 12303//3076 12304//3076
v 61 74 61
v 61 74 62
v 61 75 62
v 61 75 61
vn -1 0 0
f 12305//3077 12306//3077 12307//3077 12308//3077
v 62 75 62
v 61 75 62
v 61 74 62
v 62 74 62
vn 0 0 1
f 12309//3078 12310//3078 12311//3078 12312//3078
v 61 75 61
v 62 75 61
v 62 74 61
v 61 74 61
vn 0 0 -1
f 12313//3079 12314//3079 12315//3079 12316//3079
v 62 76 61
v 62 76 62
v 62 75 62
v 62 75 61
vn 1 0 0
f 12317//3080 12318//3080 12319//3080 12320//3080
v 61 75 61
v 61 75 62
v 61 76 62
v 61 76 61
vn -1 0 0
f 12321//3081 12322//3081 12323//3081 12324//3081
v 62 76 62
v 61 76 62
v 61 75 62
v 62 75 62
vn 0 0 1
f 12325//3082 12326//3082 12327//3082 12328//3082
v 61 76 61
v 62 76 61
v 62 75 61
v 61 75 61
vn 0 0 -1
f 12329//3083 12330//3083 12331//3083 12332//3083
v 62 77 61
v 62 77 62
v 62 76 62
v 62 76 61
vn 1 0 0
f 12333//3084 12334//3084 12335//3084 12336//3084
v 61 76 61
v 61 76 62
v 61 77 62
v 61 77 61
vn -1 0 0
f 12337//3085 12338//3085 12339//3085 12340//3085
v 62 77 62
v 61 77 62
v 61 76 62
v 62 76 62
vn 0 0 1
f 12341//3086 12342//3086 12343//3086 12344//3086
v 61 77 61
v 62 77 61
v 62 76 61
v 61 76 61
vn 0 0 -1
f 12345//3087 12346//3087 12347//3087 12348//3087
v 62 78 61
v 62 78 62
v 62 77 62
v 62 77 61
vn 1 0 0
f 12349//3088 12350//3088 12351//3088 12352//3088
v 61 77 61
v 61 77 62
v 61 78 62
v 61 78 61
vn -1 0 0
f 12353//3089 12354//3089 12355//3089 12356//3089
v 62 78 62
v 61 78 62
v 61 77 62
v 62 77 62
vn 0 0 1
f 12357//3090 12358//3090 12359//3090 12360//3090
v 61 78 61
v 62 78 61
v 62 77 61
v 61 77 61
vn 0 0 -1
f 12361//3091 12362//3091 12363//3091 12364//3091
v 62 79 61
v 62 79 62
v 62 78 62
v 62 78 61
vn 1 0 0
f 12365//3092 12366//3092 12367//3092 12368//3092
v 61 78 61
v 61 78 62
v 61 79 62
v 61 79 61
vn -1 0 0
f 12369//3093 12370//3093 12371//3093 12372//3093
v 62 79 62
v 61 79 62
v 61 78 62
v 62 78 62
vn 0 0 1
f 12373//3094 12374//3094 12375//3094 12376//3094
v 61 79 61
v 62 79 61
v 62 78 61
v 61 78 61
vn 0 0 -1
f 12377//3095 12378//3095 12379//3095 12380//3095
v 62 80 61
v 62 80 62
v 62 79 62
v 62 79 61
vn 1 0 0
f 12381//3096 12382//3096 12383//3096 12384//3096
v 61 79 61
v 61 79 62
v 61 80 62
v 61 80 61
vn -1 0 0
f 12385//3097 12386//3097 12387//3097 12388//3097
v 62 80 62
v 61 80 62
v 61 79 62
v 62 79 62
vn 0 0 1
f 12389//3098 12390//3098 12391//3098 12392//3098
v 61 80 61
v 62 80 61
v 62 79 61
v 61 79 61
vn 0 0 -1
f 12393//3099 12394//3099 12395//3099 12396//3099
v 62 81 61
v 62 81 62
v 62 80 62
v 62 80 61
vn 1 0 0
f 12397//3100 12398//3100 12399//3100 12400//3100
v 61 80 61
v 61 80 62
v 61 81 62
v 61 81 61
vn -1 0 0
f 12401//3101 12402//3101 12403//3101 12404//3101
v 62 81 62
v 61 81 62
v 61 80 62
v 62 80 62
vn 0 0 1
f 12405//3102 12406//3102 12407//3102 12408//3102
v 61 81 61
v 62 81 61
v 62 80 61
v 61 80 61
vn 0 0 -1
f 12409//3103 12410//3103 12411//3103 12412//3103
v 62 82 61
v 62 82 62
v 62 81 62
v 62 81 61
vn 1 0 0
f 12413//3104 12414//3104 12415//3104 12416//3104
v 61 81 61
v 61 81 62
v 61 82 62
v 61 82 61
vn -1 0 0
f 12417//3105 12418//3105 12419//3105 12420//3105
v 62 82 62
v 61 82 62
v 61 81 62
v 62 81 62
vn 0 0 1
f 12421//3106 12422//3106 12423//3106 12424//3106
v 61 82 61
v 62 82 61
v 62 81 61
v 61 81 61
vn 0 0 -1
f 12425//3107 12426//3107 12427//3107 12428//3107
v 62 83 61
v 62 83 62
v 62 82 62
v 62 82 61
vn 1 0 0
f 12429//3108 12430//3108 12431//3108 12432//3108
v 61 82 61
v 61 82 62
v 61 83 62
v 61 83 61
vn -1 0 0
f 12433//3109 12434//3109 12435//3109 12436//3109
v 62 83 62
v 61 83 62
v 61 82 62
v 62 82 62
vn 0 0 1
f 12437//3110 12438//3110 12439//3110 12440//3110
v 61 83 61
v 62 83 61
v 62 82 61
v 61 82 61
vn 0 0 -1
f 12441//3111 12442//3111 12443//3111 12444//3111
v 62 84 61
v 62 84 62
v 62 83 62
v 62 83 61
vn 1 0 0
f 12445//3112 12446//3112 12447//3112 12448//3112
v 61 83 61
v 61 83 62
v 61 84 62
v 61 84 61
vn -1 0 0
f 12449//3113 12450//3113 12451//3113 12452//3113
v 62 84 62
v 61 84 62
v 61 83 62
v 62 83 62
vn 0 0 1
f 12453//3114 12454//3114 12455//3114 12456//3114
v 61 84 61
v 62 84 61
v 62 83 61
v 61 83 61
vn 0 0 -1
f 12457//3115 12458//3115 12459//3115 12460//3115
v 62 85 61
v 62 85 62
v 62 84 62
v 62 84 61
vn 1 0 0
f 12461//3116 12462//3116 12463//3116 12464//3116
v 61 84 61
v 61 84 62
v 61 85 62
v 61 85 61
vn -1 0 0
f 12465//3117 12466//3117 12467//3117 12468//3117
v 62 85 62
v 61 85 62
v 61 84 62
v 62 84 62
vn 0 0 1
f 12469//3118 12470//3118 12471//3118 12472//3118
v 61 85 61
v 62 85 61
v 62 84 61
v 61 84 61
vn 0 0 -1
f 12473//3119 12474//3119 12475//3119 12476//3119
v 62 86 61
v 62 86 62
v 62 85 62
v 62 85 61
vn 1 0 0
f 12477//3120 12478//3120 12479//3120 12480//3120
v 61 85 61
v 61 85 62
v 61 86 62
v 61 86 61
vn -1 0 0
f 12481//3121 12482//3121 12483//3121 12484//3121
v 62 86 62
v 61 86 62
v 61 85 62
v 62 85 62
vn 0 0 1
f 12485//3122 12486//3122 12487//3122 12488//3122
v 61 86 61
v 62 86 61
v 62 85 61
v 61 85 61
vn 0 0 -1
f 12489//3123 12490//3123 12491//3123 12492//3123
v 62 87 61
v 62 87 62
v 62 86 62
v 62 86 61
vn 1 0 0
f 12493//3124 12494//3124 12495//3124 12496//3124
v 61 86 61
v 61 86 62
v 61 87 62
v 61 87 61
vn -1 0 0
f 12497//3125 12498//3125 12499//3125 12500//3125
v 62 87 62
v 61 87 62
v 61 86 62
v 62 86 62
vn 0 0 1
f 12501//3126 12502//3126 12503//3126 12504//3126
v 61 87 61
v 62 87 61
v 62 86 61
v 61 86 61
vn 0 0 -1
f 12505//3127 12506//3127 12507//3127 12508//3127
v 62 88 61
v 62 88 62
v 62 87 62
v 62 87 61
vn 1 0 0
f 12509//3128 12510//3128 12511//3128 12512//3128
v 61 87 61
v 61 87 62
v 61 88 62
v 61 88 61
vn -1 0 0
f 12513//3129 12514//3129 12515//3129 12516//3129
v 62 88 62
v 61 88 62
v 61 87 62
v 62 87 62
vn 0 0 1
f 12517//3130 12518//3130 12519//3130 12520//3130
v 61 88 61
v 62 88 61
v 62 87 61
v 61 87 61
vn 0 0 -1
f 12521//3131 12522//3131 12523//3131 12524//3131
v 62 89 61
v 62 89 62
v 62 88 62
v 62 88 61
vn 1 0 0
f 12525//3132 12526//3132 12527//3132 12528//3132
v 61 88 61
v 61 88 62
v 61 89 62
v 61 89 61
vn -1 0 0
f 12529//3133 12530//3133 12531//3133 12532//3133
v 62 89 62
v 61 89 62
v 61 88 62
v 62 88 62
vn 0 0 1
f 12533//3134 12534//3134 12535//3134 12536//3134
v 61 89 61
v 62 89 61
v 62 88 61
v 61 88 61
vn 0 0 -1
f 12537//3135 12538//3135 12539//3135 12540//3135
v 62 90 61
v 62 90 62
v 62 89 62
v 62 89 61
vn 1 0 0
f 12541//3136 12542//3136 12543//3136 12544//3136
v 61 89 61
v 61 89 62
v 61 90 62
v 61 90 61
vn -1 0 0
f 12545//3137 12546//3137 12547//3137 12548//3137
v 62 90 62
v 61 90 62
v 61 89 62
v 62 89 62
vn 0 0 1
f 12549//3138 12550//3138 12551//3138 12552//3138
v 61 90 61
v 62 90 61
v 62 89 61
v 61 89 61
vn 0 0 -1
f 12553//3139 12554//3139 12555//3139 12556//3139
v 62 91 61
v 62 91 62
v 62 90 62
v 62 90 61
vn 1 0 0
f 12557//3140 12558//3140 12559//3140 12560//3140
v 61 90 61
v 61 90 62
v 61 91 62
v 61 91 61
vn -1 0 0
f 12561//3141 12562//3141 12563//3141 12564//3141
v 62 91 62
v 61 91 62
v 61 90 62
v 62 90 62
vn 0 0 1
f 12565//3142 12566//3142 12567//3142 12568//3142
v 61 91 61
v 62 91 61
v 62 90 61
v 61 90 61
vn 0 0 -1
f 12569//3143 12570//3143 12571//3143 12572//3143
v 62 102 61
v 62 102 62
v 62 101 62
v 62 101 61
vn 1 0 0
f 12573//3144 12574//3144 12575//3144 12576//3144
v 61 101 61
v 61 101 62
v 61 102 62
v 61 102 61
vn -1 0 0
f 12577//3145 12578//3145 12579//3145 12580//3145
v 62 102 62
v 61 102 62
v 61 101 62
v 62 101 62
vn 0 0 1
f 12581//3146 12582//3146 12583//3146 12584//3146
v 61 102 61
v 62 102 61
v 62 101 61
v 61 101 61
vn 0 0 -1
f 12585//3147 12586//3147 12587//3147 12588//3147
v 62 103 61
v 62 103 62
v 62 102 62
v 62 102 61
vn 1 0 0
f 12589//3148 12590//3148 12591//3148 12592//3148
v 61 102 61
v 61 102 62
v 61 103 62
v 61 103 61
vn -1 0 0
f 12593//3149 12594//3149 12595//3149 12596//3149
v 62 103 62
v 61 103 62
v 61 102 62
v 62 102 62
vn 0 0 1
f 12597//3150 12598//3150 12599//3150 12600//3150
v 61 103 61
v 62 103 61
v 62 102 61
v 61 102 61
vn 0 0 -1
f 12601//3151 12602//3151 12603//3151 12604//3151
v 62 104 61
v 62 104 62
v 62 103 62
v 62 103 61
vn 1 0 0
f 12605//3152 12606//3152 12607//3152 12608//3152
v 61 103 61
v 61 103 62
v 61 104 62
v 61 104 61
vn -1 0 0
f 12609//3153 12610//3153 12611//3153 12612//3153
v 62 104 62
v 61 104 62
v 61 103 62
v 62 103 62
vn 0 0 1
f 12613//3154 12614//3154 12615//3154 12616//3154
v 61 104 61
v 62 104 61
v 62 103 61
v 61 103 61
vn 0 0 -1
f 12617//3155 12618//3155 12619//3155 12620//3155
v 62 105 61
v 62 105 62
v 62 104 62
v 62 104 61
vn 1 0 0
f 12621//3156 12622//3156 12623//3156 12624//3156
v 61 104 61
v 61 104 62
v 61 105 62
v 61 105 61
vn -1 0 0
f 12625//3157 12626//3157 12627//3157 12628//3157
v 62 105 62
v 61 105 62
v 61 104 62
v 62 104 62
vn 0 0 1
f 12629//3158 12630//3158 12631//3158 12632//3158
v 61 105 61
v 62 105 61
v 62 104 61
v 61 104 61
vn 0 0 -1
f 12633//3159 12634//3159 12635//3159 12636//3159
v 62 106 61
v 62 106 62
v 62 105 62
v 62 105 61
vn 1 0 0
f 12637//3160 12638//3160 12639//3160 12640//3160
v 61 105 61
v 61 105 62
v 61 106 62
v 61 106 61
vn -1 0 0
f 12641//3161 12642//3161 12643//3161 12644//3161
v 62 106 62
v 61 106 62
v 61 105 62
v 62 105 62
vn 0 0 1
f 12645//3162 12646//3162 12647//3162 12648//3162
v 61 106 61
v 62 106 61
v 62 105 61
v 61 105 61
vn 0 0 -1
f 12649//3163 12650//3163 12651//3163 12652//3163
v 62 107 61
v 62 107 62
v 62 106 62
v 62 106 61
vn 1 0 0
f 12653//3164 12654//3164 12655//3164 12656//3164
v 61 106 61
v 61 106 62
v 61 107 62
v 61 107 61
vn -1 0 0
f 12657//3165 12658//3165 12659//3165 12660//3165
v 62 107 62
v 61 107 62
v 61 106 62
v 62 106 62
vn 0 0 1
f 12661//3166 12662//3166 12663//3166 12664//3166
v 61 107 61
v 62 107 61
v 62 106 61
v 61 106 61
vn 0 0 -1
f 12665//3167 12666//3167 12667//3167 12668//3167
v 62 108 61
v 62 108 62
v 62 107 62
v 62 107 61
vn 1 0 0
f 12669//3168 12670//3168 12671//3168 12672//3168
v 61 107 61
v 61 107 62
v 61 108 62
v 61 108 61
vn -1 0 0
f 12673//3169 12674//3169 12675//3169 12676//3169
v 62 108 62
v 61 108 62
v 61 107 62
v 62 107 62
vn 0 0 1
f 12677//3170 12678//3170 12679//3170 12680//3170
v 61 108 61
v 62 108 61
v 62 107 61
v 61 107 61
vn 0 0 -1
f 12681//3171 12682//3171 12683//3171 12684//3171
v 62 109 61
v 62 109 62
v 62 108 62
v 62 108 61
vn 1 0 0
f 12685//3172 12686//3172 12687//3172 12688//3172
v 61 108 61
v 61 108 62
v 61 109 62
v 61 109 61
vn -1 0 0
f 12689//3173 12690//3173 12691//3173 12692//3173
v 62 109 62
v 61 109 62
v 61 108 62
v 62 108 62
vn 0 0 1
f 12693//3174 12694//3174 12695//3174 12696//3174
v 61 109 61
v 62 109 61
v 62 108 61
v 61 108 61
vn 0 0 -1
f 12697//3175 12698//3175 12699//3175 12700//3175
v 62 110 61
v 62 110 62
v 62 109 62
v 62 109 61
vn 1 0 0
f 12701//3176 12702//3176 12703//3176 12704//3176
v 61 109 61
v 61 109 62
v 61 110 62
v 61 110 61
vn -1 0 0
f 12705//3177 12706//3177 12707//3177 12708//3177
v 62 110 62
v 61 110 62
v 61 109 62
v 62 109 62
vn 0 0 1
f 12709//3178 12710//3178 12711//3178 12712//3178
v 61 110 61
v 62 110 61
v 62 109 61
v 61 109 61
vn 0 0 -1
f 12713//3179 12714//3179 12715//3179 12716//3179
v 62 111 61
v 62 111 62
v 62 110 62
v 62 110 61
vn 1 0 0
f 12717//3180 12718//3180 12719//3180 12720//3180
v 61 110 61
v 61 110 62
v 61 111 62
v 61 111 61
vn -1 0 0
f 12721//3181 12722//3181 12723//3181 12724//3181
v 62 111 62
v 61 111 62
v 61 110 62
v 62 110 62
vn 0 0 1
f 12725//3182 12726//3182 12727//3182 12728//3182
v 61 111 61
v 62 111 61
v 62 110 61
v 61 110 61
vn 0 0 -1
f 12729//3183 12730//3183 12731//3183 12732//3183
v 62 112 61
v 62 112 62
v 62 111 62
v 62 111 61
vn 1 0 0
f 12733//3184 12734//3184 12735//3184 12736//3184
v 61 111 61
v 61 111 62
v 61 112 62
v 61 112 61
vn -1 0 0
f 12737//3185 12738//3185 12739//3185 12740//3185
v 62 112 62
v 61 112 62
v 61 111 62
v 62 111 62
vn 0 0 1
f 12741//3186 12742//3186 12743//3186 12744//3186
v 61 112 61
v 62 112 61
v 62 111 61
v 61 111 61
vn 0 0 -1
f 12745//3187 12746//3187 12747//3187 12748//3187
v 62 113 61
v 62 113 62
v 62 112 62
v 62 112 61
vn 1 0 0
f 12749//3188 12750//3188 12751//3188 12752//3188
v 61 112 61
v 61 112 62
v 61 113 62
v 61 113 61
vn -1 0 0
f 12753//3189 12754//3189 12755//3189 12756//3189
v 62 113 62
v 61 113 62
v 61 112 62
v 62 112 62
vn 0 0 1
f 12757//3190 12758//3190 12759//3190 12760//3190
v 61 113 61
v 62 113 61
v 62 112 61
v 61 112 61
vn 0 0 -1
f 12761//3191 12762//3191 12763//3191 12764//3191
v 62 114 61
v 62 114 62
v 62 113 62
v 62 113 61
vn 1 0 0
f 12765//3192 12766//3192 12767//3192 12768//3192
v 61 113 61
v 61 113 62
v 61 114 62
v 61 114 61
vn -1 0 0
f 12769//3193 12770//3193 12771//3193 12772//3193
v 62 114 62
v 61 114 62
v 61 113 62
v 62 113 62
vn 0 0 1
f 12773//3194 12774//3194 12775//3194 12776//3194
v 61 114 61
v 62 114 61
v 62 113 61
v 61 113 61
vn 0 0 -1
f 12777//3195 12778//3195 12779//3195 12780//3195
v 62 115 61
v 62 115 62
v 62 114 62
v 62 114 61
vn 1 0 0
f 12781//3196 12782//3196 12783//3196 12784//3196
v 61 114 61
v 61 114 62
v 61 115 62
v 61 115 61
vn -1 0 0
f 12785//3197 12786//3197 12787//3197 12788//3197
v 62 115 62
v 61 115 62
v 61 114 62
v 62 114 62
vn 0 0 1
f 12789//3198 12790//3198 12791//3198 12792//3198
v 61 115 61
v 62 115 61
v 62 114 61
v 61 114 61
vn 0 0 -1
f 12793//3199 12794//3199 12795//3199 12796//3199
v 62 116 61
v 62 116 62
v 62 115 62
v 62 115 61
vn 1 0 0
f 12797//3200 12798//3200 12799//3200 12800//3200
v 61 115 61
v 61 115 62
v 61 116 62
v 61 116 61
vn -1 0 0
f 12801//3201 12802//3201 12803//3201 12804//3201
v 62 116 62
v 61 116 62
v 61 115 62
v 62 115 62
vn 0 0 1
f 12805//3202 12806//3202 12807//3202 12808//3202
v 61 116 61
v 62 116 61
v 62 115 61
v 61 115 61
vn 0 0 -1
f 12809//3203 12810//3203 12811//3203 12812//3203
v 62 117 61
v 62 117 62
v 62 116 62
v 62 116 61
vn 1 0 0
f 12813//3204 12814//3204 12815//3204 12816//3204
v 61 116 61
v 61 116 62
v 61 117 62
v 61 117 61
vn -1 0 0
f 12817//3205 12818//3205 12819//3205 12820//3205
v 62 117 62
v 61 117 62
v 61 116 62
v 62 116 62
vn 0 0 1
f 12821//3206 12822//3206 12823//3206 12824//3206
v 61 117 61
v 62 117 61
v 62 116 61
v 61 116 61
vn 0 0 -1
f 12825//3207 12826//3207 12827//3207 12828//3207
v 62 118 61
v 62 118 62
v 62 117 62
v 62 117 61
vn 1 0 0
f 12829//3208 12830//3208 12831//3208 12832//3208
v 61 117 61
v 61 117 62
v 61 118 62
v 61 118 61
vn -1 0 0
f 12833//3209 12834//3209 12835//3209 12836//3209
v 62 118 62
v 61 118 62
v 61 117 62
v 62 117 62
vn 0 0 1
f 12837//3210 12838//3210 12839//3210 12840//3210
v 61 118 61
v 62 118 61
v 62 117 61
v 61 117 61
vn 0 0 -1
f 12841//3211 12842//3211 12843//3211 12844//3211
v 62 119 61
v 62 119 62
v 62 118 62
v 62 118 61
vn 1 0 0
f 12845//3212 12846//3212 12847//3212 12848//3212
v 61 118 61
v 61 118 62
v 61 119 62
v 61 119 61
vn -1 0 0
f 12849//3213 12850//3213 12851//3213 12852//3213
v 62 119 62
v 61 119 62
v 61 118 62
v 62 118 62
vn 0 0 1
f 12853//3214 12854//3214 12855//3214 12856//3214
v 61 119 61
v 62 119 61
v 62 118 61
v 61 118 61
vn 0 0 -1
f 12857//3215 12858//3215 12859//3215 12860//3215
v 62 120 61
v 62 120 62
v 62 119 62
v 62 119 61
vn 1 0 0
f 12861//3216 12862//3216 12863//3216 12864//3216
v 61 119 61
v 61 119 62
v 61 120 62
v 61 120 61
vn -1 0 0
f 12865//3217 12866//3217 12867//3217 12868//3217
v 62 120 62
v 61 120 62
v 61 119 62
v 62 119 62
vn 0 0 1
f 12869//3218 12870//3218 12871//3218 12872//3218
v 61 120 61
v 62 120 61
v 62 119 61
v 61 119 61
vn 0 0 -1
f 12873//3219 12874//3219 12875//3219 12876//3219
v 62 121 61
v 62 121 62
v 62 120 62
v 62 120 61
vn 1 0 0
f 12877//3220 12878//3220 12879//3220 12880//3220
v 61 120 61
v 61 120 62
v 61 121 62
v 61 121 61
vn -1 0 0
f 12881//3221 12882//3221 12883//3221 12884//3221
v 62 121 62
v 61 121 62
v 61 120 62
v 62 120 62
vn 0 0 1
f 12885//3222 12886//3222 12887//3222 12888//3222
v 61 121 61
v 62 121 61
v 62 120 61
v 61 120 61
vn 0 0 -1
f 12889//3223 12890//3223 12891//3223 12892//3223
v 62 122 61
v 62 122 62
v 62 121 62
v 62 121 61
vn 1 0 0
f 12893//3224 12894//3224 12895//3224 12896//3224
v 61 121 61
v 61 121 62
v 61 122 62
v 61 122 61
vn -1 0 0
f 12897//3225 12898//3225 12899//3225 12900//3225
v 62 122 62
v 61 122 62
v 61 121 62
v 62 121 62
vn 0 0 1
f 12901//3226 12902//3226 12903//3226 12904//3226
v 61 122 61
v 62 122 61
v 62 121 61
v 61 121 61
vn 0 0 -1
f 12905//3227 12906//3227 12907//3227 12908//3227
v 62 123 61
v 62 123 62
v 62 122 62
v 62 122 61
vn 1 0 0
f 12909//3228 12910//3228 12911//3228 12912//3228
v 61 122 61
v 61 122 62
v 61 123 62
v 61 123 61
vn -1 0 0
f 12913//3229 12914//3229 12915//3229 12916//3229
v 62 123 62
v 61 123 62
v 61 122 62
v 62 122 62
vn 0 0 1
f 12917//3230 12918//3230 12919//3230 12920//3230
v 61 123 61
v 62 123 61
v 62 122 61
v 61 122 61
vn 0 0 -1
f 12921//3231 12922//3231 12923//3231 12924//3231
v 62 124 61
v 62 124 62
v 62 123 62
v 62 123 61
vn 1 0 0
f 12925//3232 12926//3232 12927//3232 12928//3232
v 61 123 61
v 61 123 62
v 61 124 62
v 61 124 61
vn -1 0 0
f 12929//3233 12930//3233 12931//3233 12932//3233
v 62 124 62
v 61 124 62
v 61 123 62
v 62 123 62
vn 0 0 1
f 12933//3234 12934//3234 12935//3234 12936//3234
v 61 124 61
v 62 124 61
v 62 123 61
v 61 123 61
vn 0 0 -1
f 12937//3235 12938//3235 12939//3235 12940//3235
v 62 125 61
v 62 125 62
v 62 124 62
v 62 124 61
vn 1 0 0
f 12941//3236 12942//3236 12943//3236 12944//3236
v 61 124 61
v 61 124 62
v 61 125 62
v 61 125 61
vn -1 0 0
f 12945//3237 12946//3237 12947//3237 12948//3237
v 62 125 62
v 61 125 62
v 61 124 62
v 62 124 62
vn 0 0 1
f 12949//3238 12950//3238 12951//3238 12952//3238
v 61 125 61
v 62 125 61
v 62 124 61
v 61 124 61
vn 0 0 -1
f 12953//3239 12954//3239 12955//3239 12956//3239
v 62 126 61
v 62 126 62
v 62 125 62
v 62 125 61
vn 1 0 0
f 12957//3240 12958//3240 12959//3240 12960//3240
v 61 125 61
v 61 125 62
v 61 126 62
v 61 126 61
vn -1 0 0
f 12961//3241 12962//3241 12963//3241 12964//3241
v 62 126 62
v 61 126 62
v 61 125 62
v 62 125 62
vn 0 0 1
f 12965//3242 12966//3242 12967//3242 12968//3242
v 61 126 61
v 62 126 61
v 62 125 61
v 61 125 61
vn 0 0 -1
f 12969//3243 12970//3243 12971//3243 12972//3243
v 62 127 61
v 62 127 62
v 62 126 62
v 62 126 61
vn 1 0 0
f 12973//3244 12974//3244 12975//3244 12976//3244
v 61 126 61
v 61 126 62
v 61 127 62
v 61 127 61
vn -1 0 0
f 12977//3245 12978//3245 12979//3245 12980//3245
v 62 127 62
v 61 127 62
v 61 126 62
v 62 126 62
vn 0 0 1
f 12981//3246 12982//3246 12983//3246 12984//3246
v 61 127 61
v 62 127 61
v 62 126 61
v 61 126 61
vn 0 0 -1
f 12985//3247 12986//3247 12987//3247 12988//3247
v 62 128 61
v 62 128 62
v 62 127 62
v 62 127 61
vn 1 0 0
f 12989//3248 12990//3248 12991//3248 12992//3248
v 61 127 61
v 61 127 62
v 61 128 62
v 61 128 61
vn -1 0 0
f 12993//3249 12994//3249 12995//3249 12996//3249
v 62 128 62
v 61 128 62
v 61 127 62
v 62 127 62
vn 0 0 1
f 12997//3250 12998//3250 12999//3250 13000//3250
v 61 128 61
v 62 128 61
v 62 127 61
v 61 127 61
vn 0 0 -1
f 13001//3251 13002//3251 13003//3251 13004//3251
v 62 129 61
v 62 129 62
v 62 128 62
v 62 128 61
vn 1 0 0
f 13005//3252 13006//3252 13007//3252 13008//3252
v 61 128 61
v 61 128 62
v 61 129 62
v 61 129 61
vn -1 0 0
f 13009//3253 13010//3253 13011//3253 13012//3253
v 62 129 62
v 61 129 62
v 61 128 62
v 62 128 62
vn 0 0 1
f 13013//3254 13014//3254 13015//3254 13016//3254
v 61 129 61
v 62 129 61
v 62 128 61
v 61 128 61
vn 0 0 -1
f 13017//3255 13018//3255 13019//3255 13020//3255
v 62 130 61
v 62 130 62
v 62 129 62
v 62 129 61
vn 1 0 0
f 13021//3256 13022//3256 13023//3256 13024//3256
v 61 129 61
v 61 129 62
v 61 130 62
v 61 130 61
vn -1 0 0
f 13025//3257 13026//3257 13027//3257 13028//3257
v 62 130 62
v 61 130 62
v 61 129 62
v 62 129 62
vn 0 0 1
f 13029//3258 13030//3258 13031//3258 13032//3258
v 61 130 61
v 62 130 61
v 62 129 61
v 61 129 61
vn 0 0 -1
f 13033//3259 13034//3259 13035//3259 13036//3259
v 62 131 61
v 62 131 62
v 62 130 62
v 62 130 61
vn 1 0 0
f 13037//3260 13038//3260 13039//3260 13040//3260
v 61 130 61
v 61 130 62
v 61 131 62
v 61 131 61
vn -1 0 0
f 13041//3261 13042//3261 13043//3261 13044//3261
v 62 131 62
v 61 131 62
v 61 130 62
v 62 130 62
vn 0 0 1
f 13045//3262 13046//3262 13047//3262 13048//3262
v 61 131 61
v 62 131 61
v 62 130 61
v 61 130 61
vn 0 0 -1
f 13049//3263 13050//3263 13051//3263 13052//3263
v 62 132 61
v 62 132 62
v 62 131 62
v 62 131 61
vn 1 0 0
f 13053//3264 13054//3264 13055//3264 13056//3264
v 61 131 61
v 61 131 62
v 61 132 62
v 61 132 61
vn -1 0 0
f 13057//3265 13058//3265 13059//3265 13060//3265
v 62 132 62
v 61 132 62
v 61 131 62
v 62 131 62
vn 0 0 1
f 13061//3266 13062//3266 13063//3266 13064//3266
v 61 132 61
v 62 132 61
v 62 131 61
v 61 131 61
vn 0 0 -1
f 13065//3267 13066//3267 13067//3267 13068//3267
v 62 133 61
v 62 133 62
v 62 132 62
v 62 132 61
vn 1 0 0
f 13069//3268 13070//3268 13071//3268 13072//3268
v 61 132 61
v 61 132 62
v 61 133 62
v 61 133 61
vn -1 0 0
f 13073//3269 13074//3269 13075//3269 13076//3269
v 62 133 62
v 61 133 62
v 61 132 62
v 62 132 62
vn 0 0 1
f 13077//3270 13078//3270 13079//3270 13080//3270
v 61 133 61
v 62 133 61
v 62 132 61
v 61 132 61
vn 0 0 -1
f 13081//3271 13082//3271 13083//3271 13084//3271
v 62 134 61
v 62 134 62
v 62 133 62
v 62 133 61
vn 1 0 0
f 13085//3272 13086//3272 13087//3272 13088//3272
v 61 133 61
v 61 133 62
v 61 134 62
v 61 134 61
vn -1 0 0
f 13089//3273 13090//3273 13091//3273 13092//3273
v 62 134 62
v 61 134 62
v 61 133 62
v 62 133 62
vn 0 0 1
f 13093//3274 13094//3274 13095//3274 13096//3274
v 61 134 61
v 62 134 61
v 62 133 61
v 61 133 61
vn 0 0 -1
f 13097//3275 13098//3275 13099//3275 13100//3275
v 62 135 61
v 62 135 62
v 62 134 62
v 62 134 61
vn 1 0 0
f 13101//3276 13102//3276 13103//3276 13104//3276
v 61 134 61
v 61 134 62
v 61 135 62
v 61 135 61
vn -1 0 0
f 13105//3277 13106//3277 13107//3277 13108//3277
v 62 135 62
v 61 135 62
v 61 134 62
v 62 134 62
vn 0 0 1
f 13109//3278 13110//3278 13111//3278 13112//3278
v 61 135 61
v 62 135 61
v 62 134 61
v 61 134 61
vn 0 0 -1
f 13113//3279 13114//3279 13115//3279 13116//3279
v 62 136 61
v 62 136 62
v 62 135 62
v 62 135 61
vn 1 0 0
f 13117//3280 13118//3280 13119//3280 13120//3280
v 61 135 61
v 61 135 62
v 61 136 62
v 61 136 61
vn -1 0 0
f 13121//3281 13122//3281 13123//3281 13124//3281
v 62 136 62
v 61 136 62
v 61 135 62
v 62 135 62
vn 0 0 1
f 13125//3282 13126//3282 13127//3282 13128//3282
v 61 136 61
v 62 136 61
v 62 135 61
v 61 135 61
vn 0 0 -1
f 13129//3283 13130//3283 13131//3283 13132//3283
v 62 137 61
v 62 137 62
v 62 136 62
v 62 136 61
vn 1 0 0
f 13133//3284 13134//3284 13135//3284 13136//3284
v 61 136 61
v 61 136 62
v 61 137 62
v 61 137 61
vn -1 0 0
f 13137//3285 13138//3285 13139//3285 13140//3285
v 62 137 62
v 61 137 62
v 61 136 62
v 62 136 62
vn 0 0 1
f 13141//3286 13142//3286 13143//3286 13144//3286
v 61 137 61
v 62 137 61
v 62 136 61
v 61 136 61
vn 0 0 -1
f 13145//3287 13146//3287 13147//3287 13148//3287
v 62 138 61
v 62 138 62
v 62 137 62
v 62 137 61
vn 1 0 0
f 13149//3288 13150//3288 13151//3288 13152//3288
v 61 137 61
v 61 137 62
v 61 138 62
v 61 138 61
vn -1 0 0
f 13153//3289 13154//3289 13155//3289 13156//3289
v 62 138 62
v 61 138 62
v 61 137 62
v 62 137 62
vn 0 0 1
f 13157//3290 13158//3290 13159//3290 13160//3290
v 61 138 61
v 62 138 61
v 62 137 61
v 61 137 61
vn 0 0 -1
f 13161//3291 13162//3291 13163//3291 13164//3291
v 62 139 61
v 62 139 62
v 62 138 62
v 62 138 61
vn 1 0 0
f 13165//3292 13166//3292 13167//3292 13168//3292
v 61 138 61
v 61 138 62
v 61 139 62
v 61 139 61
vn -1 0 0
f 13169//3293 13170//3293 13171//3293 13172//3293
v 62 139 62
v 61 139 62
v 61 138 62
v 62 138 62
vn 0 0 1
f 13173//3294 13174//3294 13175//3294 13176//3294
v 61 139 61
v 62 139 61
v 62 138 61
v 61 138 61
vn 0 0 -1
f 13177//3295 13178//3295 13179//3295 13180//3295
v 62 140 61
v 62 140 62
v 62 139 62
v 62 139 61
vn 1 0 0
f 13181//3296 13182//3296 13183//3296 13184//3296
v 61 139 61
v 61 139 62
v 61 140 62
v 61 140 61
vn -1 0 0
f 13185//3297 13186//3297 13187//3297 13188//3297
v 62 140 62
v 61 140 62
v 61 139 62
v 62 139 62
vn 0 0 1
f 13189//3298 13190//3298 13191//3298 13192//3298
v 61 140 61
v 62 140 61
v 62 139 61
v 61 139 61
vn 0 0 -1
f 13193//3299 13194//3299 13195//3299 13196//3299
v 62 141 61
v 62 141 62
v 62 140 62
v 62 140 61
vn 1 0 0
f 13197//3300 13198//3300 13199//3300 13200//3300
v 61 140 61
v 61 140 62
v 61 141 62
v 61 141 61
vn -1 0 0
f 13201//3301 13202//3301 13203//3301 13204//3301
v 62 141 62
v 61 141 62
v 61 140 62
v 62 140 62
vn 0 0 1
f 13205//3302 13206//3302 13207//3302 13208//3302
v 61 141 61
v 62 141 61
v 62 140 61
v 61 140 61
vn 0 0 -1
f 13209//3303 13210//3303 13211//3303 13212//3303
v 61 141 62
v 62 141 62
v 62 141 61
v 61 141 61
vn 0 1 0
f 13213//3304 13214//3304 13215//3304 13216//3304
usemtl c200
v 15 1 20
v 15 1 21
v 15 2 21
v 15 2 20
vn -1 0 0
f 13217//3305 13218//3305 13219//3305 13220//3305
v 15 2 20
v 15 2 21
v 15 3 21
v 15 3 20
vn -1 0 0
f 13221//3306 13222//3306 13223//3306 13224//3306
v 15 3 20
v 15 3 21
v 15 4 21
v 15 4 20
vn -1 0 0
f 13225//3307 13226//3307 13227//3307 13228//3307
v 15 4 20
v 15 4 21
v 15 5 21
v 15 5 20
vn -1 0 0
f 13229//3308 13230//3308 13231//3308 13232//3308
v 15 5 20
v 15 5 21
v 15 6 21
v 15 6 20
vn -1 0 0
f 13233//3309 13234//3309 13235//3309 13236//3309
v 15 6 21
v 16 6 21
v 16 6 20
v 15 6 20
vn 0 1 0
f 13237//3310 13238//3310 13239//3310 13240//3310
v 15 1 21
v 15 1 22
v 15 2 22
v 15 2 21
vn -1 0 0
f 13241//3311 13242//3311 13243//3311 13244//3311
v 15 2 21
v 15 2 22
v 15 3 22
v 15 3 21
vn -1 0 0
f 13245//3312 13246//3312 13247//3312 13248//3312
v 15 3 21
v 15 3 22
v 15 4 22
v 15 4 21
vn -1 0 0
f 13249//3313 13250//3313 13251//3313 13252//3313
v 15 4 21
v 15 4 22
v 15 5 22
v 15 5 21
vn -1 0 0
f 13253//3314 13254//3314 13255//3314 13256//3314
v 15 5 21
v 15 5 22
v 15 6 22
v 15 6 21
vn -1 0 0
f 13257//3315 13258//3315 13259//3315 13260//3315
v 15 6 22
v 16 6 22
v 16 6 21
v 15 6 21
vn 0 1 0
f 13261//3316 13262//3316 13263//3316 13264//3316
v 15 1 22
v 15 1 23
v 15 2 23
v 15 2 22
vn -1 0 0
f 13265//3317 13266//3317 13267//3317 13268//3317
v 15 1 22
v 16 1 22
v 16 1 23
v 15 1 23
vn 0 -1 0
f 13269//3318 13270//3318 13271//3318 13272//3318
v 15 2 22
v 15 2 23
v 15 3 23
v 15 3 22
vn -1 0 0
f 13273//3319 13274//3319 13275//3319 13276//3319
v 15 3 22
v 15 3 23
v 15 4 23
v 15 4 22
vn -1 0 0
f 13277//3320 13278//3320 13279//3320 13280//3320
v 15 4 22
v 15 4 23
v 15 5 23
v 15 5 22
vn -1 0 0
f 13281//3321 13282//3321 13283//3321 13284//3321
v 15 5 22
v 15 5 23
v 15 6 23
v 15 6 22
vn -1 0 0
f 13285//3322 13286//3322 13287//3322 13288//3322
v 15 6 23
v 16 6 23
v 16 6 22
v 15 6 22
vn 0 1 0
f 13289//3323 13290//3323 13291//3323 13292//3323
v 15 1 23
v 15 1 24
v 15 2 24
v 15 2 23
vn -1 0 0
f 13293//3324 13294//3324 13295//3324 13296//3324
v 15 1 23
v 16 1 23
v 16 1 24
v 15 1 24
vn 0 -1 0
f 13297//3325 13298//3325 13299//3325 13300//3325
v 15 2 23
v 15 2 24
v 15 3 24
v 15 3 23
vn -1 0 0
f 13301//3326 13302//3326 13303//3326 13304//3326
v 15 3 23
v 15 3 24
v 15 4 24
v 15 4 23
vn -1 0 0
f 13305//3327 13306//3327 13307//3327 13308//3327
v 15 4 23
v 15 4 24
v 15 5 24
v 15 5 23
vn -1 0 0
f 13309//3328 13310//3328 13311//3328 13312//3328
v 15 5 23
v 15 5 24
v 15 6 24
v 15 6 23
vn -1 0 0
f 13313//3329 13314//3329 13315//3329 13316//3329
v 15 6 24
v 16 6 24
v 16 6 23
v 15 6 23
vn 0 1 0
f 13317//3330 13318//3330 13319//3330 13320//3330
v 15 1 24
v 15 1 25
v 15 2 25
v 15 2 24
vn -1 0 0
f 13321//3331 13322//3331 13323//3331 13324//3331
v 16 2 25
v 15 2 25
v 15 1 25
v 16 1 25
vn 0 0 1
f 13325//3332 13326//3332 13327//3332 13328//3332
v 15 1 24
v 16 1 24
v 16 1 25
v 15 1 25
vn 0 -1 0
f 13329//3333 13330//3333 13331//3333 13332//3333
v 15 2 24
v 15 2 25
v 15 3 25
v 15 3 24
vn -1 0 0
f 13333//3334 13334//3334 13335//3334 13336//3334
v 16 3 25
v 15 3 25
v 15 2 25
v 16 2 25
vn 0 0 1
f 13337//3335 13338//3335 13339//3335 13340//3335
v 15 3 24
v 15 3 25
v 15 4 25
v 15 4 24
vn -1 0 0
f 13341//3336 13342//3336 13343//3336 13344//3336
v 16 4 25
v 15 4 25
v 15 3 25
v 16 3 25
vn 0 0 1
f 13345//3337 13346//3337 13347//3337 13348//3337
v 15 4 24
v 15 4 25
v 15 5 25
v 15 5 24
vn -1 0 0
f 13349//3338 13350//3338 13351//3338 13352//3338
v 16 5 25
v 15 5 25
v 15 4 25
v 16 4 25
vn 0 0 1
f 13353//3339 13354//3339 13355//3339 13356//3339
v 15 5 24
v 15 5 25
v 15 6 25
v 15 6 24
vn -1 0 0
f 13357//3340 13358//3340 13359//3340 13360//3340
v 16 6 25
v 15 6 25
v 15 5 25
v 16 5 25
vn 0 0 1
f 13361//3341 13362//3341 13363//3341 13364//3341
v 15 6 25
v 16 6 25
v 16 6 24
v 15 6 24
vn 0 1 0
f 13365//3342 13366//3342 13367//3342 13368//3342
v 16 6 21
v 17 6 21
v 17 6 20
v 16 6 20
vn 0 1 0
f 13369//3343 13370//3343 13371//3343 13372//3343
v 16 6 22
v 17 6 22
v 17 6 21
v 16 6 21
vn 0 1 0
f 13373//3344 13374//3344 13375//3344 13376//3344
v 16 1 22
v 17 1 22
v 17 1 23
v 16 1 23
vn 0 -1 0
f 13377//3345 13378//3345 13379//3345 13380//3345
v 16 6 23
v 17 6 23
v 17 6 22
v 16 6 22
vn 0 1 0
f 13381//3346 13382//3346 13383//3346 13384//3346
v 16 1 23
v 17 1 23
v 17 1 24
v 16 1 24
vn 0 -1 0
f 13385//3347 13386//3347 13387//3347 13388//3347
v 16 6 24
v 17 6 24
v 17 6 23
v 16 6 23
vn 0 1 0
f 13389//3348 13390//3348 13391//3348 13392//3348
v 17 2 25
v 16 2 25
v 16 1 25
v 17 1 25
vn 0 0 1
f 13393//3349 13394//3349 13395//3349 13396//3349
v 16 1 24
v 17 1 24
v 17 1 25
v 16 1 25
vn 0 -1 0
f 13397//3350 13398//3350 13399//3350 13400//3350
v 17 3 25
v 16 3 25
v 16 2 25
v 17 2 25
vn 0 0 1
f 13401//3351 13402//3351 13403//3351 13404//3351
v 17 4 25
v 16 4 25
v 16 3 25
v 17 3 25
vn 0 0 1
f 13405//3352 13406//3352 13407//3352 13408//3352
v 17 5 25
v 16 5 25
v 16 4 25
v 17 4 25
vn 0 0 1
f 13409//3353 13410//3353 13411//3353 13412//3353
v 17 6 25
v 16 6 25
v 16 5 25
v 17 5 25
vn 0 0 1
f 13413//3354 13414//3354 13415//3354 13416//3354
v 16 6 25
v 17 6 25
v 17 6 24
v 16 6 24
vn 0 1 0
f 13417//3355 13418//3355 13419//3355 13420//3355
v 17 6 21
v 18 6 21
v 18 6 20
v 17 6 20
vn 0 1 0
f 13421//3356 13422//3356 13423//3356 13424//3356
v 17 6 22
v 18 6 22
v 18 6 21
v 17 6 21
vn 0 1 0
f 13425//3357 13426//3357 13427//3357 13428//3357
v 17 1 22
v 18 1 22
v 18 1 23
v 17 1 23
vn 0 -1 0
f 13429//3358 13430//3358 13431//3358 13432//3358
v 17 6 23
v 18 6 23
v 18 6 22
v 17 6 22
vn 0 1 0
f 13433//3359 13434//3359 13435//3359 13436//3359
v 17 1 23
v 18 1 23
v 18 1 24
v 17 1 24
vn 0 -1 0
f 13437//3360 13438//3360 13439//3360 13440//3360
v 17 6 24
v 18 6 24
v 18 6 23
v 17 6 23
vn 0 1 0
f 13441//3361 13442//3361 13443//3361 13444//3361
v 18 2 25
v 17 2 25
v 17 1 25
v 18 1 25
vn 0 0 1
f 13445//3362 13446//3362 13447//3362 13448//3362
v 17 1 24
v 18 1 24
v 18 1 25
v 17 1 25
vn 0 -1 0
f 13449//3363 13450//3363 13451//3363 13452//3363
v 18 3 25
v 17 3 25
v 17 2 25
v 18 2 25
vn 0 0 1
f 13453//3364 13454//3364 13455//3364 13456//3364
v 18 4 25
v 17 4 25
v 17 3 25
v 18 3 25
vn 0 0 1
f 13457//3365 13458//3365 13459//3365 13460//3365
v 18 5 25
v 17 5 25
v 17 4 25
v 18 4 25
vn 0 0 1
f 13461//3366 13462//3366 13463//3366 13464//3366
v 18 6 25
v 17 6 25
v 17 5 25
v 18 5 25
vn 0 0 1
f 13465//3367 13466//3367 13467//3367 13468//3367
v 17 6 25
v 18 6 25
v 18 6 24
v 17 6 24
vn 0 1 0
f 13469//3368 13470//3368 13471//3368 13472//3368
v 18 6 21
v 19 6 21
v 19 6 20
v 18 6 20
vn 0 1 0
f 13473//3369 13474//3369 13475//3369 13476//3369
v 18 6 22
v 19 6 22
v 19 6 21
v 18 6 21
vn 0 1 0
f 13477//3370 13478//3370 13479//3370 13480//3370
v 18 1 22
v 19 1 22
v 19 1 23
v 18 1 23
vn 0 -1 0
f 13481//3371 13482//3371 13483//3371 13484//3371
v 18 6 23
v 19 6 23
v 19 6 22
v 18 6 22
vn 0 1 0
f 13485//3372 13486//3372 13487//3372 13488//3372
v 18 1 23
v 19 1 23
v 19 1 24
v 18 1 24
vn 0 -1 0
f 13489//3373 13490//3373 13491//3373 13492//3373
v 18 6 24
v 19 6 24
v 19 6 23
v 18 6 23
vn 0 1 0
f 13493//3374 13494//3374 13495//3374 13496//3374
v 19 2 25
v 18 2 25
v 18 1 25
v 19 1 25
vn 0 0 1
f 13497//3375 13498//3375 13499//3375 13500//3375
v 18 1 24
v 19 1 24
v 19 1 25
v 18 1 25
vn 0 -1 0
f 13501//3376 13502//3376 13503//3376 13504//3376
v 19 3 25
v 18 3 25
v 18 2 25
v 19 2 25
vn 0 0 1
f 13505//3377 13506//3377 13507//3377 13508//3377
v 19 4 25
v 18 4 25
v 18 3 25
v 19 3 25
vn 0 0 1
f 13509//3378 13510//3378 13511//3378 13512//3378
v 19 5 25
v 18 5 25
v 18 4 25
v 19 4 25
vn 0 0 1
f 13513//3379 13514//3379 13515//3379 13516//3379
v 19 6 25
v 18 6 25
v 18 5 25
v 19 5 25
vn 0 0 1
f 13517//3380 13518//3380 13519//3380 13520//3380
v 18 6 25
v 19 6 25
v 19 6 24
v 18 6 24
vn 0 1 0
f 13521//3381 13522//3381 13523//3381 13524//3381
v 19 6 21
v 20 6 21
v 20 6 20
v 19 6 20
vn 0 1 0
f 13525//3382 13526//3382 13527//3382 13528//3382
v 19 6 22
v 20 6 22
v 20 6 21
v 19 6 21
vn 0 1 0
f 13529//3383 13530//3383 13531//3383 13532//3383
v 19 1 22
v 20 1 22
v 20 1 23
v 19 1 23
vn 0 -1 0
f 13533//3384 13534//3384 13535//3384 13536//3384
v 19 6 23
v 20 6 23
v 20 6 22
v 19 6 22
vn 0 1 0
f 13537//3385 13538//3385 13539//3385 13540//3385
v 19 1 23
v 20 1 23
v 20 1 24
v 19 1 24
vn 0 -1 0
f 13541//3386 13542//3386 13543//3386 13544//3386
v 19 6 24
v 20 6 24
v 20 6 23
v 19 6 23
vn 0 1 0
f 13545//3387 13546//3387 13547//3387 13548//3387
v 20 2 25
v 19 2 25
v 19 1 25
v 20 1 25
vn 0 0 1
f 13549//3388 13550//3388 13551//3388 13552//3388
v 19 1 24
v 20 1 24
v 20 1 25
v 19 1 25
vn 0 -1 0
f 13553//3389 13554//3389 13555//3389 13556//3389
v 20 3 25
v 19 3 25
v 19 2 25
v 20 2 25
vn 0 0 1
f 13557//3390 13558//3390 13559//3390 13560//3390
v 20 4 25
v 19 4 25
v 19 3 25
v 20 3 25
vn 0 0 1
f 13561//3391 13562//3391 13563//3391 13564//3391
v 20 5 25
v 19 5 25
v 19 4 25
v 20 4 25
vn 0 0 1
f 13565//3392 13566//3392 13567//3392 13568//3392
v 20 6 25
v 19 6 25
v 19 5 25
v 20 5 25
vn 0 0 1
f 13569//3393 13570//3393 13571//3393 13572//3393
v 19 6 25
v 20 6 25
v 20 6 24
v 19 6 24
vn 0 1 0
f 13573//3394 13574//3394 13575//3394 13576//3394
v 20 2 15
v 21 2 15
v 21 1 15
v 20 1 15
vn 0 0 -1
f 13577//3395 13578//3395 13579//3395 13580//3395
v 20 3 15
v 21 3 15
v 21 2 15
v 20 2 15
vn 0 0 -1
f 13581//3396 13582//3396 13583//3396 13584//3396
v 20 4 15
v 21 4 15
v 21 3 15
v 20 3 15
vn 0 0 -1
f 13585//3397 13586//3397 13587//3397 13588//3397
v 20 5 15
v 21 5 15
v 21 4 15
v 20 4 15
vn 0 0 -1
f 13589//3398 13590//3398 13591//3398 13592//3398
v 20 6 15
v 21 6 15
v 21 5 15
v 20 5 15
vn 0 0 -1
f 13593//3399 13594//3399 13595//3399 13596//3399
v 20 6 16
v 21 6 16
v 21 6 15
v 20 6 15
vn 0 1 0
f 13597//3400 13598//3400 13599//3400 13600//3400
v 20 6 17
v 21 6 17
v 21 6 16
v 20 6 16
vn 0 1 0
f 13601//3401 13602//3401 13603//3401 13604//3401
v 20 6 18
v 21 6 18
v 21 6 17
v 20 6 17
vn 0 1 0
f 13605//3402 13606//3402 13607//3402 13608//3402
v 20 6 19
v 21 6 19
v 21 6 18
v 20 6 18
vn 0 1 0
f 13609//3403 13610//3403 13611//3403 13612//3403
v 20 6 20
v 21 6 20
v 21 6 19
v 20 6 19
vn 0 1 0
f 13613//3404 13614//3404 13615//3404 13616//3404
v 20 6 21
v 21 6 21
v 21 6 20
v 20 6 20
vn 0 1 0
f 13617//3405 13618//3405 13619//3405 13620//3405
v 20 6 22
v 21 6 22
v 21 6 21
v 20 6 21
vn 0 1 0
f 13621//3406 13622//3406 13623//3406 13624//3406
v 20 1 22
v 21 1 22
v 21 1 23
v 20 1 23
vn 0 -1 0
f 13625//3407 13626//3407 13627//3407 13628//3407
v 20 6 23
v 21 6 23
v 21 6 22
v 20 6 22
vn 0 1 0
f 13629//3408 13630//3408 13631//3408 13632//3408
v 20 1 23
v 21 1 23
v 21 1 24
v 20 1 24
vn 0 -1 0
f 13633//3409 13634//3409 13635//3409 13636//3409
v 20 6 24
v 21 6 24
v 21 6 23
v 20 6 23
vn 0 1 0
f 13637//3410 13638//3410 13639//3410 13640//3410
v 21 2 25
v 20 2 25
v 20 1 25
v 21 1 25
vn 0 0 1
f 13641//3411 13642//3411 13643//3411 13644//3411
v 20 1 24
v 21 1 24
v 21 1 25
v 20 1 25
vn 0 -1 0
f 13645//3412 13646//3412 13647//3412 13648//3412
v 21 3 25
v 20 3 25
v 20 2 25
v 21 2 25
vn 0 0 1
f 13649//3413 13650//3413 13651//3413 13652//3413
v 21 4 25
v 20 4 25
v 20 3 25
v 21 3 25
vn 0 0 1
f 13653//3414 13654//3414 13655//3414 13656//3414
v 21 5 25
v 20 5 25
v 20 4 25
v 21 4 25
vn 0 0 1
f 13657//3415 13658//3415 13659//3415 13660//3415
v 21 6 25
v 20 6 25
v 20 5 25
v 21 5 25
vn 0 0 1
f 13661//3416 13662//3416 13663//3416 13664//3416
v 20 6 25
v 21 6 25
v 21 6 24
v 20 6 24
vn 0 1 0
f 13665//3417 13666//3417 13667//3417 13668//3417
v 21 2 15
v 22 2 15
v 22 1 15
v 21 1 15
vn 0 0 -1
f 13669//3418 13670//3418 13671//3418 13672//3418
v 21 3 15
v 22 3 15
v 22 2 15
v 21 2 15
vn 0 0 -1
f 13673//3419 13674//3419 13675//3419 13676//3419
v 21 4 15
v 22 4 15
v 22 3 15
v 21 3 15
vn 0 0 -1
f 13677//3420 13678//3420 13679//3420 13680//3420
v 21 5 15
v 22 5 15
v 22 4 15
v 21 4 15
vn 0 0 -1
f 13681//3421 13682//3421 13683//3421 13684//3421
v 21 6 15
v 22 6 15
v 22 5 15
v 21 5 15
vn 0 0 -1
f 13685//3422 13686//3422 13687//3422 13688//3422
v 21 6 16
v 22 6 16
v 22 6 15
v 21 6 15
vn 0 1 0
f 13689//3423 13690//3423 13691//3423 13692//3423
v 21 6 17
v 22 6 17
v 22 6 16
v 21 6 16
vn 0 1 0
f 13693//3424 13694//3424 13695//3424 13696//3424
v 21 6 18
v 22 6 18
v 22 6 17
v 21 6 17
vn 0 1 0
f 13697//3425 13698//3425 13699//3425 13700//3425
v 21 6 19
v 22 6 19
v 22 6 18
v 21 6 18
vn 0 1 0
f 13701//3426 13702//3426 13703//3426 13704//3426
v 21 6 20
v 22 6 20
v 22 6 19
v 21 6 19
vn 0 1 0
f 13705//3427 13706//3427 13707//3427 13708//3427
v 21 6 21
v 22 6 21
v 22 6 20
v 21 6 20
vn 0 1 0
f 13709//3428 13710//3428 13711//3428 13712//3428
v 21 6 22
v 22 6 22
v 22 6 21
v 21 6 21
vn 0 1 0
f 13713//3429 13714//3429 13715//3429 13716//3429
v 21 1 22
v 22 1 22
v 22 1 23
v 21 1 23
vn 0 -1 0
f 13717//3430 13718//3430 13719//3430 13720//3430
v 21 6 23
v 22 6 23
v 22 6 22
v 21 6 22
vn 0 1 0
f 13721//3431 13722//3431 13723//3431 13724//3431
v 21 1 23
v 22 1 23
v 22 1 24
v 21 1 24
vn 0 -1 0
f 13725//3432 13726//3432 13727//3432 13728//3432
v 21 6 24
v 22 6 24
v 22 6 23
v 21 6 23
vn 0 1 0
f 13729//3433 13730//3433 13731//3433 13732//3433
v 22 2 25
v 21 2 25
v 21 1 25
v 22 1 25
vn 0 0 1
f 13733//3434 13734//3434 13735//3434 13736//3434
v 21 1 24
v 22 1 24
v 22 1 25
v 21 1 25
vn 0 -1 0
f 13737//3435 13738//3435 13739//3435 13740//3435
v 22 3 25
v 21 3 25
v 21 2 25
v 22 2 25
vn 0 0 1
f 13741//3436 13742//3436 13743//3436 13744//3436
v 22 4 25
v 21 4 25
v 21 3 25
v 22 3 25
vn 0 0 1
f 13745//3437 13746//3437 13747//3437 13748//3437
v 22 5 25
v 21 5 25
v 21 4 25
v 22 4 25
vn 0 0 1
f 13749//3438 13750//3438 13751//3438 13752//3438
v 22 6 25
v 21 6 25
v 21 5 25
v 22 5 25
vn 0 0 1
f 13753//3439 13754//3439 13755//3439 13756//3439
v 21 6 25
v 22 6 25
v 22 6 24
v 21 6 24
vn 0 1 0
f 13757//3440 13758//3440 13759//3440 13760//3440
v 22 2 15
v 23 2 15
v 23 1 15
v 22 1 15
vn 0 0 -1
f 13761//3441 13762//3441 13763//3441 13764//3441
v 22 1 15
v 23 1 15
v 23 1 16
v 22 1 16
vn 0 -1 0
f 13765//3442 13766//3442 13767//3442 13768//3442
v 22 3 15
v 23 3 15
v 23 2 15
v 22 2 15
vn 0 0 -1
f 13769//3443 13770//3443 13771//3443 13772//3443
v 22 4 15
v 23 4 15
v 23 3 15
v 22 3 15
vn 0 0 -1
f 13773//3444 13774//3444 13775//3444 13776//3444
v 22 5 15
v 23 5 15
v 23 4 15
v 22 4 15
vn 0 0 -1
f 13777//3445 13778//3445 13779//3445 13780//3445
v 22 6 15
v 23 6 15
v 23 5 15
v 22 5 15
vn 0 0 -1
f 13781//3446 13782//3446 13783//3446 13784//3446
v 22 6 16
v 23 6 16
v 23 6 15
v 22 6 15
vn 0 1 0
f 13785//3447 13786//3447 13787//3447 13788//3447
v 22 1 16
v 23 1 16
v 23 1 17
v 22 1 17
vn 0 -1 0
f 13789//3448 13790//3448 13791//3448 13792//3448
v 22 6 17
v 23 6 17
v 23 6 16
v 22 6 16
vn 0 1 0
f 13793//3449 13794//3449 13795//3449 13796//3449
v 22 1 17
v 23 1 17
v 23 1 18
v 22 1 18
vn 0 -1 0
f 13797//3450 13798//3450 13799//3450 13800//3450
v 22 6 18
v 23 6 18
v 23 6 17
v 22 6 17
vn 0 1 0
f 13801//3451 13802//3451 13803//3451 13804//3451
v 22 1 18
v 23 1 18
v 23 1 19
v 22 1 19
vn 0 -1 0
f 13805//3452 13806//3452 13807//3452 13808//3452
v 22 6 19
v 23 6 19
v 23 6 18
v 22 6 18
vn 0 1 0
f 13809//3453 13810//3453 13811//3453 13812//3453
v 22 1 19
v 23 1 19
v 23 1 20
v 22 1 20
vn 0 -1 0
f 13813//3454 13814//3454 13815//3454 13816//3454
v 22 6 20
v 23 6 20
v 23 6 19
v 22 6 19
vn 0 1 0
f 13817//3455 13818//3455 13819//3455 13820//3455
v 22 1 20
v 23 1 20
v 23 1 21
v 22 1 21
vn 0 -1 0
f 13821//3456 13822//3456 13823//3456 13824//3456
v 22 6 21
v 23 6 21
v 23 6 20
v 22 6 20
vn 0 1 0
f 13825//3457 13826//3457 13827//3457 13828//3457
v 22 1 21
v 23 1 21
v 23 1 22
v 22 1 22
vn 0 -1 0
f 13829//3458 13830//3458 13831//3458 13832//3458
v 22 6 22
v 23 6 22
v 23 6 21
v 22 6 21
vn 0 1 0
f 13833//3459 13834//3459 13835//3459 13836//3459
v 22 1 22
v 23 1 22
v 23 1 23
v 22 1 23
vn 0 -1 0
f 13837//3460 13838//3460 13839//3460 13840//3460
v 22 6 23
v 23 6 23
v 23 6 22
v 22 6 22
vn 0 1 0
f 13841//3461 13842//3461 13843//3461 13844//3461
v 22 1 23
v 23 1 23
v 23 1 24
v 22 1 24
vn 0 -1 0
f 13845//3462 13846//3462 13847//3462 13848//3462
v 22 6 24
v 23 6 24
v 23 6 23
v 22 6 23
vn 0 1 0
f 13849//3463 13850//3463 13851//3463 13852//3463
v 23 2 25
v 22 2 25
v 22 1 25
v 23 1 25
vn 0 0 1
f 13853//3464 13854//3464 13855//3464 13856//3464
v 22 1 24
v 23 1 24
v 23 1 25
v 22 1 25
vn 0 -1 0
f 13857//3465 13858//3465 13859//3465 13860//3465
v 23 3 25
v 22 3 25
v 22 2 25
v 23 2 25
vn 0 0 1
f 13861//3466 13862//3466 13863//3466 13864//3466
v 23 4 25
v 22 4 25
v 22 3 25
v 23 3 25
vn 0 0 1
f 13865//3467 13866//3467 13867//3467 13868//3467
v 23 5 25
v 22 5 25
v 22 4 25
v 23 4 25
vn 0 0 1
f 13869//3468 13870//3468 13871//3468 13872//3468
v 23 6 25
v 22 6 25
v 22 5 25
v 23 5 25
vn 0 0 1
f 13873//3469 13874//3469 13875//3469 13876//3469
v 22 6 25
v 23 6 25
v 23 6 24
v 22 6 24
vn 0 1 0
f 13877//3470 13878//3470 13879//3470 13880//3470
v 23 2 15
v 24 2 15
v 24 1 15
v 23 1 15
vn 0 0 -1
f 13881//3471 13882//3471 13883//3471 13884//3471
v 23 1 15
v 24 1 15
v 24 1 16
v 23 1 16
vn 0 -1 0
f 13885//3472 13886//3472 13887//3472 13888//3472
v 23 3 15
v 24 3 15
v 24 2 15
v 23 2 15
vn 0 0 -1
f 13889//3473 13890//3473 13891//3473 13892//3473
v 23 4 15
v 24 4 15
v 24 3 15
v 23 3 15
vn 0 0 -1
f 13893//3474 13894//3474 13895//3474 13896//3474
v 23 5 15
v 24 5 15
v 24 4 15
v 23 4 15
vn 0 0 -1
f 13897//3475 13898//3475 13899//3475 13900//3475
v 23 6 15
v 24 6 15
v 24 5 15
v 23 5 15
vn 0 0 -1
f 13901//3476 13902//3476 13903//3476 13904//3476
v 23 6 16
v 24 6 16
v 24 6 15
v 23 6 15
vn 0 1 0
f 13905//3477 13906//3477 13907//3477 13908//3477
v 23 1 16
v 24 1 16
v 24 1 17
v 23 1 17
vn 0 -1 0
f 13909//3478 13910//3478 13911//3478 13912//3478
v 23 6 17
v 24 6 17
v 24 6 16
v 23 6 16
vn 0 1 0
f 13913//3479 13914//3479 13915//3479 13916//3479
v 23 1 17
v 24 1 17
v 24 1 18
v 23 1 18
vn 0 -1 0
f 13917//3480 13918//3480 13919//3480 13920//3480
v 23 6 18
v 24 6 18
v 24 6 17
v 23 6 17
vn 0 1 0
f 13921//3481 13922//3481 13923//3481 13924//3481
v 23 1 18
v 24 1 18
v 24 1 19
v 23 1 19
vn 0 -1 0
f 13925//3482 13926//3482 13927//3482 13928//3482
v 23 6 19
v 24 6 19
v 24 6 18
v 23 6 18
vn 0 1 0
f 13929//3483 13930//3483 13931//3483 13932//3483
v 23 1 19
v 24 1 19
v 24 1 20
v 23 1 20
vn 0 -1 0
f 13933//3484 13934//3484 13935//3484 13936//3484
v 23 6 20
v 24 6 20
v 24 6 19
v 23 6 19
vn 0 1 0
f 13937//3485 13938//3485 13939//3485 13940//3485
v 23 1 20
v 24 1 20
v 24 1 21
v 23 1 21
vn 0 -1 0
f 13941//3486 13942//3486 13943//3486 13944//3486
v 23 6 21
v 24 6 21
v 24 6 20
v 23 6 20
vn 0 1 0
f 13945//3487 13946//3487 13947//3487 13948//3487
v 23 1 21
v 24 1 21
v 24 1 22
v 23 1 22
vn 0 -1 0
f 13949//3488 13950//3488 13951//3488 13952//3488
v 23 6 22
v 24 6 22
v 24 6 21
v 23 6 21
vn 0 1 0
f 13953//3489 13954//3489 13955//3489 13956//3489
v 23 1 22
v 24 1 22
v 24 1 23
v 23 1 23
vn 0 -1 0
f 13957//3490 13958//3490 13959//3490 13960//3490
v 23 6 23
v 24 6 23
v 24 6 22
v 23 6 22
vn 0 1 0
f 13961//3491 13962//3491 13963//3491 13964//3491
v 23 1 23
v 24 1 23
v 24 1 24
v 23 1 24
vn 0 -1 0
f 13965//3492 13966//3492 13967//3492 13968//3492
v 23 6 24
v 24 6 24
v 24 6 23
v 23 6 23
vn 0 1 0
f 13969//3493 13970//3493 13971//3493 13972//3493
v 24 2 25
v 23 2 25
v 23 1 25
v 24 1 25
vn 0 0 1
f 13973//3494 13974//3494 13975//3494 13976//3494
v 23 1 24
v 24 1 24
v 24 1 25
v 23 1 25
vn 0 -1 0
f 13977//3495 13978//3495 13979//3495 13980//3495
v 24 3 25
v 23 3 25
v 23 2 25
v 24 2 25
vn 0 0 1
f 13981//3496 13982//3496 13983//3496 13984//3496
v 24 4 25
v 23 4 25
v 23 3 25
v 24 3 25
vn 0 0 1
f 13985//3497 13986//3497 13987//3497 13988//3497
v 24 5 25
v 23 5 25
v 23 4 25
v 24 4 25
vn 0 0 1
f 13989//3498 13990//3498 13991//3498 13992//3498
v 24 6 25
v 23 6 25
v 23 5 25
v 24 5 25
vn 0 0 1
f 13993//3499 13994//3499 13995//3499 13996//3499
v 23 6 25
v 24 6 25
v 24 6 24
v 23 6 24
vn 0 1 0
f 13997//3500 13998//3500 13999//3500 14000//3500
v 25 2 15
v 25 2 16
v 25 1 16
v 25 1 15
vn 1 0 0
f 14001//3501 14002//3501 14003//3501 14004//3501
v 24 2 15
v 25 2 15
v 25 1 15
v 24 1 15
vn 0 0 -1
f 14005//3502 14006//3502 14007//3502 14008//3502
v 24 1 15
v 25 1 15
v 25 1 16
v 24 1 16
vn 0 -1 0
f 14009//3503 14010//3503 14011//3503 14012//3503
v 25 3 15
v 25 3 16
v 25 2 16
v 25 2 15
vn 1 0 0
f 14013//3504 14014//3504 14015//3504 14016//3504
v 24 3 15
v 25 3 15
v 25 2 15
v 24 2 15
vn 0 0 -1
f 14017//3505 14018//3505 14019//3505 14020//3505
v 25 4 15
v 25 4 16
v 25 3 16
v 25 3 15
vn 1 0 0
f 14021//3506 14022//3506 14023//3506 14024//3506
v 24 4 15
v 25 4 15
v 25 3 15
v 24 3 15
vn 0 0 -1
f 14025//3507 14026//3507 14027//3507 14028//3507
v 25 5 15
v 25 5 16
v 25 4 16
v 25 4 15
vn 1 0 0
f 14029//3508 14030//3508 14031//3508 14032//3508
v 24 5 15
v 25 5 15
v 25 4 15
v 24 4 15
vn 0 0 -1
f 14033//3509 14034//3509 14035//3509 14036//3509
v 25 6 15
v 25 6 16
v 25 5 16
v 25 5 15
vn 1 0 0
f 14037//3510 14038//3510 14039//3510 14040//3510
v 24 6 15
v 25 6 15
v 25 5 15
v 24 5 15
vn 0 0 -1
f 14041//3511 14042//3511 14043//3511 14044//3511
v 24 6 16
v 25 6 16
v 25 6 15
v 24 6 15
vn 0 1 0
f 14045//3512 14046//3512 14047//3512 14048//3512
v 25 2 16
v 25 2 17
v 25 1 17
v 25 1 16
vn 1 0 0
f 14049//3513 14050//3513 14051//3513 14052//3513
v 24 1 16
v 25 1 16
v 25 1 17
v 24 1 17
vn 0 -1 0
f 14053//3514 14054//3514 14055//3514 14056//3514
v 25 3 16
v 25 3 17
v 25 2 17
v 25 2 16
vn 1 0 0
f 14057//3515 14058//3515 14059//3515 14060//3515
v 25 4 16
v 25 4 17
v 25 3 17
v 25 3 16
vn 1 0 0
f 14061//3516 14062//3516 14063//3516 14064//3516
v 25 5 16
v 25 5 17
v 25 4 17
v 25 4 16
vn 1 0 0
f 14065//3517 14066//3517 14067//3517 14068//3517
v 25 6 16
v 25 6 17
v 25 5 17
v 25 5 16
vn 1 0 0
f 14069//3518 14070//3518 14071//3518 14072//3518
v 24 6 17
v 25 6 17
v 25 6 16
v 24 6 16
vn 0 1 0
f 14073//3519 14074//3519 14075//3519 14076//3519
v 25 2 17
v 25 2 18
v 25 1 18
v 25 1 17
vn 1 0 0
f 14077//3520 14078//3520 14079//3520 14080//3520
v 24 1 17
v 25 1 17
v 25 1 18
v 24 1 18
vn 0 -1 0
f 14081//3521 14082//3521 14083//3521 14084//3521
v 25 3 17
v 25 3 18
v 25 2 18
v 25 2 17
vn 1 0 0
f 14085//3522 14086//3522 14087//3522 14088//3522
v 25 4 17
v 25 4 18
v 25 3 18
v 25 3 17
vn 1 0 0
f 14089//3523 14090//3523 14091//3523 14092//3523
v 25 5 17
v 25 5 18
v 25 4 18
v 25 4 17
vn 1 0 0
f 14093//3524 14094//3524 14095//3524 14096//3524
v 25 6 17
v 25 6 18
v 25 5 18
v 25 5 17
vn 1 0 0
f 14097//3525 14098//3525 14099//3525 14100//3525
v 24 6 18
v 25 6 18
v 25 6 17
v 24 6 17
vn 0 1 0
f 14101//3526 14102//3526 14103//3526 14104//3526
v 25 2 18
v 25 2 19
v 25 1 19
v 25 1 18
vn 1 0 0
f 14105//3527 14106//3527 14107//3527 14108//3527
v 24 1 18
v 25 1 18
v 25 1 19
v 24 1 19
vn 0 -1 0
f 14109//3528 14110//3528 14111//3528 14112//3528
v 25 3 18
v 25 3 19
v 25 2 19
v 25 2 18
vn 1 0 0
f 14113//3529 14114//3529 14115//3529 14116//3529
v 25 4 18
v 25 4 19
v 25 3 19
v 25 3 18
vn 1 0 0
f 14117//3530 14118//3530 14119//3530 14120//3530
v 25 5 18
v 25 5 19
v 25 4 19
v 25 4 18
vn 1 0 0
f 14121//3531 14122//3531 14123//3531 14124//3531
v 25 6 18
v 25 6 19
v 25 5 19
v 25 5 18
vn 1 0 0
f 14125//3532 14126//3532 14127//3532 14128//3532
v 24 6 19
v 25 6 19
v 25 6 18
v 24 6 18
vn 0 1 0
f 14129//3533 14130//3533 14131//3533 14132//3533
v 25 2 19
v 25 2 20
v 25 1 20
v 25 1 19
vn 1 0 0
f 14133//3534 14134//3534 14135//3534 14136//3534
v 24 1 19
v 25 1 19
v 25 1 20
v 24 1 20
vn 0 -1 0
f 14137//3535 14138//3535 14139//3535 14140//3535
v 25 3 19
v 25 3 20
v 25 2 20
v 25 2 19
vn 1 0 0
f 14141//3536 14142//3536 14143//3536 14144//3536
v 25 4 19
v 25 4 20
v 25 3 20
v 25 3 19
vn 1 0 0
f 14145//3537 14146//3537 14147//3537 14148//3537
v 25 5 19
v 25 5 20
v 25 4 20
v 25 4 19
vn 1 0 0
f 14149//3538 14150//3538 14151//3538 14152//3538
v 25 6 19
v 25 6 20
v 25 5 20
v 25 5 19
vn 1 0 0
f 14153//3539 14154//3539 14155//3539 14156//3539
v 24 6 20
v 25 6 20
v 25 6 19
v 24 6 19
vn 0 1 0
f 14157//3540 14158//3540 14159//3540 14160//3540
v 25 2 20
v 25 2 21
v 25 1 21
v 25 1 20
vn 1 0 0
f 14161//3541 14162//3541 14163//3541 14164//3541
v 24 1 20
v 25 1 20
v 25 1 21
v 24 1 21
vn 0 -1 0
f 14165//3542 14166//3542 14167//3542 14168//3542
v 25 3 20
v 25 3 21
v 25 2 21
v 25 2 20
vn 1 0 0
f 14169//3543 14170//3543 14171//3543 14172//3543
v 25 4 20
v 25 4 21
v 25 3 21
v 25 3 20
vn 1 0 0
f 14173//3544 14174//3544 14175//3544 14176//3544
v 25 5 20
v 25 5 21
v 25 4 21
v 25 4 20
vn 1 0 0
f 14177//3545 14178//3545 14179//3545 14180//3545
v 25 6 20
v 25 6 21
v 25 5 21
v 25 5 20
vn 1 0 0
f 14181//3546 14182//3546 14183//3546 14184//3546
v 24 6 21
v 25 6 21
v 25 6 20
v 24 6 20
vn 0 1 0
f 14185//3547 14186//3547 14187//3547 14188//3547
v 25 2 21
v 25 2 22
v 25 1 22
v 25 1 21
vn 1 0 0
f 14189//3548 14190//3548 14191//3548 14192//3548
v 24 1 21
v 25 1 21
v 25 1 22
v 24 1 22
vn 0 -1 0
f 14193//3549 14194//3549 14195//3549 14196//3549
v 25 3 21
v 25 3 22
v 25 2 22
v 25 2 21
vn 1 0 0
f 14197//3550 14198//3550 14199//3550 14200//3550
v 25 4 21
v 25 4 22
v 25 3 22
v 25 3 21
vn 1 0 0
f 14201//3551 14202//3551 14203//3551 14204//3551
v 25 5 21
v 25 5 22
v 25 4 22
v 25 4 21
vn 1 0 0
f 14205//3552 14206//3552 14207//3552 14208//3552
v 25 6 21
v 25 6 22
v 25 5 22
v 25 5 21
vn 1 0 0
f 14209//3553 14210//3553 14211//3553 14212//3553
v 24 6 22
v 25 6 22
v 25 6 21
v 24 6 21
vn 0 1 0
f 14213//3554 14214//3554 14215//3554 14216//3554
v 25 2 22
v 25 2 23
v 25 1 23
v 25 1 22
vn 1 0 0
f 14217//3555 14218//3555 14219//3555 14220//3555
v 24 1 22
v 25 1 22
v 25 1 23
v 24 1 23
vn 0 -1 0
f 14221//3556 14222//3556 14223//3556 14224//3556
v 25 3 22
v 25 3 23
v 25 2 23
v 25 2 22
vn 1 0 0
f 14225//3557 14226//3557 14227//3557 14228//3557
v 25 4 22
v 25 4 23
v 25 3 23
v 25 3 22
vn 1 0 0
f 14229//3558 14230//3558 14231//3558 14232//3558
v 25 5 22
v 25 5 23
v 25 4 23
v 25 4 22
vn 1 0 0
f 14233//3559 14234//3559 14235//3559 14236//3559
v 25 6 22
v 25 6 23
v 25 5 23
v 25 5 22
vn 1 0 0
f 14237//3560 14238//3560 14239//3560 14240//3560
v 24 6 23
v 25 6 23
v 25 6 22
v 24 6 22
vn 0 1 0
f 14241//3561 14242//3561 14243//3561 14244//3561
v 25 2 23
v 25 2 24
v 25 1 24
v 25 1 23
vn 1 0 0
f 14245//3562 14246//3562 14247//3562 14248//3562
v 24 1 23
v 25 1 23
v 25 1 24
v 24 1 24
vn 0 -1 0
f 14249//3563 14250//3563 14251//3563 14252//3563
v 25 3 23
v 25 3 24
v 25 2 24
v 25 2 23
vn 1 0 0
f 14253//3564 14254//3564 14255//3564 14256//3564
v 25 4 23
v 25 4 24
v 25 3 24
v 25 3 23
vn 1 0 0
f 14257//3565 14258//3565 14259//3565 14260//3565
v 25 5 23
v 25 5 24
v 25 4 24
v 25 4 23
vn 1 0 0
f 14261//3566 14262//3566 14263//3566 14264//3566
v 25 6 23
v 25 6 24
v 25 5 24
v 25 5 23
vn 1 0 0
f 14265//3567 14266//3567 14267//3567 14268//3567
v 24 6 24
v 25 6 24
v 25 6 23
v 24 6 23
vn 0 1 0
f 14269//3568 14270//3568 14271//3568 14272//3568
v 25 2 24
v 25 2 25
v 25 1 25
v 25 1 24
vn 1 0 0
f 14273//3569 14274//3569 14275//3569 14276//3569
v 25 2 25
v 24 2 25
v 24 1 25
v 25 1 25
vn 0 0 1
f 14277//3570 14278//3570 14279//3570 14280//3570
v 24 1 24
v 25 1 24
v 25 1 25
v 24 1 25
vn 0 -1 0
f 14281//3571 14282//3571 14283//3571 14284//3571
v 25 3 24
v 25 3 25
v 25 2 25
v 25 2 24
vn 1 0 0
f 14285//3572 14286//3572 14287//3572 14288//3572
v 25 3 25
v 24 3 25
v 24 2 25
v 25 2 25
vn 0 0 1
f 14289//3573 14290//3573 14291//3573 14292//3573
v 25 4 24
v 25 4 25
v 25 3 25
v 25 3 24
vn 1 0 0
f 14293//3574 14294//3574 14295//3574 14296//3574
v 25 4 25
v 24 4 25
v 24 3 25
v 25 3 25
vn 0 0 1
f 14297//3575 14298//3575 14299//3575 14300//3575
v 25 5 24
v 25 5 25
v 25 4 25
v 25 4 24
vn 1 0 0
f 14301//3576 14302//3576 14303//3576 14304//3576
v 25 5 25
v 24 5 25
v 24 4 25
v 25 4 25
vn 0 0 1
f 14305//3577 14306//3577 14307//3577 14308//3577
v 25 6 24
v 25 6 25
v 25 5 25
v 25 5 24
vn 1 0 0
f 14309//3578 14310//3578 14311//3578 14312//3578
v 25 6 25
v 24 6 25
v 24 5 25
v 25 5 25
vn 0 0 1
f 14313//3579 14314//3579 14315//3579 14316//3579
v 24 6 25
v 25 6 25
v 25 6 24
v 24 6 24
vn 0 1 0
f 14317//3580 14318//3580 14319//3580 14320//3580
usemtl c219
v 183 11 184
v 184 11 184
v 184 11 183
v 183 11 183
vn 0 1 0
f 14321//3581 14322//3581 14323//3581 14324//3581
v 183 10 183
v 184 10 183
v 184 10 184
v 183 10 184
vn 0 -1 0
f 14325//3582 14326//3582 14327//3582 14328//3582
v 186 11 183
v 186 11 184
v 186 10 184
v 186 10 183
vn 1 0 0
f 14329//3583 14330//3583 14331//3583 14332//3583
v 186 11 184
v 185 11 184
v 185 10 184
v 186 10 184
vn 0 0 1
f 14333//3584 14334//3584 14335//3584 14336//3584
v 185 11 184
v 186 11 184
v 186 11 183
v 185 11 183
vn 0 1 0
f 14337//3585 14338//3585 14339//3585 14340//3585
v 185 10 183
v 186 10 183
v 186 10 184
v 185 10 184
vn 0 -1 0
f 14341//3586 14342//3586 14343//3586 14344//3586
usemtl c248
v 185 11 185
v 185 11 186
v 185 10 186
v 185 10 185
vn 1 0 0
f 14345//3587 14346//3587 14347//3587 14348//3587
v 185 11 186
v 184 11 186
v 184 10 186
v 185 10 186
vn 0 0 1
f 14349//3588 14350//3588 14351//3588 14352//3588
v 184 11 186
v 185 11 186
v 185 11 185
v 184 11 185
vn 0 1 0
f 14353//3589 14354//3589 14355//3589 14356//3589
v 184 10 185
v 185 10 185
v 185 10 186
v 184 10 186
vn 0 -1 0
f 14357//3590 14358//3590 14359//3590 14360//3590
usemtl c249
v 183 11 185
v 184 11 185
v 184 11 184
v 183 11 184
vn 0 1 0
f 14361//3591 14362//3591 14363//3591 14364//3591
v 183 10 184
v 184 10 184
v 184 10 185
v 183 10 185
vn 0 -1 0
f 14365//3592 14366//3592 14367//3592 14368//3592
v 182 10 183
v 182 10 184
v 182 11 184
v 182 11 183
vn -1 0 0
f 14369//3593 14370//3593 14371//3593 14372//3593
v 182 11 184
v 183 11 184
v 183 11 183
v 182 11 183
vn 0 1 0
f 14373//3594 14374//3594 14375//3594 14376//3594
v 182 10 183
v 183 10 183
v 183 10 184
v 182 10 184
vn 0 -1 0
f 14377//3595 14378//3595 14379//3595 14380//3595
v 184 11 184
v 185 11 184
v 185 11 183
v 184 11 183
vn 0 1 0
f 14381//3596 14382//3596 14383//3596 14384//3596
v 184 10 183
v 185 10 183
v 185 10 184
v 184 10 184
vn 0 -1 0
f 14385//3597 14386//3597 14387//3597 14388//3597
v 181 10 182
v 181 10 183
v 181 11 183
v 181 11 182
vn -1 0 0
f 14389//3598 14390//3598 14391//3598 14392//3598
v 182 11 183
v 181 11 183
v 181 10 183
v 182 10 183
vn 0 0 1
f 14393//3599 14394//3599 14395//3599 14396//3599
v 181 11 183
v 182 11 183
v 182 11 182
v 181 11 182
vn 0 1 0
f 14397//3600 14398//3600 14399//3600 14400//3600
v 181 10 182
v 182 10 182
v 182 10 183
v 181 10 183
vn 0 -1 0
f 14401//3601 14402//3601 14403//3601 14404//3601
v 183 11 183
v 184 11 183
v 184 11 182
v 183 11 182
vn 0 1 0
f 14405//3602 14406//3602 14407//3602 14408//3602
v 183 10 182
v 184 10 182
v 184 10 183
v 183 10 183
vn 0 -1 0
f 14409//3603 14410//3603 14411//3603 14412//3603
v 182 11 182
v 183 11 182
v 183 11 181
v 182 11 181
vn 0 1 0
f 14413//3604 14414//3604 14415//3604 14416//3604
v 182 10 181
v 183 10 181
v 183 10 182
v 182 10 182
vn 0 -1 0
f 14417//3605 14418//3605 14419//3605 14420//3605
v 181 11 180
v 182 11 180
v 182 10 180
v 181 10 180
vn 0 0 -1
f 14421//3606 14422//3606 14423//3606 14424//3606
v 181 11 181
v 182 11 181
v 182 11 180
v 181 11 180
vn 0 1 0
f 14425//3607 14426//3607 14427//3607 14428//3607
v 181 10 180
v 182 10 180
v 182 10 181
v 181 10 181
vn 0 -1 0
f 14429//3608 14430//3608 14431//3608 14432//3608
usemtl c255
v 113 55 110
v 113 55 111
v 113 56 111
v 113 56 110
vn -1 0 0
f 14433//3609 14434//3609 14435//3609 14436//3609
v 114 56 111
v 113 56 111
v 113 55 111
v 114 55 111
vn 0 0 1
f 14437//3610 14438//3610 14439//3610 14440//3610
v 113 56 110
v 114 56 110
v 114 55 110
v 113 55 110
vn 0 0 -1
f 14441//3611 14442//3611 14443//3611 14444//3611
v 113 56 111
v 114 56 111
v 114 56 110
v 113 56 110
vn 0 1 0
f 14445//3612 14446//3612 14447//3612 14448//3612
v 115 56 110
v 115 56 111
v 115 55 111
v 115 55 110
vn 1 0 0
f 14449//3613 14450//3613 14451//3613 14452//3613
v 115 56 111
v 114 56 111
v 114 55 111
v 115 55 111
vn 0 0 1
f 14453//3614 14454//3614 14455//3614 14456//3614
v 114 56 110
v 115 56 110
v 115 55 110
v 114 55 110
vn 0 0 -1
f 14457//3615 14458//3615 14459//3615 14460//3615
v 114 56 111
v 115 56 111
v 115 56 110
v 114 56 110
vn 0 1 0
f 14461//3616 14462//3616 14463//3616 14464//3616
v 59 1 59
v 59 1 60
v 59 2 60
v 59 2 59
vn -1 0 0
f 14465//3617 14466//3617 14467//3617 14468//3617
v 59 2 59
v 60 2 59
v 60 1 59
v 59 1 59
vn 0 0 -1
f 14469//3618 14470//3618 14471//3618 14472//3618
v 59 2 60
v 60 2 60
v 60 2 59
v 59 2 59
vn 0 1 0
f 14473//3619 14474//3619 14475//3619 14476//3619
v 59 1 59
v 60 1 59
v 60 1 60
v 59 1 60
vn 0 -1 0
f 14477//3620 14478//3620 14479//3620 14480//3620
v 59 1 60
v 59 1 61
v 59 2 61
v 59 2 60
vn -1 0 0
f 14481//3621 14482//3621 14483//3621 14484//3621
v 59 2 61
v 60 2 61
v 60 2 60
v 59 2 60
vn 0 1 0
f 14485//3622 14486//3622 14487//3622 14488//3622
v 59 1 60
v 60 1 60
v 60 1 61
v 59 1 61
vn 0 -1 0
f 14489//3623 14490//3623 14491//3623 14492//3623
v 59 1 61
v 59 1 62
v 59 2 62
v 59 2 61
vn -1 0 0
f 14493//3624 14494//3624 14495//3624 14496//3624
v 59 2 62
v 60 2 62
v 60 2 61
v 59 2 61
vn 0 1 0
f 14497//3625 14498//3625 14499//3625 14500//3625
v 59 1 61
v 60 1 61
v 60 1 62
v 59 1 62
vn 0 -1 0
f 14501//3626 14502//3626 14503//3626 14504//3626
v 59 1 62
v 59 1 63
v 59 2 63
v 59 2 62
vn -1 0 0
f 14505//3627 14506//3627 14507//3627 14508//3627
v 59 2 63
v 60 2 63
v 60 2 62
v 59 2 62
vn 0 1 0
f 14509//3628 14510//3628 14511//3628 14512//3628
v 59 1 62
v 60 1 62
v 60 1 63
v 59 1 63
vn 0 -1 0
f 14513//3629 14514//3629 14515//3629 14516//3629
v 59 1 63
v 59 1 64
v 59 2 64
v 59 2 63
vn -1 0 0
f 14517//3630 14518//3630 14519//3630 14520//3630
v 60 2 64
v 59 2 64
v 59 1 64
v 60 1 64
vn 0 0 1
f 14521//3631 14522//3631 14523//3631 14524//3631
v 59 2 64
v 60 2 64
v 60 2 63
v 59 2 63
vn 0 1 0
f 14525//3632 14526//3632 14527//3632 14528//3632
v 59 1 63
v 60 1 63
v 60 1 64
v 59 1 64
vn 0 -1 0
f 14529//3633 14530//3633 14531//3633 14532//3633
v 60 2 59
v 61 2 59
v 61 1 59
v 60 1 59
vn 0 0 -1
f 14533//3634 14534//3634 14535//3634 14536//3634
v 60 2 60
v 61 2 60
v 61 2 59
v 60 2 59
vn 0 1 0
f 14537//3635 14538//3635 14539//3635 14540//3635
v 60 1 59
v 61 1 59
v 61 1 60
v 60 1 60
vn 0 -1 0
f 14541//3636 14542//3636 14543//3636 14544//3636
v 61 2 64
v 60 2 64
v 60 1 64
v 61 1 64
vn 0 0 1
f 14545//3637 14546//3637 14547//3637 14548//3637
v 60 2 64
v 61 2 64
v 61 2 63
v 60 2 63
vn 0 1 0
f 14549//3638 14550//3638 14551//3638 14552//3638
v 60 1 63
v 61 1 63
v 61 1 64
v 60 1 64
vn 0 -1 0
f 14553//3639 14554//3639 14555//3639 14556//3639
v 61 2 59
v 62 2 59
v 62 1 59
v 61 1 59
vn 0 0 -1
f 14557//3640 14558//3640 14559//3640 14560//3640
v 61 2 60
v 62 2 60
v 62 2 59
v 61 2 59
vn 0 1 0
f 14561//3641 14562//3641 14563//3641 14564//3641
v 61 1 59
v 62 1 59
v 62 1 60
v 61 1 60
vn 0 -1 0
f 14565//3642 14566//3642 14567//3642 14568//3642
v 62 2 64
v 61 2 64
v 61 1 64
v 62 1 64
vn 0 0 1
f 14569//3643 14570//3643 14571//3643 14572//3643
v 61 2 64
v 62 2 64
v 62 2 63
v 61 2 63
vn 0 1 0
f 14573//3644 14574//3644 14575//3644 14576//3644
v 61 1 63
v 62 1 63
v 62 1 64
v 61 1 64
vn 0 -1 0
f 14577//3645 14578//3645 14579//3645 14580//3645
v 62 2 59
v 63 2 59
v 63 1 59
v 62 1 59
vn 0 0 -1
f 14581//3646 14582//3646 14583//3646 14584//3646
v 62 2 60
v 63 2 60
v 63 2 59
v 62 2 59
vn 0 1 0
f 14585//3647 14586//3647 14587//3647 14588//3647
v 62 1 59
v 63 1 59
v 63 1 60
v 62 1 60
vn 0 -1 0
f 14589//3648 14590//3648 14591//3648 14592//3648
v 63 2 64
v 62 2 64
v 62 1 64
v 63 1 64
vn 0 0 1
f 14593//3649 14594//3649 14595//3649 14596//3649
v 62 2 64
v 63 2 64
v 63 2 63
v 62 2 63
vn 0 1 0
f 14597//3650 14598//3650 14599//3650 14600//3650
v 62 1 63
v 63 1 63
v 63 1 64
v 62 1 64
vn 0 -1 0
f 14601//3651 14602//3651 14603//3651 14604//3651
v 64 2 59
v 64 2 60
v 64 1 60
v 64 1 59
vn 1 0 0
f 14605//3652 14606//3652 14607//3652 14608//3652
v 63 2 59
v 64 2 59
v 64 1 59
v 63 1 59
vn 0 0 -1
f 14609//3653 14610//3653 14611//3653 14612//3653
v 63 2 60
v 64 2 60
v 64 2 59
v 63 2 59
vn 0 1 0
f 14613//3654 14614//3654 14615//3654 14616//3654
v 63 1 59
v 64 1 59
v 64 1 60
v 63 1 60
vn 0 -1 0
f 14617//3655 14618//3655 14619//3655 14620//3655
v 64 2 60
v 64 2 61
v 64 1 61
v 64 1 60
vn 1 0 0
f 14621//3656 14622//3656 14623//3656 14624//3656
v 63 2 61
v 64 2 61
v 64 2 60
v 63 2 60
vn 0 1 0
f 14625//3657 14626//3657 14627//3657 14628//3657
v 63 1 60
v 64 1 60
v 64 1 61
v 63 1 61
vn 0 -1 0
f 14629//3658 14630//3658 14631//3658 14632//3658
v 64 2 61
v 64 2 62
v 64 1 62
v 64 1 61
vn 1 0 0
f 14633//3659 14634//3659 14635//3659 14636//3659
v 63 2 62
v 64 2 62
v 64 2 61
v 63 2 61
vn 0 1 0
f 14637//3660 14638//3660 14639//3660 14640//3660
v 63 1 61
v 64 1 61
v 64 1 62
v 63 1 62
vn 0 -1 0
f 14641//3661 14642//3661 14643//3661 14644//3661
v 64 2 62
v 64 2 63
v 64 1 63
v 64 1 62
vn 1 0 0
f 14645//3662 14646//3662 14647//3662 14648//3662
v 63 2 63
v 64 2 63
v 64 2 62
v 63 2 62
vn 0 1 0
f 14649//3663 14650//3663 14651//3663 14652//3663
v 63 1 62
v 64 1 62
v 64 1 63
v 63 1 63
vn 0 -1 0
f 14653//3664 14654//3664 14655//3664 14656//3664
v 64 2 63
v 64 2 64
v 64 1 64
v 64 1 63
vn 1 0 0
f 14657//3665 14658//3665 14659//3665 14660//3665
v 64 2 64
v 63 2 64
v 63 1 64
v 64 1 64
vn 0 0 1
f 14661//3666 14662//3666 14663//3666 14664//3666
v 63 2 64
v 64 2 64
v 64 2 63
v 63 2 63
vn 0 1 0
f 14665//3667 14666//3667 14667//3667 14668//3667
v 63 1 63
v 64 1 63
v 64 1 64
v 63 1 64
vn 0 -1 0
f 14669//3668 14670//3668 14671//3668 14672//3668
v 59 91 59
v 59 91 60
v 59 92 60
v 59 92 59
vn -1 0 0
f 14673//3669 14674//3669 14675//3669 14676//3669
v 59 92 59
v 60 92 59
v 60 91 59
v 59 91 59
vn 0 0 -1
f 14677//3670 14678//3670 14679//3670 14680//3670
v 59 92 60
v 60 92 60
v 60 92 59
v 59 92 59
vn 0 1 0
f 14681//3671 14682//3671 14683//3671 14684//3671
v 59 91 59
v 60 91 59
v 60 91 60
v 59 91 60
vn 0 -1 0
f 14685//3672 14686//3672 14687//3672 14688//3672
v 59 91 60
v 59 91 61
v 59 92 61
v 59 92 60
vn -1 0 0
f 14689//3673 14690//3673 14691//3673 14692//3673
v 59 92 61
v 60 92 61
v 60 92 60
v 59 92 60
vn 0 1 0
f 14693//3674 14694//3674 14695//3674 14696//3674
v 59 91 60
v 60 91 60
v 60 91 61
v 59 91 61
vn 0 -1 0
f 14697//3675 14698//3675 14699//3675 14700//3675
v 59 91 61
v 59 91 62
v 59 92 62
v 59 92 61
vn -1 0 0
f 14701//3676 14702//3676 14703//3676 14704//3676
v 59 92 62
v 60 92 62
v 60 92 61
v 59 92 61
vn 0 1 0
f 14705//3677 14706//3677 14707//3677 14708//3677
v 59 91 61
v 60 91 61
v 60 91 62
v 59 91 62
vn 0 -1 0
f 14709//3678 14710//3678 14711//3678 14712//3678
v 59 91 62
v 59 91 63
v 59 92 63
v 59 92 62
vn -1 0 0
f 14713//3679 14714//3679 14715//3679 14716//3679
v 59 92 63
v 60 92 63
v 60 92 62
v 59 92 62
vn 0 1 0
f 14717//3680 14718//3680 14719//3680 14720//3680
v 59 91 62
v 60 91 62
v 60 91 63
v 59 91 63
vn 0 -1 0
f 14721//3681 14722//3681 14723//3681 14724//3681
v 59 91 63
v 59 91 64
v 59 92 64
v 59 92 63
vn -1 0 0
f 14725//3682 14726//3682 14727//3682 14728//3682
v 60 92 64
v 59 92 64
v 59 91 64
v 60 91 64
vn 0 0 1
f 14729//3683 14730//3683 14731//3683 14732//3683
v 59 92 64
v 60 92 64
v 60 92 63
v 59 92 63
vn 0 1 0
f 14733//3684 14734//3684 14735//3684 14736//3684
v 59 91 63
v 60 91 63
v 60 91 64
v 59 91 64
vn 0 -1 0
f 14737//3685 14738//3685 14739//3685 14740//3685
v 60 92 59
v 61 92 59
v 61 91 59
v 60 91 59
vn 0 0 -1
f 14741//3686 14742//3686 14743//3686 14744//3686
v 60 92 60
v 61 92 60
v 61 92 59
v 60 92 59
vn 0 1 0
f 14745//3687 14746//3687 14747//3687 14748//3687
v 60 91 59
v 61 91 59
v 61 91 60
v 60 91 60
vn 0 -1 0
f 14749//3688 14750//3688 14751//3688 14752//3688
v 60 92 61
v 61 92 61
v 61 92 60
v 60 92 60
vn 0 1 0
f 14753//3689 14754//3689 14755//3689 14756//3689
v 60 91 60
v 61 91 60
v 61 91 61
v 60 91 61
vn 0 -1 0
f 14757//3690 14758//3690 14759//3690 14760//3690
v 60 92 62
v 61 92 62
v 61 92 61
v 60 92 61
vn 0 1 0
f 14761//3691 14762//3691 14763//3691 14764//3691
v 60 91 61
v 61 91 61
v 61 91 62
v 60 91 62
vn 0 -1 0
f 14765//3692 14766//3692 14767//3692 14768//3692
v 60 92 63
v 61 92 63
v 61 92 62
v 60 92 62
vn 0 1 0
f 14769//3693 14770//3693 14771//3693 14772//3693
v 60 91 62
v 61 91 62
v 61 91 63
v 60 91 63
vn 0 -1 0
f 14773//3694 14774//3694 14775//3694 14776//3694
v 61 92 64
v 60 92 64
v 60 91 64
v 61 91 64
vn 0 0 1
f 14777//3695 14778//3695 14779//3695 14780//3695
v 60 92 64
v 61 92 64
v 61 92 63
v 60 92 63
vn 0 1 0
f 14781//3696 14782//3696 14783//3696 14784//3696
v 60 91 63
v 61 91 63
v 61 91 64
v 60 91 64
vn 0 -1 0
f 14785//3697 14786//3697 14787//3697 14788//3697
v 61 92 59
v 62 92 59
v 62 91 59
v 61 91 59
vn 0 0 -1
f 14789//3698 14790//3698 14791//3698 14792//3698
v 61 92 60
v 62 92 60
v 62 92 59
v 61 92 59
vn 0 1 0
f 14793//3699 14794//3699 14795//3699 14796//3699
v 61 91 59
v 62 91 59
v 62 91 60
v 61 91 60
vn 0 -1 0
f 14797//3700 14798//3700 14799//3700 14800//3700
v 61 92 61
v 62 92 61
v 62 92 60
v 61 92 60
vn 0 1 0
f 14801//3701 14802//3701 14803//3701 14804//3701
v 61 91 60
v 62 91 60
v 62 91 61
v 61 91 61
vn 0 -1 0
f 14805//3702 14806//3702 14807//3702 14808//3702
v 61 92 63
v 62 92 63
v 62 92 62
v 61 92 62
vn 0 1 0
f 14809//3703 14810//3703 14811//3703 14812//3703
v 61 91 62
v 62 91 62
v 62 91 63
v 61 91 63
vn 0 -1 0
f 14813//3704 14814//3704 14815//3704 14816//3704
v 62 92 64
v 61 92 64
v 61 91 64
v 62 91 64
vn 0 0 1
f 14817//3705 14818//3705 14819//3705 14820//3705
v 61 92 64
v 62 92 64
v 62 92 63
v 61 92 63
vn 0 1 0
f 14821//3706 14822//3706 14823//3706 14824//3706
v 61 91 63
v 62 91 63
v 62 91 64
v 61 91 64
vn 0 -1 0
f 14825//3707 14826//3707 14827//3707 14828//3707
v 62 92 59
v 63 92 59
v 63 91 59
v 62 91 59
vn 0 0 -1
f 14829//3708 14830//3708 14831//3708 14832//3708
v 62 92 60
v 63 92 60
v 63 92 59
v 62 92 59
vn 0 1 0
f 14833//3709 14834//3709 14835//3709 14836//3709
v 62 91 59
v 63 91 59
v 63 91 60
v 62 91 60
vn 0 -1 0
f 14837//3710 14838//3710 14839//3710 14840//3710
v 62 92 61
v 63 92 61
v 63 92 60
v 62 92 60
vn 0 1 0
f 14841//3711 14842//3711 14843//3711 14844//3711
v 62 91 60
v 63 91 60
v 63 91 61
v 62 91 61
vn 0 -1 0
f 14845//3712 14846//3712 14847//3712 14848//3712
v 62 92 62
v 63 92 62
v 63 92 61
v 62 92 61
vn 0 1 0
f 14849//3713 14850//3713 14851//3713 14852//3713
v 62 91 61
v 63 91 61
v 63 91 62
v 62 91 62
vn 0 -1 0
f 14853//3714 14854//3714 14855//3714 14856//3714
v 62 92 63
v 63 92 63
v 63 92 62
v 62 92 62
vn 0 1 0
f 14857//3715 14858//3715 14859//3715 14860//3715
v 62 91 62
v 63 91 62
v 63 91 63
v 62 91 63
vn 0 -1 0
f 14861//3716 14862//3716 14863//3716 14864//3716
v 63 92 64
v 62 92 64
v 62 91 64
v 63 91 64
vn 0 0 1
f 14865//3717 14866//3717 14867//3717 14868//3717
v 62 92 64
v 63 92 64
v 63 92 63
v 62 92 63
vn 0 1 0
f 14869//3718 14870//3718 14871//3718 14872//3718
v 62 91 63
v 63 91 63
v 63 91 64
v 62 91 64
vn 0 -1 0
f 14873//3719 14874//3719 14875//3719 14876//3719
v 64 92 59
v 64 92 60
v 64 91 60
v 64 91 59
vn 1 0 0
f 14877//3720 14878//3720 14879//3720 14880//3720
v 63 92 59
v 64 92 59
v 64 91 59
v 63 91 59
vn 0 0 -1
f 14881//3721 14882//3721 14883//3721 14884//3721
v 63 92 60
v 64 92 60
v 64 92 59
v 63 92 59
vn 0 1 0
f 14885//3722 14886//3722 14887//3722 14888//3722
v 63 91 59
v 64 91 59
v 64 91 60
v 63 91 60
vn 0 -1 0
f 14889//3723 14890//3723 14891//3723 14892//3723
v 64 92 60
v 64 92 61
v 64 91 61
v 64 91 60
vn 1 0 0
f 14893//3724 14894//3724 14895//3724 14896//3724
v 63 92 61
v 64 92 61
v 64 92 60
v 63 92 60
vn 0 1 0
f 14897//3725 14898//3725 14899//3725 14900//3725
v 63 91 60
v 64 91 60
v 64 91 61
v 63 91 61
vn 0 -1 0
f 14901//3726 14902//3726 14903//3726 14904//3726
v 64 92 61
v 64 92 62
v 64 91 62
v 64 91 61
vn 1 0 0
f 14905//3727 14906//3727 14907//3727 14908//3727
v 63 92 62
v 64 92 62
v 64 92 61
v 63 92 61
vn 0 1 0
f 14909//3728 14910//3728 14911//3728 14912//3728
v 63 91 61
v 64 91 61
v 64 91 62
v 63 91 62
vn 0 -1 0
f 14913//3729 14914//3729 14915//3729 14916//3729
v 64 92 62
v 64 92 63
v 64 91 63
v 64 91 62
vn 1 0 0
f 14917//3730 14918//3730 14919//3730 14920//3730
v 63 92 63
v 64 92 63
v 64 92 62
v 63 92 62
vn 0 1 0
f 14921//3731 14922//3731 14923//3731 14924//3731
v 63 91 62
v 64 91 62
v 64 91 63
v 63 91 63
vn 0 -1 0
f 14925//3732 14926//3732 14927//3732 14928//3732
v 64 92 63
v 64 92 64
v 64 91 64
v 64 91 63
vn 1 0 0
f 14929//3733 14930//3733 14931//3733 14932//3733
v 64 92 64
v 63 92 64
v 63 91 64
v 64 91 64
vn 0 0 1
f 14933//3734 14934//3734 14935//3734 14936//3734
v 63 92 64
v 64 92 64
v 64 92 63
v 63 92 63
vn 0 1 0
f 14937//3735 14938//3735 14939//3735 14940//3735
v 63 91 63
v 64 91 63
v 64 91 64
v 63 91 64
vn 0 -1 0
f 14941//3736 14942//3736 14943//3736 14944//3736
v 98 48 96
v 98 48 97
v 98 49 97
v 98 49 96
vn -1 0 0
f 14945//3737 14946//3737 14947//3737 14948//3737
v 98 49 96
v 99 49 96
v 99 48 96
v 98 48 96
vn 0 0 -1
f 14949//3738 14950//3738 14951//3738 14952//3738
v 98 49 97
v 99 49 97
v 99 49 96
v 98 49 96
vn 0 1 0
f 14953//3739 14954//3739 14955//3739 14956//3739
v 98 48 96
v 99 48 96
v 99 48 97
v 98 48 97
vn 0 -1 0
f 14957//3740 14958//3740 14959//3740 14960//3740
v 98 48 97
v 98 48 98
v 98 49 98
v 98 49 97
vn -1 0 0
f 14961//3741 14962//3741 14963//3741 14964//3741
v 98 49 98
v 99 49 98
v 99 49 97
v 98 49 97
vn 0 1 0
f 14965//3742 14966//3742 14967//3742 14968//3742
v 98 48 97
v 99 48 97
v 99 48 98
v 98 48 98
vn 0 -1 0
f 14969//3743 14970//3743 14971//3743 14972//3743
v 98 48 98
v 98 48 99
v 98 49 99
v 98 49 98
vn -1 0 0
f 14973//3744 14974//3744 14975//3744 14976//3744
v 98 49 99
v 99 49 99
v 99 49 98
v 98 49 98
vn 0 1 0
f 14977//3745 14978//3745 14979//3745 14980//3745
v 98 48 98
v 99 48 98
v 99 48 99
v 98 48 99
vn 0 -1 0
f 14981//3746 14982//3746 14983//3746 14984//3746
v 98 48 99
v 98 48 100
v 98 49 100
v 98 49 99
vn -1 0 0
f 14985//3747 14986//3747 14987//3747 14988//3747
v 98 49 100
v 99 49 100
v 99 49 99
v 98 49 99
vn 0 1 0
f 14989//3748 14990//3748 14991//3748 14992//3748
v 98 48 99
v 99 48 99
v 99 48 100
v 98 48 100
vn 0 -1 0
f 14993//3749 14994//3749 14995//3749 14996//3749
v 98 48 100
v 98 48 101
v 98 49 101
v 98 49 100
vn -1 0 0
f 14997//3750 14998//3750 14999//3750 15000//3750
v 98 49 101
v 99 49 101
v 99 49 100
v 98 49 100
vn 0 1 0
f 15001//3751 15002//3751 15003//3751 15004//3751
v 98 48 100
v 99 48 100
v 99 48 101
v 98 48 101
vn 0 -1 0
f 15005//3752 15006//3752 15007//3752 15008//3752
v 98 48 101
v 98 48 102
v 98 49 102
v 98 49 101
vn -1 0 0
f 15009//3753 15010//3753 15011//3753 15012//3753
v 98 49 102
v 99 49 102
v 99 49 101
v 98 49 101
vn 0 1 0
f 15013//3754 15014//3754 15015//3754 15016//3754
v 98 48 101
v 99 48 101
v 99 48 102
v 98 48 102
vn 0 -1 0
f 15017//3755 15018//3755 15019//3755 15020//3755
v 98 48 102
v 98 48 103
v 98 49 103
v 98 49 102
vn -1 0 0
f 15021//3756 15022//3756 15023//3756 15024//3756
v 98 49 103
v 99 49 103
v 99 49 102
v 98 49 102
vn 0 1 0
f 15025//3757 15026//3757 15027//3757 15028//3757
v 98 48 102
v 99 48 102
v 99 48 103
v 98 48 103
vn 0 -1 0
f 15029//3758 15030//3758 15031//3758 15032//3758
v 98 48 103
v 98 48 104
v 98 49 104
v 98 49 103
vn -1 0 0
f 15033//3759 15034//3759 15035//3759 15036//3759
v 98 49 104
v 99 49 104
v 99 49 103
v 98 49 103
vn 0 1 0
f 15037//3760 15038//3760 15039//3760 15040//3760
v 98 48 103
v 99 48 103
v 99 48 104
v 98 48 104
vn 0 -1 0
f 15041//3761 15042//3761 15043//3761 15044//3761
v 98 48 104
v 98 48 105
v 98 49 105
v 98 49 104
vn -1 0 0
f 15045//3762 15046//3762 15047//3762 15048//3762
v 98 49 105
v 99 49 105
v 99 49 104
v 98 49 104
vn 0 1 0
f 15049//3763 15050//3763 15051//3763 15052//3763
v 98 48 104
v 99 48 104
v 99 48 105
v 98 48 105
vn 0 -1 0
f 15053//3764 15054//3764 15055//3764 15056//3764
v 98 48 105
v 98 48 106
v 98 49 106
v 98 49 105
vn -1 0 0
f 15057//3765 15058//3765 15059//3765 15060//3765
v 98 49 106
v 99 49 106
v 99 49 105
v 98 49 105
vn 0 1 0
f 15061//3766 15062//3766 15063//3766 15064//3766
v 98 48 105
v 99 48 105
v 99 48 106
v 98 48 106
vn 0 -1 0
f 15065//3767 15066//3767 15067//3767 15068//3767
v 98 48 106
v 98 48 107
v 98 49 107
v 98 49 106
vn -1 0 0
f 15069//3768 15070//3768 15071//3768 15072//3768
v 98 49 107
v 99 49 107
v 99 49 106
v 98 49 106
vn 0 1 0
f 15073//3769 15074//3769 15075//3769 15076//3769
v 98 48 106
v 99 48 106
v 99 48 107
v 98 48 107
vn 0 -1 0
f 15077//3770 15078//3770 15079//3770 15080//3770
v 98 48 107
v 98 48 108
v 98 49 108
v 98 49 107
vn -1 0 0
f 15081//3771 15082//3771 15083//3771 15084//3771
v 98 49 108
v 99 49 108
v 99 49 107
v 98 49 107
vn 0 1 0
f 15085//3772 15086//3772 15087//3772 15088//3772
v 98 48 107
v 99 48 107
v 99 48 108
v 98 48 108
vn 0 -1 0
f 15089//3773 15090//3773 15091//3773 15092//3773
v 98 48 108
v 98 48 109
v 98 49 109
v 98 49 108
vn -1 0 0
f 15093//3774 15094//3774 15095//3774 15096//3774
v 99 49 109
v 98 49 109
v 98 48 109
v 99 48 109
vn 0 0 1
f 15097//3775 15098//3775 15099//3775 15100//3775
v 98 49 109
v 99 49 109
v 99 49 108
v 98 49 108
vn 0 1 0
f 15101//3776 15102//3776 15103//3776 15104//3776
v 98 48 108
v 99 48 108
v 99 48 109
v 98 48 109
vn 0 -1 0
f 15105//3777 15106//3777 15107//3777 15108//3777
v 99 49 96
v 100 49 96
v 100 48 96
v 99 48 96
vn 0 0 -1
f 15109//3778 15110//3778 15111//3778 15112//3778
v 99 49 97
v 100 49 97
v 100 49 96
v 99 49 96
vn 0 1 0
f 15113//3779 15114//3779 15115//3779 15116//3779
v 99 48 96
v 100 48 96
v 100 48 97
v 99 48 97
vn 0 -1 0
f 15117//3780 15118//3780 15119//3780 15120//3780
v 99 49 98
v 100 49 98
v 100 49 97
v 99 49 97
vn 0 1 0
f 15121//3781 15122//3781 15123//3781 15124//3781
v 99 48 97
v 100 48 97
v 100 48 98
v 99 48 98
vn 0 -1 0
f 15125//3782 15126//3782 15127//3782 15128//3782
v 99 49 99
v 100 49 99
v 100 49 98
v 99 49 98
vn 0 1 0
f 15129//3783 15130//3783 15131//3783 15132//3783
v 99 48 98
v 100 48 98
v 100 48 99
v 99 48 99
vn 0 -1 0
f 15133//3784 15134//3784 15135//3784 15136//3784
v 99 49 100
v 100 49 100
v 100 49 99
v 99 49 99
vn 0 1 0
f 15137//3785 15138//3785 15139//3785 15140//3785
v 99 48 99
v 100 48 99
v 100 48 100
v 99 48 100
vn 0 -1 0
f 15141//3786 15142//3786 15143//3786 15144//3786
v 99 49 101
v 100 49 101
v 100 49 100
v 99 49 100
vn 0 1 0
f 15145//3787 15146//3787 15147//3787 15148//3787
v 99 48 100
v 100 48 100
v 100 48 101
v 99 48 101
vn 0 -1 0
f 15149//3788 15150//3788 15151//3788 15152//3788
v 99 49 102
v 100 49 102
v 100 49 101
v 99 49 101
vn 0 1 0
f 15153//3789 15154//3789 15155//3789 15156//3789
v 99 48 101
v 100 48 101
v 100 48 102
v 99 48 102
vn 0 -1 0
f 15157//3790 15158//3790 15159//3790 15160//3790
v 99 49 103
v 100 49 103
v 100 49 102
v 99 49 102
vn 0 1 0
f 15161//3791 15162//3791 15163//3791 15164//3791
v 99 48 102
v 100 48 102
v 100 48 103
v 99 48 103
vn 0 -1 0
f 15165//3792 15166//3792 15167//3792 15168//3792
v 99 49 104
v 100 49 104
v 100 49 103
v 99 49 103
vn 0 1 0
f 15169//3793 15170//3793 15171//3793 15172//3793
v 99 48 103
v 100 48 103
v 100 48 104
v 99 48 104
vn 0 -1 0
f 15173//3794 15174//3794 15175//3794 15176//3794
v 99 49 105
v 100 49 105
v 100 49 104
v 99 49 104
vn 0 1 0
f 15177//3795 15178//3795 15179//3795 15180//3795
v 99 48 104
v 100 48 104
v 100 48 105
v 99 48 105
vn 0 -1 0
f 15181//3796 15182//3796 15183//3796 15184//3796
v 99 49 106
v 100 49 106
v 100 49 105
v 99 49 105
vn 0 1 0
f 15185//3797 15186//3797 15187//3797 15188//3797
v 99 48 105
v 100 48 105
v 100 48 106
v 99 48 106
vn 0 -1 0
f 15189//3798 15190//3798 15191//3798 15192//3798
v 99 49 107
v 100 49 107
v 100 49 106
v 99 49 106
vn 0 1 0
f 15193//3799 15194//3799 15195//3799 15196//3799
v 99 48 106
v 100 48 106
v 100 48 107
v 99 48 107
vn 0 -1 0
f 15197//3800 15198//3800 15199//3800 15200//3800
v 99 49 108
v 100 49 108
v 100 49 107
v 99 49 107
vn 0 1 0
f 15201//3801 15202//3801 15203//3801 15204//3801
v 99 48 107
v 100 48 107
v 100 48 108
v 99 48 108
vn 0 -1 0
f 15205//3802 15206//3802 15207//3802 15208//3802
v 100 49 109
v 99 49 109
v 99 48 109
v 100 48 109
vn 0 0 1
f 15209//3803 15210//3803 15211//3803 15212//3803
v 99 49 109
v 100 49 109
v 100 49 108
v 99 49 108
vn 0 1 0
f 15213//3804 15214//3804 15215//3804 15216//3804
v 99 48 108
v 100 48 108
v 100 48 109
v 99 48 109
vn 0 -1 0
f 15217//3805 15218//3805 15219//3805 15220//3805
v 100 49 96
v 101 49 96
v 101 48 96
v 100 48 96
vn 0 0 -1
f 15221//3806 15222//3806 15223//3806 15224//3806
v 100 49 97
v 101 49 97
v 101 49 96
v 100 49 96
vn 0 1 0
f 15225//3807 15226//3807 15227//3807 15228//3807
v 100 48 96
v 101 48 96
v 101 48 97
v 100 48 97
vn 0 -1 0
f 15229//3808 15230//3808 15231//3808 15232//3808
v 100 49 98
v 101 49 98
v 101 49 97
v 100 49 97
vn 0 1 0
f 15233//3809 15234//3809 15235//3809 15236//3809
v 100 48 97
v 101 48 97
v 101 48 98
v 100 48 98
vn 0 -1 0
f 15237//3810 15238//3810 15239//3810 15240//3810
v 100 49 99
v 101 49 99
v 101 49 98
v 100 49 98
vn 0 1 0
f 15241//3811 15242//3811 15243//3811 15244//3811
v 100 48 98
v 101 48 98
v 101 48 99
v 100 48 99
vn 0 -1 0
f 15245//3812 15246//3812 15247//3812 15248//3812
v 100 49 100
v 101 49 100
v 101 49 99
v 100 49 99
vn 0 1 0
f 15249//3813 15250//3813 15251//3813 15252//3813
v 100 48 99
v 101 48 99
v 101 48 100
v 100 48 100
vn 0 -1 0
f 15253//3814 15254//3814 15255//3814 15256//3814
v 100 49 101
v 101 49 101
v 101 49 100
v 100 49 100
vn 0 1 0
f 15257//3815 15258//3815 15259//3815 15260//3815
v 100 48 100
v 101 48 100
v 101 48 101
v 100 48 101
vn 0 -1 0
f 15261//3816 15262//3816 15263//3816 15264//3816
v 100 49 102
v 101 49 102
v 101 49 101
v 100 49 101
vn 0 1 0
f 15265//3817 15266//3817 15267//3817 15268//3817
v 100 48 101
v 101 48 101
v 101 48 102
v 100 48 102
vn 0 -1 0
f 15269//3818 15270//3818 15271//3818 15272//3818
v 100 49 103
v 101 49 103
v 101 49 102
v 100 49 102
vn 0 1 0
f 15273//3819 15274//3819 15275//3819 15276//3819
v 100 48 102
v 101 48 102
v 101 48 103
v 100 48 103
vn 0 -1 0
f 15277//3820 15278//3820 15279//3820 15280//3820
v 100 49 104
v 101 49 104
v 101 49 103
v 100 49 103
vn 0 1 0
f 15281//3821 15282//3821 15283//3821 15284//3821
v 100 48 103
v 101 48 103
v 101 48 104
v 100 48 104
vn 0 -1 0
f 15285//3822 15286//3822 15287//3822 15288//3822
v 100 49 105
v 101 49 105
v 101 49 104
v 100 49 104
vn 0 1 0
f 15289//3823 15290//3823 15291//3823 15292//3823
v 100 48 104
v 101 48 104
v 101 48 105
v 100 48 105
vn 0 -1 0
f 15293//3824 15294//3824 15295//3824 15296//3824
v 100 49 106
v 101 49 106
v 101 49 105
v 100 49 105
vn 0 1 0
f 15297//3825 15298//3825 15299//3825 15300//3825
v 100 48 105
v 101 48 105
v 101 48 106
v 100 48 106
vn 0 -1 0
f 15301//3826 15302//3826 15303//3826 15304//3826
v 100 49 107
v 101 49 107
v 101 49 106
v 100 49 106
vn 0 1 0
f 15305//3827 15306//3827 15307//3827 15308//3827
v 100 48 106
v 101 48 106
v 101 48 107
v 100 48 107
vn 0 -1 0
f 15309//3828 15310//3828 15311//3828 15312//3828
v 100 49 108
v 101 49 108
v 101 49 107
v 100 49 107
vn 0 1 0
f 15313//3829 15314//3829 15315//3829 15316//3829
v 100 48 107
v 101 48 107
v 101 48 108
v 100 48 108
vn 0 -1 0
f 15317//3830 15318//3830 15319//3830 15320//3830
v 101 49 109
v 100 49 109
v 100 48 109
v 101 48 109
vn 0 0 1
f 15321//3831 15322//3831 15323//3831 15324//3831
v 100 49 109
v 101 49 109
v 101 49 108
v 100 49 108
vn 0 1 0
f 15325//3832 15326//3832 15327//3832 15328//3832
v 100 48 108
v 101 48 108
v 101 48 109
v 100 48 109
vn 0 -1 0
f 15329//3833 15330//3833 15331//3833 15332//3833
v 101 49 96
v 102 49 96
v 102 48 96
v 101 48 96
vn 0 0 -1
f 15333//3834 15334//3834 15335//3834 15336//3834
v 101 49 97
v 102 49 97
v 102 49 96
v 101 49 96
vn 0 1 0
f 15337//3835 15338//3835 15339//3835 15340//3835
v 101 48 96
v 102 48 96
v 102 48 97
v 101 48 97
vn 0 -1 0
f 15341//3836 15342//3836 15343//3836 15344//3836
v 101 49 98
v 102 49 98
v 102 49 97
v 101 49 97
vn 0 1 0
f 15345//3837 15346//3837 15347//3837 15348//3837
v 101 48 97
v 102 48 97
v 102 48 98
v 101 48 98
vn 0 -1 0
f 15349//3838 15350//3838 15351//3838 15352//3838
v 101 49 99
v 102 49 99
v 102 49 98
v 101 49 98
vn 0 1 0
f 15353//3839 15354//3839 15355//3839 15356//3839
v 101 48 98
v 102 48 98
v 102 48 99
v 101 48 99
vn 0 -1 0
f 15357//3840 15358//3840 15359//3840 15360//3840
v 101 49 100
v 102 49 100
v 102 49 99
v 101 49 99
vn 0 1 0
f 15361//3841 15362//3841 15363//3841 15364//3841
v 101 48 99
v 102 48 99
v 102 48 100
v 101 48 100
vn 0 -1 0
f 15365//3842 15366//3842 15367//3842 15368//3842
v 101 49 101
v 102 49 101
v 102 49 100
v 101 49 100
vn 0 1 0
f 15369//3843 15370//3843 15371//3843 15372//3843
v 101 48 100
v 102 48 100
v 102 48 101
v 101 48 101
vn 0 -1 0
f 15373//3844 15374//3844 15375//3844 15376//3844
v 101 49 102
v 102 49 102
v 102 49 101
v 101 49 101
vn 0 1 0
f 15377//3845 15378//3845 15379//3845 15380//3845
v 101 48 101
v 102 48 101
v 102 48 102
v 101 48 102
vn 0 -1 0
f 15381//3846 15382//3846 15383//3846 15384//3846
v 101 49 103
v 102 49 103
v 102 49 102
v 101 49 102
vn 0 1 0
f 15385//3847 15386//3847 15387//3847 15388//3847
v 101 48 102
v 102 48 102
v 102 48 103
v 101 48 103
vn 0 -1 0
f 15389//3848 15390//3848 15391//3848 15392//3848
v 101 49 104
v 102 49 104
v 102 49 103
v 101 49 103
vn 0 1 0
f 15393//3849 15394//3849 15395//3849 15396//3849
v 101 48 103
v 102 48 103
v 102 48 104
v 101 48 104
vn 0 -1 0
f 15397//3850 15398//3850 15399//3850 15400//3850
v 101 49 105
v 102 49 105
v 102 49 104
v 101 49 104
vn 0 1 0
f 15401//3851 15402//3851 15403//3851 15404//3851
v 101 48 104
v 102 48 104
v 102 48 105
v 101 48 105
vn 0 -1 0
f 15405//3852 15406//3852 15407//3852 15408//3852
v 101 49 106
v 102 49 106
v 102 49 105
v 101 49 105
vn 0 1 0
f 15409//3853 15410//3853 15411//3853 15412//3853
v 101 48 105
v 102 48 105
v 102 48 106
v 101 48 106
vn 0 -1 0
f 15413//3854 15414//3854 15415//3854 15416//3854
v 101 49 107
v 102 49 107
v 102 49 106
v 101 49 106
vn 0 1 0
f 15417//3855 15418//3855 15419//3855 15420//3855
v 101 48 106
v 102 48 106
v 102 48 107
v 101 48 107
vn 0 -1 0
f 15421//3856 15422//3856 15423//3856 15424//3856
v 101 49 108
v 102 49 108
v 102 49 107
v 101 49 107
vn 0 1 0
f 15425//3857 15426//3857 15427//3857 15428//3857
v 101 48 107
v 102 48 107
v 102 48 108
v 101 48 108
vn 0 -1 0
f 15429//3858 15430//3858 15431//3858 15432//3858
v 102 49 109
v 101 49 109
v 101 48 109
v 102 48 109
vn 0 0 1
f 15433//3859 15434//3859 15435//3859 15436//3859
v 101 49 109
v 102 49 109
v 102 49 108
v 101 49 108
vn 0 1 0
f 15437//3860 15438//3860 15439//3860 15440//3860
v 101 48 108
v 102 48 108
v 102 48 109
v 101 48 109
vn 0 -1 0
f 15441//3861 15442//3861 15443//3861 15444//3861
v 102 49 96
v 103 49 96
v 103 48 96
v 102 48 96
vn 0 0 -1
f 15445//3862 15446//3862 15447//3862 15448//3862
v 102 49 97
v 103 49 97
v 103 49 96
v 102 49 96
vn 0 1 0
f 15449//3863 15450//3863 15451//3863 15452//3863
v 102 48 96
v 103 48 96
v 103 48 97
v 102 48 97
vn 0 -1 0
f 15453//3864 15454//3864 15455//3864 15456//3864
v 102 49 98
v 103 49 98
v 103 49 97
v 102 49 97
vn 0 1 0
f 15457//3865 15458//3865 15459//3865 15460//3865
v 102 48 97
v 103 48 97
v 103 48 98
v 102 48 98
vn 0 -1 0
f 15461//3866 15462//3866 15463//3866 15464//3866
v 102 49 99
v 103 49 99
v 103 49 98
v 102 49 98
vn 0 1 0
f 15465//3867 15466//3867 15467//3867 15468//3867
v 102 48 98
v 103 48 98
v 103 48 99
v 102 48 99
vn 0 -1 0
f 15469//3868 15470//3868 15471//3868 15472//3868
v 102 49 100
v 103 49 100
v 103 49 99
v 102 49 99
vn 0 1 0
f 15473//3869 15474//3869 15475//3869 15476//3869
v 102 48 99
v 103 48 99
v 103 48 100
v 102 48 100
vn 0 -1 0
f 15477//3870 15478//3870 15479//3870 15480//3870
v 102 49 101
v 103 49 101
v 103 49 100
v 102 49 100
vn 0 1 0
f 15481//3871 15482//3871 15483//3871 15484//3871
v 102 48 100
v 103 48 100
v 103 48 101
v 102 48 101
vn 0 -1 0
f 15485//3872 15486//3872 15487//3872 15488//3872
v 102 49 102
v 103 49 102
v 103 49 101
v 102 49 101
vn 0 1 0
f 15489//3873 15490//3873 15491//3873 15492//3873
v 102 48 101
v 103 48 101
v 103 48 102
v 102 48 102
vn 0 -1 0
f 15493//3874 15494//3874 15495//3874 15496//3874
v 102 49 103
v 103 49 103
v 103 49 102
v 102 49 102
vn 0 1 0
f 15497//3875 15498//3875 15499//3875 15500//3875
v 102 48 102
v 103 48 102
v 103 48 103
v 102 48 103
vn 0 -1 0
f 15501//3876 15502//3876 15503//3876 15504//3876
v 102 49 104
v 103 49 104
v 103 49 103
v 102 49 103
vn 0 1 0
f 15505//3877 15506//3877 15507//3877 15508//3877
v 102 48 103
v 103 48 103
v 103 48 104
v 102 48 104
vn 0 -1 0
f 15509//3878 15510//3878 15511//3878 15512//3878
v 102 49 105
v 103 49 105
v 103 49 104
v 102 49 104
vn 0 1 0
f 15513//3879 15514//3879 15515//3879 15516//3879
v 102 48 104
v 103 48 104
v 103 48 105
v 102 48 105
vn 0 -1 0
f 15517//3880 15518//3880 15519//3880 15520//3880
v 102 49 106
v 103 49 106
v 103 49 105
v 102 49 105
vn 0 1 0
f 15521//3881 15522//3881 15523//3881 15524//3881
v 102 48 105
v 103 48 105
v 103 48 106
v 102 48 106
vn 0 -1 0
f 15525//3882 15526//3882 15527//3882 15528//3882
v 102 49 107
v 103 49 107
v 103 49 106
v 102 49 106
vn 0 1 0
f 15529//3883 15530//3883 15531//3883 15532//3883
v 102 48 106
v 103 48 106
v 103 48 107
v 102 48 107
vn 0 -1 0
f 15533//3884 15534//3884 15535//3884 15536//3884
v 102 49 108
v 103 49 108
v 103 49 107
v 102 49 107
vn 0 1 0
f 15537//3885 15538//3885 15539//3885 15540//3885
v 102 48 107
v 103 48 107
v 103 48 108
v 102 48 108
vn 0 -1 0
f 15541//3886 15542//3886 15543//3886 15544//3886
v 103 49 109
v 102 49 109
v 102 48 109
v 103 48 109
vn 0 0 1
f 15545//3887 15546//3887 15547//3887 15548//3887
v 102 49 109
v 103 49 109
v 103 49 108
v 102 49 108
vn 0 1 0
f 15549//3888 15550//3888 15551//3888 15552//3888
v 102 48 108
v 103 48 108
v 103 48 109
v 102 48 109
vn 0 -1 0
f 15553//3889 15554//3889 15555//3889 15556//3889
v 103 49 96
v 104 49 96
v 104 48 96
v 103 48 96
vn 0 0 -1
f 15557//3890 15558//3890 15559//3890 15560//3890
v 103 49 97
v 104 49 97
v 104 49 96
v 103 49 96
vn 0 1 0
f 15561//3891 15562//3891 15563//3891 15564//3891
v 103 48 96
v 104 48 96
v 104 48 97
v 103 48 97
vn 0 -1 0
f 15565//3892 15566//3892 15567//3892 15568//3892
v 103 49 98
v 104 49 98
v 104 49 97
v 103 49 97
vn 0 1 0
f 15569//3893 15570//3893 15571//3893 15572//3893
v 103 48 97
v 104 48 97
v 104 48 98
v 103 48 98
vn 0 -1 0
f 15573//3894 15574//3894 15575//3894 15576//3894
v 103 49 99
v 104 49 99
v 104 49 98
v 103 49 98
vn 0 1 0
f 15577//3895 15578//3895 15579//3895 15580//3895
v 103 48 98
v 104 48 98
v 104 48 99
v 103 48 99
vn 0 -1 0
f 15581//3896 15582//3896 15583//3896 15584//3896
v 103 49 100
v 104 49 100
v 104 49 99
v 103 49 99
vn 0 1 0
f 15585//3897 15586//3897 15587//3897 15588//3897
v 103 48 99
v 104 48 99
v 104 48 100
v 103 48 100
vn 0 -1 0
f 15589//3898 15590//3898 15591//3898 15592//3898
v 103 49 101
v 104 49 101
v 104 49 100
v 103 49 100
vn 0 1 0
f 15593//3899 15594//3899 15595//3899 15596//3899
v 103 48 100
v 104 48 100
v 104 48 101
v 103 48 101
vn 0 -1 0
f 15597//3900 15598//3900 15599//3900 15600//3900
v 103 49 102
v 104 49 102
v 104 49 101
v 103 49 101
vn 0 1 0
f 15601//3901 15602//3901 15603//3901 15604//3901
v 103 48 101
v 104 48 101
v 104 48 102
v 103 48 102
vn 0 -1 0
f 15605//3902 15606//3902 15607//3902 15608//3902
v 103 49 103
v 104 49 103
v 104 49 102
v 103 49 102
vn 0 1 0
f 15609//3903 15610//3903 15611//3903 15612//3903
v 103 48 102
v 104 48 102
v 104 48 103
v 103 48 103
vn 0 -1 0
f 15613//3904 15614//3904 15615//3904 15616//3904
v 103 49 104
v 104 49 104
v 104 49 103
v 103 49 103
vn 0 1 0
f 15617//3905 15618//3905 15619//3905 15620//3905
v 103 48 103
v 104 48 103
v 104 48 104
v 103 48 104
vn 0 -1 0
f 15621//3906 15622//3906 15623//3906 15624//3906
v 103 49 105
v 104 49 105
v 104 49 104
v 103 49 104
vn 0 1 0
f 15625//3907 15626//3907 15627//3907 15628//3907
v 103 48 104
v 104 48 104
v 104 48 105
v 103 48 105
vn 0 -1 0
f 15629//3908 15630//3908 15631//3908 15632//3908
v 103 49 106
v 104 49 106
v 104 49 105
v 103 49 105
vn 0 1 0
f 15633//3909 15634//3909 15635//3909 15636//3909
v 103 48 105
v 104 48 105
v 104 48 106
v 103 48 106
vn 0 -1 0
f 15637//3910 15638//3910 15639//3910 15640//3910
v 103 49 107
v 104 49 107
v 104 49 106
v 103 49 106
vn 0 1 0
f 15641//3911 15642//3911 15643//3911 15644//3911
v 103 48 106
v 104 48 106
v 104 48 107
v 103 48 107
vn 0 -1 0
f 15645//3912 15646//3912 15647//3912 15648//3912
v 103 49 108
v 104 49 108
v 104 49 107
v 103 49 107
vn 0 1 0
f 15649//3913 15650//3913 15651//3913 15652//3913
v 103 48 107
v 104 48 107
v 104 48 108
v 103 48 108
vn 0 -1 0
f 15653//3914 15654//3914 15655//3914 15656//3914
v 104 49 109
v 103 49 109
v 103 48 109
v 104 48 109
vn 0 0 1
f 15657//3915 15658//3915 15659//3915 15660//3915
v 103 49 109
v 104 49 109
v 104 49 108
v 103 49 108
vn 0 1 0
f 15661//3916 15662//3916 15663//3916 15664//3916
v 103 48 108
v 104 48 108
v 104 48 109
v 103 48 109
vn 0 -1 0
f 15665//3917 15666//3917 15667//3917 15668//3917
v 104 49 96
v 105 49 96
v 105 48 96
v 104 48 96
vn 0 0 -1
f 15669//3918 15670//3918 15671//3918 15672//3918
v 104 49 97
v 105 49 97
v 105 49 96
v 104 49 96
vn 0 1 0
f 15673//3919 15674//3919 15675//3919 15676//3919
v 104 48 96
v 105 48 96
v 105 48 97
v 104 48 97
vn 0 -1 0
f 15677//3920 15678//3920 15679//3920 15680//3920
v 104 49 98
v 105 49 98
v 105 49 97
v 104 49 97
vn 0 1 0
f 15681//3921 15682//3921 15683//3921 15684//3921
v 104 48 97
v 105 48 97
v 105 48 98
v 104 48 98
vn 0 -1 0
f 15685//3922 15686//3922 15687//3922 15688//3922
v 104 49 99
v 105 49 99
v 105 49 98
v 104 49 98
vn 0 1 0
f 15689//3923 15690//3923 15691//3923 15692//3923
v 104 48 98
v 105 48 98
v 105 48 99
v 104 48 99
vn 0 -1 0
f 15693//3924 15694//3924 15695//3924 15696//3924
v 104 49 100
v 105 49 100
v 105 49 99
v 104 49 99
vn 0 1 0
f 15697//3925 15698//3925 15699//3925 15700//3925
v 104 48 99
v 105 48 99
v 105 48 100
v 104 48 100
vn 0 -1 0
f 15701//3926 15702//3926 15703//3926 15704//3926
v 104 49 101
v 105 49 101
v 105 49 100
v 104 49 100
vn 0 1 0
f 15705//3927 15706//3927 15707//3927 15708//3927
v 104 48 100
v 105 48 100
v 105 48 101
v 104 48 101
vn 0 -1 0
f 15709//3928 15710//3928 15711//3928 15712//3928
v 104 49 102
v 105 49 102
v 105 49 101
v 104 49 101
vn 0 1 0
f 15713//3929 15714//3929 15715//3929 15716//3929
v 104 48 101
v 105 48 101
v 105 48 102
v 104 48 102
vn 0 -1 0
f 15717//3930 15718//3930 15719//3930 15720//3930
v 104 49 103
v 105 49 103
v 105 49 102
v 104 49 102
vn 0 1 0
f 15721//3931 15722//3931 15723//3931 15724//3931
v 104 48 102
v 105 48 102
v 105 48 103
v 104 48 103
vn 0 -1 0
f 15725//3932 15726//3932 15727//3932 15728//3932
v 104 49 104
v 105 49 104
v 105 49 103
v 104 49 103
vn 0 1 0
f 15729//3933 15730//3933 15731//3933 15732//3933
v 104 48 103
v 105 48 103
v 105 48 104
v 104 48 104
vn 0 -1 0
f 15733//3934 15734//3934 15735//3934 15736//3934
v 104 48 104
v 105 48 104
v 105 48 105
v 104 48 105
vn 0 -1 0
f 15737//3935 15738//3935 15739//3935 15740//3935
v 104 48 105
v 105 48 105
v 105 48 106
v 104 48 106
vn 0 -1 0
f 15741//3936 15742//3936 15743//3936 15744//3936
v 104 48 106
v 105 48 106
v 105 48 107
v 104 48 107
vn 0 -1 0
f 15745//3937 15746//3937 15747//3937 15748//3937
v 104 48 107
v 105 48 107
v 105 48 108
v 104 48 108
vn 0 -1 0
f 15749//3938 15750//3938 15751//3938 15752//3938
v 105 49 109
v 104 49 109
v 104 48 109
v 105 48 109
vn 0 0 1
f 15753//3939 15754//3939 15755//3939 15756//3939
v 104 48 108
v 105 48 108
v 105 48 109
v 104 48 109
vn 0 -1 0
f 15757//3940 15758//3940 15759//3940 15760//3940
v 105 49 96
v 106 49 96
v 106 48 96
v 105 48 96
vn 0 0 -1
f 15761//3941 15762//3941 15763//3941 15764//3941
v 105 49 97
v 106 49 97
v 106 49 96
v 105 49 96
vn 0 1 0
f 15765//3942 15766//3942 15767//3942 15768//3942
v 105 48 96
v 106 48 96
v 106 48 97
v 105 48 97
vn 0 -1 0
f 15769//3943 15770//3943 15771//3943 15772//3943
v 105 49 98
v 106 49 98
v 106 49 97
v 105 49 97
vn 0 1 0
f 15773//3944 15774//3944 15775//3944 15776//3944
v 105 48 97
v 106 48 97
v 106 48 98
v 105 48 98
vn 0 -1 0
f 15777//3945 15778//3945 15779//3945 15780//3945
v 105 49 99
v 106 49 99
v 106 49 98
v 105 49 98
vn 0 1 0
f 15781//3946 15782//3946 15783//3946 15784//3946
v 105 48 98
v 106 48 98
v 106 48 99
v 105 48 99
vn 0 -1 0
f 15785//3947 15786//3947 15787//3947 15788//3947
v 105 49 100
v 106 49 100
v 106 49 99
v 105 49 99
vn 0 1 0
f 15789//3948 15790//3948 15791//3948 15792//3948
v 105 48 99
v 106 48 99
v 106 48 100
v 105 48 100
vn 0 -1 0
f 15793//3949 15794//3949 15795//3949 15796//3949
v 105 49 101
v 106 49 101
v 106 49 100
v 105 49 100
vn 0 1 0
f 15797//3950 15798//3950 15799//3950 15800//3950
v 105 48 100
v 106 48 100
v 106 48 101
v 105 48 101
vn 0 -1 0
f 15801//3951 15802//3951 15803//3951 15804//3951
v 105 49 102
v 106 49 102
v 106 49 101
v 105 49 101
vn 0 1 0
f 15805//3952 15806//3952 15807//3952 15808//3952
v 105 48 101
v 106 48 101
v 106 48 102
v 105 48 102
vn 0 -1 0
f 15809//3953 15810//3953 15811//3953 15812//3953
v 105 49 103
v 106 49 103
v 106 49 102
v 105 49 102
vn 0 1 0
f 15813//3954 15814//3954 15815//3954 15816//3954
v 105 48 102
v 106 48 102
v 106 48 103
v 105 48 103
vn 0 -1 0
f 15817//3955 15818//3955 15819//3955 15820//3955
v 105 49 104
v 106 49 104
v 106 49 103
v 105 49 103
vn 0 1 0
f 15821//3956 15822//3956 15823//3956 15824//3956
v 105 48 103
v 106 48 103
v 106 48 104
v 105 48 104
vn 0 -1 0
f 15825//3957 15826//3957 15827//3957 15828//3957
v 105 48 104
v 106 48 104
v 106 48 105
v 105 48 105
vn 0 -1 0
f 15829//3958 15830//3958 15831//3958 15832//3958
v 105 48 105
v 106 48 105
v 106 48 106
v 105 48 106
vn 0 -1 0
f 15833//3959 15834//3959 15835//3959 15836//3959
v 105 48 106
v 106 48 106
v 106 48 107
v 105 48 107
vn 0 -1 0
f 15837//3960 15838//3960 15839//3960 15840//3960
v 105 48 107
v 106 48 107
v 106 48 108
v 105 48 108
vn 0 -1 0
f 15841//3961 15842//3961 15843//3961 15844//3961
v 106 49 109
v 105 49 109
v 105 48 109
v 106 48 109
vn 0 0 1
f 15845//3962 15846//3962 15847//3962 15848//3962
v 105 48 108
v 106 48 108
v 106 48 109
v 105 48 109
vn 0 -1 0
f 15849//3963 15850//3963 15851//3963 15852//3963
v 106 49 96
v 107 49 96
v 107 48 96
v 106 48 96
vn 0 0 -1
f 15853//3964 15854//3964 15855//3964 15856//3964
v 106 49 97
v 107 49 97
v 107 49 96
v 106 49 96
vn 0 1 0
f 15857//3965 15858//3965 15859//3965 15860//3965
v 106 48 96
v 107 48 96
v 107 48 97
v 106 48 97
vn 0 -1 0
f 15861//3966 15862//3966 15863//3966 15864//3966
v 106 49 98
v 107 49 98
v 107 49 97
v 106 49 97
vn 0 1 0
f 15865//3967 15866//3967 15867//3967 15868//3967
v 106 48 97
v 107 48 97
v 107 48 98
v 106 48 98
vn 0 -1 0
f 15869//3968 15870//3968 15871//3968 15872//3968
v 106 49 99
v 107 49 99
v 107 49 98
v 106 49 98
vn 0 1 0
f 15873//3969 15874//3969 15875//3969 15876//3969
v 106 48 98
v 107 48 98
v 107 48 99
v 106 48 99
vn 0 -1 0
f 15877//3970 15878//3970 15879//3970 15880//3970
v 106 49 100
v 107 49 100
v 107 49 99
v 106 49 99
vn 0 1 0
f 15881//3971 15882//3971 15883//3971 15884//3971
v 106 48 99
v 107 48 99
v 107 48 100
v 106 48 100
vn 0 -1 0
f 15885//3972 15886//3972 15887//3972 15888//3972
v 106 49 101
v 107 49 101
v 107 49 100
v 106 49 100
vn 0 1 0
f 15889//3973 15890//3973 15891//3973 15892//3973
v 106 48 100
v 107 48 100
v 107 48 101
v 106 48 101
vn 0 -1 0
f 15893//3974 15894//3974 15895//3974 15896//3974
v 106 49 102
v 107 49 102
v 107 49 101
v 106 49 101
vn 0 1 0
f 15897//3975 15898//3975 15899//3975 15900//3975
v 106 48 101
v 107 48 101
v 107 48 102
v 106 48 102
vn 0 -1 0
f 15901//3976 15902//3976 15903//3976 15904//3976
v 106 49 103
v 107 49 103
v 107 49 102
v 106 49 102
vn 0 1 0
f 15905//3977 15906//3977 15907//3977 15908//3977
v 106 48 102
v 107 48 102
v 107 48 103
v 106 48 103
vn 0 -1 0
f 15909//3978 15910//3978 15911//3978 15912//3978
v 106 49 104
v 107 49 104
v 107 49 103
v 106 49 103
vn 0 1 0
f 15913//3979 15914//3979 15915//3979 15916//3979
v 106 48 103
v 107 48 103
v 107 48 104
v 106 48 104
vn 0 -1 0
f 15917//3980 15918//3980 15919//3980 15920//3980
v 106 48 104
v 107 48 104
v 107 48 105
v 106 48 105
vn 0 -1 0
f 15921//3981 15922//3981 15923//3981 15924//3981
v 106 48 105
v 107 48 105
v 107 48 106
v 106 48 106
vn 0 -1 0
f 15925//3982 15926//3982 15927//3982 15928//3982
v 106 48 106
v 107 48 106
v 107 48 107
v 106 48 107
vn 0 -1 0
f 15929//3983 15930//3983 15931//3983 15932//3983
v 106 48 107
v 107 48 107
v 107 48 108
v 106 48 108
vn 0 -1 0
f 15933//3984 15934//3984 15935//3984 15936//3984
v 107 49 109
v 106 49 109
v 106 48 109
v 107 48 109
vn 0 0 1
f 15937//3985 15938//3985 15939//3985 15940//3985
v 106 48 108
v 107 48 108
v 107 48 109
v 106 48 109
vn 0 -1 0
f 15941//3986 15942//3986 15943//3986 15944//3986
v 107 49 96
v 108 49 96
v 108 48 96
v 107 48 96
vn 0 0 -1
f 15945//3987 15946//3987 15947//3987 15948//3987
v 107 49 97
v 108 49 97
v 108 49 96
v 107 49 96
vn 0 1 0
f 15949//3988 15950//3988 15951//3988 15952//3988
v 107 48 96
v 108 48 96
v 108 48 97
v 107 48 97
vn 0 -1 0
f 15953//3989 15954//3989 15955//3989 15956//3989
v 107 49 98
v 108 49 98
v 108 49 97
v 107 49 97
vn 0 1 0
f 15957//3990 15958//3990 15959//3990 15960//3990
v 107 48 97
v 108 48 97
v 108 48 98
v 107 48 98
vn 0 -1 0
f 15961//3991 15962//3991 15963//3991 15964//3991
v 107 49 99
v 108 49 99
v 108 49 98
v 107 49 98
vn 0 1 0
f 15965//3992 15966//3992 15967//3992 15968//3992
v 107 48 98
v 108 48 98
v 108 48 99
v 107 48 99
vn 0 -1 0
f 15969//3993 15970//3993 15971//3993 15972//3993
v 107 49 100
v 108 49 100
v 108 49 99
v 107 49 99
vn 0 1 0
f 15973//3994 15974//3994 15975//3994 15976//3994
v 107 48 99
v 108 48 99
v 108 48 100
v 107 48 100
vn 0 -1 0
f 15977//3995 15978//3995 15979//3995 15980//3995
v 107 49 101
v 108 49 101
v 108 49 100
v 107 49 100
vn 0 1 0
f 15981//3996 15982//3996 15983//3996 15984//3996
v 107 48 100
v 108 48 100
v 108 48 101
v 107 48 101
vn 0 -1 0
f 15985//3997 15986//3997 15987//3997 15988//3997
v 107 49 102
v 108 49 102
v 108 49 101
v 107 49 101
vn 0 1 0
f 15989//3998 15990//3998 15991//3998 15992//3998
v 107 48 101
v 108 48 101
v 108 48 102
v 107 48 102
vn 0 -1 0
f 15993//3999 15994//3999 15995//3999 15996//3999
v 107 49 103
v 108 49 103
v 108 49 102
v 107 49 102
vn 0 1 0
f 15997//4000 15998//4000 15999//4000 16000//4000
v 107 48 102
v 108 48 102
v 108 48 103
v 107 48 103
vn 0 -1 0
f 16001//4001 16002//4001 16003//4001 16004//4001
v 107 49 104
v 108 49 104
v 108 49 103
v 107 49 103
vn 0 1 0
f 16005//4002 16006//4002 16007//4002 16008//4002
v 107 48 103
v 108 48 103
v 108 48 104
v 107 48 104
vn 0 -1 0
f 16009//4003 16010//4003 16011//4003 16012//4003
v 107 48 104
v 108 48 104
v 108 48 105
v 107 48 105
vn 0 -1 0
f 16013//4004 16014//4004 16015//4004 16016//4004
v 107 48 105
v 108 48 105
v 108 48 106
v 107 48 106
vn 0 -1 0
f 16017//4005 16018//4005 16019//4005 16020//4005
v 107 48 106
v 108 48 106
v 108 48 107
v 107 48 107
vn 0 -1 0
f 16021//4006 16022//4006 16023//4006 16024//4006
v 107 48 107
v 108 48 107
v 108 48 108
v 107 48 108
vn 0 -1 0
f 16025//4007 16026//4007 16027//4007 16028//4007
v 108 49 109
v 107 49 109
v 107 48 109
v 108 48 109
vn 0 0 1
f 16029//4008 16030//4008 16031//4008 16032//4008
v 107 48 108
v 108 48 108
v 108 48 109
v 107 48 109
vn 0 -1 0
f 16033//4009 16034//4009 16035//4009 16036//4009
v 108 49 96
v 109 49 96
v 109 48 96
v 108 48 96
vn 0 0 -1
f 16037//4010 16038//4010 16039//4010 16040//4010
v 108 49 97
v 109 49 97
v 109 49 96
v 108 49 96
vn 0 1 0
f 16041//4011 16042//4011 16043//4011 16044//4011
v 108 48 96
v 109 48 96
v 109 48 97
v 108 48 97
vn 0 -1 0
f 16045//4012 16046//4012 16047//4012 16048//4012
v 108 49 98
v 109 49 98
v 109 49 97
v 108 49 97
vn 0 1 0
f 16049//4013 16050//4013 16051//4013 16052//4013
v 108 48 97
v 109 48 97
v 109 48 98
v 108 48 98
vn 0 -1 0
f 16053//4014 16054//4014 16055//4014 16056//4014
v 108 49 99
v 109 49 99
v 109 49 98
v 108 49 98
vn 0 1 0
f 16057//4015 16058//4015 16059//4015 16060//4015
v 108 48 98
v 109 48 98
v 109 48 99
v 108 48 99
vn 0 -1 0
f 16061//4016 16062//4016 16063//4016 16064//4016
v 108 49 100
v 109 49 100
v 109 49 99
v 108 49 99
vn 0 1 0
f 16065//4017 16066//4017 16067//4017 16068//4017
v 108 48 99
v 109 48 99
v 109 48 100
v 108 48 100
vn 0 -1 0
f 16069//4018 16070//4018 16071//4018 16072//4018
v 108 49 101
v 109 49 101
v 109 49 100
v 108 49 100
vn 0 1 0
f 16073//4019 16074//4019 16075//4019 16076//4019
v 108 48 100
v 109 48 100
v 109 48 101
v 108 48 101
vn 0 -1 0
f 16077//4020 16078//4020 16079//4020 16080//4020
v 108 49 102
v 109 49 102
v 109 49 101
v 108 49 101
vn 0 1 0
f 16081//4021 16082//4021 16083//4021 16084//4021
v 108 48 101
v 109 48 101
v 109 48 102
v 108 48 102
vn 0 -1 0
f 16085//4022 16086//4022 16087//4022 16088//4022
v 108 49 103
v 109 49 103
v 109 49 102
v 108 49 102
vn 0 1 0
f 16089//4023 16090//4023 16091//4023 16092//4023
v 108 48 102
v 109 48 102
v 109 48 103
v 108 48 103
vn 0 -1 0
f 16093//4024 16094//4024 16095//4024 16096//4024
v 108 49 104
v 109 49 104
v 109 49 103
v 108 49 103
vn 0 1 0
f 16097//4025 16098//4025 16099//4025 16100//4025
v 108 48 103
v 109 48 103
v 109 48 104
v 108 48 104
vn 0 -1 0
f 16101//4026 16102//4026 16103//4026 16104//4026
v 109 49 109
v 108 49 109
v 108 48 109
v 109 48 109
vn 0 0 1
f 16105//4027 16106//4027 16107//4027 16108//4027
v 109 49 96
v 110 49 96
v 110 48 96
v 109 48 96
vn 0 0 -1
f 16109//4028 16110//4028 16111//4028 16112//4028
v 109 49 97
v 110 49 97
v 110 49 96
v 109 49 96
vn 0 1 0
f 16113//4029 16114//4029 16115//4029 16116//4029
v 109 48 96
v 110 48 96
v 110 48 97
v 109 48 97
vn 0 -1 0
f 16117//4030 16118//4030 16119//4030 16120//4030
v 109 49 98
v 110 49 98
v 110 49 97
v 109 49 97
vn 0 1 0
f 16121//4031 16122//4031 16123//4031 16124//4031
v 109 48 97
v 110 48 97
v 110 48 98
v 109 48 98
vn 0 -1 0
f 16125//4032 16126//4032 16127//4032 16128//4032
v 109 49 99
v 110 49 99
v 110 49 98
v 109 49 98
vn 0 1 0
f 16129//4033 16130//4033 16131//4033 16132//4033
v 109 48 98
v 110 48 98
v 110 48 99
v 109 48 99
vn 0 -1 0
f 16133//4034 16134//4034 16135//4034 16136//4034
v 109 49 100
v 110 49 100
v 110 49 99
v 109 49 99
vn 0 1 0
f 16137//4035 16138//4035 16139//4035 16140//4035
v 109 48 99
v 110 48 99
v 110 48 100
v 109 48 100
vn 0 -1 0
f 16141//4036 16142//4036 16143//4036 16144//4036
v 109 49 101
v 110 49 101
v 110 49 100
v 109 49 100
vn 0 1 0
f 16145//4037 16146//4037 16147//4037 16148//4037
v 109 48 100
v 110 48 100
v 110 48 101
v 109 48 101
vn 0 -1 0
f 16149//4038 16150//4038 16151//4038 16152//4038
v 109 49 102
v 110 49 102
v 110 49 101
v 109 49 101
vn 0 1 0
f 16153//4039 16154//4039 16155//4039 16156//4039
v 109 48 101
v 110 48 101
v 110 48 102
v 109 48 102
vn 0 -1 0
f 16157//4040 16158//4040 16159//4040 16160//4040
v 109 49 103
v 110 49 103
v 110 49 102
v 109 49 102
vn 0 1 0
f 16161//4041 16162//4041 16163//4041 16164//4041
v 109 48 102
v 110 48 102
v 110 48 103
v 109 48 103
vn 0 -1 0
f 16165//4042 16166//4042 16167//4042 16168//4042
v 109 49 104
v 110 49 104
v 110 49 103
v 109 49 103
vn 0 1 0
f 16169//4043 16170//4043 16171//4043 16172//4043
v 109 48 103
v 110 48 103
v 110 48 104
v 109 48 104
vn 0 -1 0
f 16173//4044 16174//4044 16175//4044 16176//4044
v 109 49 105
v 110 49 105
v 110 49 104
v 109 49 104
vn 0 1 0
f 16177//4045 16178//4045 16179//4045 16180//4045
v 109 49 106
v 110 49 106
v 110 49 105
v 109 49 105
vn 0 1 0
f 16181//4046 16182//4046 16183//4046 16184//4046
v 109 49 107
v 110 49 107
v 110 49 106
v 109 49 106
vn 0 1 0
f 16185//4047 16186//4047 16187//4047 16188//4047
v 109 49 108
v 110 49 108
v 110 49 107
v 109 49 107
vn 0 1 0
f 16189//4048 16190//4048 16191//4048 16192//4048
v 110 49 109
v 109 49 109
v 109 48 109
v 110 48 109
vn 0 0 1
f 16193//4049 16194//4049 16195//4049 16196//4049
v 109 49 109
v 110 49 109
v 110 49 108
v 109 49 108
vn 0 1 0
f 16197//4050 16198//4050 16199//4050 16200//4050
v 111 49 96
v 111 49 97
v 111 48 97
v 111 48 96
vn 1 0 0
f 16201//4051 16202//4051 16203//4051 16204//4051
v 110 49 96
v 111 49 96
v 111 48 96
v 110 48 96
vn 0 0 -1
f 16205//4052 16206//4052 16207//4052 16208//4052
v 110 49 97
v 111 49 97
v 111 49 96
v 110 49 96
vn 0 1 0
f 16209//4053 16210//4053 16211//4053 16212//4053
v 110 48 96
v 111 48 96
v 111 48 97
v 110 48 97
vn 0 -1 0
f 16213//4054 16214//4054 16215//4054 16216//4054
v 111 49 97
v 111 49 98
v 111 48 98
v 111 48 97
vn 1 0 0
f 16217//4055 16218//4055 16219//4055 16220//4055
v 110 49 98
v 111 49 98
v 111 49 97
v 110 49 97
vn 0 1 0
f 16221//4056 16222//4056 16223//4056 16224//4056
v 110 48 97
v 111 48 97
v 111 48 98
v 110 48 98
vn 0 -1 0
f 16225//4057 16226//4057 16227//4057 16228//4057
v 111 49 98
v 111 49 99
v 111 48 99
v 111 48 98
vn 1 0 0
f 16229//4058 16230//4058 16231//4058 16232//4058
v 110 49 99
v 111 49 99
v 111 49 98
v 110 49 98
vn 0 1 0
f 16233//4059 16234//4059 16235//4059 16236//4059
v 110 48 98
v 111 48 98
v 111 48 99
v 110 48 99
vn 0 -1 0
f 16237//4060 16238//4060 16239//4060 16240//4060
v 111 49 99
v 111 49 100
v 111 48 100
v 111 48 99
vn 1 0 0
f 16241//4061 16242//4061 16243//4061 16244//4061
v 110 49 100
v 111 49 100
v 111 49 99
v 110 49 99
vn 0 1 0
f 16245//4062 16246//4062 16247//4062 16248//4062
v 110 48 99
v 111 48 99
v 111 48 100
v 110 48 100
vn 0 -1 0
f 16249//4063 16250//4063 16251//4063 16252//4063
v 111 49 100
v 111 49 101
v 111 48 101
v 111 48 100
vn 1 0 0
f 16253//4064 16254//4064 16255//4064 16256//4064
v 110 49 101
v 111 49 101
v 111 49 100
v 110 49 100
vn 0 1 0
f 16257//4065 16258//4065 16259//4065 16260//4065
v 110 48 100
v 111 48 100
v 111 48 101
v 110 48 101
vn 0 -1 0
f 16261//4066 16262//4066 16263//4066 16264//4066
v 111 49 101
v 111 49 102
v 111 48 102
v 111 48 101
vn 1 0 0
f 16265//4067 16266//4067 16267//4067 16268//4067
v 110 49 102
v 111 49 102
v 111 49 101
v 110 49 101
vn 0 1 0
f 16269//4068 16270//4068 16271//4068 16272//4068
v 110 48 101
v 111 48 101
v 111 48 102
v 110 48 102
vn 0 -1 0
f 16273//4069 16274//4069 16275//4069 16276//4069
v 111 49 102
v 111 49 103
v 111 48 103
v 111 48 102
vn 1 0 0
f 16277//4070 16278//4070 16279//4070 16280//4070
v 110 49 103
v 111 49 103
v 111 49 102
v 110 49 102
vn 0 1 0
f 16281//4071 16282//4071 16283//4071 16284//4071
v 110 48 102
v 111 48 102
v 111 48 103
v 110 48 103
vn 0 -1 0
f 16285//4072 16286//4072 16287//4072 16288//4072
v 111 49 103
v 111 49 104
v 111 48 104
v 111 48 103
vn 1 0 0
f 16289//4073 16290//4073 16291//4073 16292//4073
v 110 49 104
v 111 49 104
v 111 49 103
v 110 49 103
vn 0 1 0
f 16293//4074 16294//4074 16295//4074 16296//4074
v 110 48 103
v 111 48 103
v 111 48 104
v 110 48 104
vn 0 -1 0
f 16297//4075 16298//4075 16299//4075 16300//4075
v 111 49 104
v 111 49 105
v 111 48 105
v 111 48 104
vn 1 0 0
f 16301//4076 16302//4076 16303//4076 16304//4076
v 110 49 105
v 111 49 105
v 111 49 104
v 110 49 104
vn 0 1 0
f 16305//4077 16306//4077 16307//4077 16308//4077
v 111 49 105
v 111 49 106
v 111 48 106
v 111 48 105
vn 1 0 0
f 16309//4078 16310//4078 16311//4078 16312//4078
v 110 49 106
v 111 49 106
v 111 49 105
v 110 49 105
vn 0 1 0
f 16313//4079 16314//4079 16315//4079 16316//4079
v 111 49 106
v 111 49 107
v 111 48 107
v 111 48 106
vn 1 0 0
f 16317//4080 16318//4080 16319//4080 16320//4080
v 110 49 107
v 111 49 107
v 111 49 106
v 110 49 106
vn 0 1 0
f 16321//4081 16322//4081 16323//4081 16324//4081
v 111 49 107
v 111 49 108
v 111 48 108
v 111 48 107
vn 1 0 0
f 16325//4082 16326//4082 16327//4082 16328//4082
v 110 49 108
v 111 49 108
v 111 49 107
v 110 49 107
vn 0 1 0
f 16329//4083 16330//4083 16331//4083 16332//4083
v 111 49 108
v 111 49 109
v 111 48 109
v 111 48 108
vn 1 0 0
f 16333//4084 16334//4084 16335//4084 16336//4084
v 111 49 109
v 110 49 109
v 110 48 109
v 111 48 109
vn 0 0 1
f 16337//4085 16338//4085 16339//4085 16340//4085
v 110 49 109
v 111 49 109
v 111 49 108
v 110 49 108
vn 0 1 0
f 16341//4086 16342//4086 16343//4086 16344//4086
v 108 47 104
v 108 47 105
v 108 48 105
v 108 48 104
vn -1 0 0
f 16345//4087 16346//4087 16347//4087 16348//4087
v 108 48 104
v 109 48 104
v 109 47 104
v 108 47 104
vn 0 0 -1
f 16349//4088 16350//4088 16351//4088 16352//4088
v 108 47 104
v 109 47 104
v 109 47 105
v 108 47 105
vn 0 -1 0
f 16353//4089 16354//4089 16355//4089 16356//4089
v 108 47 105
v 108 47 106
v 108 48 106
v 108 48 105
vn -1 0 0
f 16357//4090 16358//4090 16359//4090 16360//4090
v 108 47 105
v 109 47 105
v 109 47 106
v 108 47 106
vn 0 -1 0
f 16361//4091 16362//4091 16363//4091 16364//4091
v 108 47 106
v 108 47 107
v 108 48 107
v 108 48 106
vn -1 0 0
f 16365//4092 16366//4092 16367//4092 16368//4092
v 108 47 106
v 109 47 106
v 109 47 107
v 108 47 107
vn 0 -1 0
f 16369//4093 16370//4093 16371//4093 16372//4093
v 108 47 107
v 108 47 108
v 108 48 108
v 108 48 107
vn -1 0 0
f 16373//4094 16374//4094 16375//4094 16376//4094
v 108 47 107
v 109 47 107
v 109 47 108
v 108 47 108
vn 0 -1 0
f 16377//4095 16378//4095 16379//4095 16380//4095
v 108 47 108
v 108 47 109
v 108 48 109
v 108 48 108
vn -1 0 0
f 16381//4096 16382//4096 16383//4096 16384//4096
v 108 47 108
v 109 47 108
v 109 47 109
v 108 47 109
vn 0 -1 0
f 16385//4097 16386//4097 16387//4097 16388//4097
v 108 47 109
v 108 47 110
v 108 48 110
v 108 48 109
vn -1 0 0
f 16389//4098 16390//4098 16391//4098 16392//4098
v 108 48 110
v 109 48 110
v 109 48 109
v 108 48 109
vn 0 1 0
f 16393//4099 16394//4099 16395//4099 16396//4099
v 108 47 109
v 109 47 109
v 109 47 110
v 108 47 110
vn 0 -1 0
f 16397//4100 16398//4100 16399//4100 16400//4100
v 108 47 110
v 108 47 111
v 108 48 111
v 108 48 110
vn -1 0 0
f 16401//4101 16402//4101 16403//4101 16404//4101
v 108 48 111
v 109 48 111
v 109 48 110
v 108 48 110
vn 0 1 0
f 16405//4102 16406//4102 16407//4102 16408//4102
v 108 47 110
v 109 47 110
v 109 47 111
v 108 47 111
vn 0 -1 0
f 16409//4103 16410//4103 16411//4103 16412//4103
v 108 47 111
v 108 47 112
v 108 48 112
v 108 48 111
vn -1 0 0
f 16413//4104 16414//4104 16415//4104 16416//4104
v 108 48 112
v 109 48 112
v 109 48 111
v 108 48 111
vn 0 1 0
f 16417//4105 16418//4105 16419//4105 16420//4105
v 108 47 111
v 109 47 111
v 109 47 112
v 108 47 112
vn 0 -1 0
f 16421//4106 16422//4106 16423//4106 16424//4106
v 108 47 112
v 108 47 113
v 108 48 113
v 108 48 112
vn -1 0 0
f 16425//4107 16426//4107 16427//4107 16428//4107
v 108 48 113
v 109 48 113
v 109 48 112
v 108 48 112
vn 0 1 0
f 16429//4108 16430//4108 16431//4108 16432//4108
v 108 47 112
v 109 47 112
v 109 47 113
v 108 47 113
vn 0 -1 0
f 16433//4109 16434//4109 16435//4109 16436//4109
v 108 47 113
v 108 47 114
v 108 48 114
v 108 48 113
vn -1 0 0
f 16437//4110 16438//4110 16439//4110 16440//4110
v 108 48 114
v 109 48 114
v 109 48 113
v 108 48 113
vn 0 1 0
f 16441//4111 16442//4111 16443//4111 16444//4111
v 108 47 113
v 109 47 113
v 109 47 114
v 108 47 114
vn 0 -1 0
f 16445//4112 16446//4112 16447//4112 16448//4112
v 108 47 114
v 108 47 115
v 108 48 115
v 108 48 114
vn -1 0 0
f 16449//4113 16450//4113 16451//4113 16452//4113
v 108 48 115
v 109 48 115
v 109 48 114
v 108 48 114
vn 0 1 0
f 16453//4114 16454//4114 16455//4114 16456//4114
v 108 47 114
v 109 47 114
v 109 47 115
v 108 47 115
vn 0 -1 0
f 16457//4115 16458//4115 16459//4115 16460//4115
v 108 47 115
v 108 47 116
v 108 48 116
v 108 48 115
vn -1 0 0
f 16461//4116 16462//4116 16463//4116 16464//4116
v 108 48 116
v 109 48 116
v 109 48 115
v 108 48 115
vn 0 1 0
f 16465//4117 16466//4117 16467//4117 16468//4117
v 108 47 115
v 109 47 115
v 109 47 116
v 108 47 116
vn 0 -1 0
f 16469//4118 16470//4118 16471//4118 16472//4118
v 108 47 116
v 108 47 117
v 108 48 117
v 108 48 116
vn -1 0 0
f 16473//4119 16474//4119 16475//4119 16476//4119
v 108 48 117
v 109 48 117
v 109 48 116
v 108 48 116
vn 0 1 0
f 16477//4120 16478//4120 16479//4120 16480//4120
v 108 47 116
v 109 47 116
v 109 47 117
v 108 47 117
vn 0 -1 0
f 16481//4121 16482//4121 16483//4121 16484//4121
v 108 47 117
v 108 47 118
v 108 48 118
v 108 48 117
vn -1 0 0
f 16485//4122 16486//4122 16487//4122 16488//4122
v 108 48 118
v 109 48 118
v 109 48 117
v 108 48 117
vn 0 1 0
f 16489//4123 16490//4123 16491//4123 16492//4123
v 108 47 117
v 109 47 117
v 109 47 118
v 108 47 118
vn 0 -1 0
f 16493//4124 16494//4124 16495//4124 16496//4124
v 108 47 118
v 108 47 119
v 108 48 119
v 108 48 118
vn -1 0 0
f 16497//4125 16498//4125 16499//4125 16500//4125
v 109 48 119
v 108 48 119
v 108 47 119
v 109 47 119
vn 0 0 1
f 16501//4126 16502//4126 16503//4126 16504//4126
v 108 48 119
v 109 48 119
v 109 48 118
v 108 48 118
vn 0 1 0
f 16505//4127 16506//4127 16507//4127 16508//4127
v 108 47 118
v 109 47 118
v 109 47 119
v 108 47 119
vn 0 -1 0
f 16509//4128 16510//4128 16511//4128 16512//4128
v 109 48 104
v 110 48 104
v 110 47 104
v 109 47 104
vn 0 0 -1
f 16513//4129 16514//4129 16515//4129 16516//4129
v 109 47 104
v 110 47 104
v 110 47 105
v 109 47 105
vn 0 -1 0
f 16517//4130 16518//4130 16519//4130 16520//4130
v 109 47 105
v 110 47 105
v 110 47 106
v 109 47 106
vn 0 -1 0
f 16521//4131 16522//4131 16523//4131 16524//4131
v 109 47 106
v 110 47 106
v 110 47 107
v 109 47 107
vn 0 -1 0
f 16525//4132 16526//4132 16527//4132 16528//4132
v 109 47 107
v 110 47 107
v 110 47 108
v 109 47 108
vn 0 -1 0
f 16529//4133 16530//4133 16531//4133 16532//4133
v 109 47 108
v 110 47 108
v 110 47 109
v 109 47 109
vn 0 -1 0
f 16533//4134 16534//4134 16535//4134 16536//4134
v 109 48 110
v 110 48 110
v 110 48 109
v 109 48 109
vn 0 1 0
f 16537//4135 16538//4135 16539//4135 16540//4135
v 109 47 109
v 110 47 109
v 110 47 110
v 109 47 110
vn 0 -1 0
f 16541//4136 16542//4136 16543//4136 16544//4136
v 109 48 111
v 110 48 111
v 110 48 110
v 109 48 110
vn 0 1 0
f 16545//4137 16546//4137 16547//4137 16548//4137
v 109 47 110
v 110 47 110
v 110 47 111
v 109 47 111
vn 0 -1 0
f 16549//4138 16550//4138 16551//4138 16552//4138
v 109 48 112
v 110 48 112
v 110 48 111
v 109 48 111
vn 0 1 0
f 16553//4139 16554//4139 16555//4139 16556//4139
v 109 47 111
v 110 47 111
v 110 47 112
v 109 47 112
vn 0 -1 0
f 16557//4140 16558//4140 16559//4140 16560//4140
v 109 48 113
v 110 48 113
v 110 48 112
v 109 48 112
vn 0 1 0
f 16561//4141 16562//4141 16563//4141 16564//4141
v 109 47 112
v 110 47 112
v 110 47 113
v 109 47 113
vn 0 -1 0
f 16565//4142 16566//4142 16567//4142 16568//4142
v 109 48 114
v 110 48 114
v 110 48 113
v 109 48 113
vn 0 1 0
f 16569//4143 16570//4143 16571//4143 16572//4143
v 109 47 113
v 110 47 113
v 110 47 114
v 109 47 114
vn 0 -1 0
f 16573//4144 16574//4144 16575//4144 16576//4144
v 109 48 115
v 110 48 115
v 110 48 114
v 109 48 114
vn 0 1 0
f 16577//4145 16578//4145 16579//4145 16580//4145
v 109 47 114
v 110 47 114
v 110 47 115
v 109 47 115
vn 0 -1 0
f 16581//4146 16582//4146 16583//4146 16584//4146
v 109 48 116
v 110 48 116
v 110 48 115
v 109 48 115
vn 0 1 0
f 16585//4147 16586//4147 16587//4147 16588//4147
v 109 47 115
v 110 47 115
v 110 47 116
v 109 47 116
vn 0 -1 0
f 16589//4148 16590//4148 16591//4148 16592//4148
v 109 48 117
v 110 48 117
v 110 48 116
v 109 48 116
vn 0 1 0
f 16593//4149 16594//4149 16595//4149 16596//4149
v 109 47 116
v 110 47 116
v 110 47 117
v 109 47 117
vn 0 -1 0
f 16597//4150 16598//4150 16599//4150 16600//4150
v 109 48 118
v 110 48 118
v 110 48 117
v 109 48 117
vn 0 1 0
f 16601//4151 16602//4151 16603//4151 16604//4151
v 109 47 117
v 110 47 117
v 110 47 118
v 109 47 118
vn 0 -1 0
f 16605//4152 16606//4152 16607//4152 16608//4152
v 110 48 119
v 109 48 119
v 109 47 119
v 110 47 119
vn 0 0 1
f 16609//4153 16610//4153 16611//4153 16612//4153
v 109 48 119
v 110 48 119
v 110 48 118
v 109 48 118
vn 0 1 0
f 16613//4154 16614//4154 16615//4154 16616//4154
v 109 47 118
v 110 47 118
v 110 47 119
v 109 47 119
vn 0 -1 0
f 16617//4155 16618//4155 16619//4155 16620//4155
v 110 48 104
v 111 48 104
v 111 47 104
v 110 47 104
vn 0 0 -1
f 16621//4156 16622//4156 16623//4156 16624//4156
v 110 47 104
v 111 47 104
v 111 47 105
v 110 47 105
vn 0 -1 0
f 16625//4157 16626//4157 16627//4157 16628//4157
v 110 47 105
v 111 47 105
v 111 47 106
v 110 47 106
vn 0 -1 0
f 16629//4158 16630//4158 16631//4158 16632//4158
v 110 47 106
v 111 47 106
v 111 47 107
v 110 47 107
vn 0 -1 0
f 16633//4159 16634//4159 16635//4159 16636//4159
v 110 47 107
v 111 47 107
v 111 47 108
v 110 47 108
vn 0 -1 0
f 16637//4160 16638//4160 16639//4160 16640//4160
v 110 47 108
v 111 47 108
v 111 47 109
v 110 47 109
vn 0 -1 0
f 16641//4161 16642//4161 16643//4161 16644//4161
v 110 48 110
v 111 48 110
v 111 48 109
v 110 48 109
vn 0 1 0
f 16645//4162 16646//4162 16647//4162 16648//4162
v 110 47 109
v 111 47 109
v 111 47 110
v 110 47 110
vn 0 -1 0
f 16649//4163 16650//4163 16651//4163 16652//4163
v 110 48 111
v 111 48 111
v 111 48 110
v 110 48 110
vn 0 1 0
f 16653//4164 16654//4164 16655//4164 16656//4164
v 110 47 110
v 111 47 110
v 111 47 111
v 110 47 111
vn 0 -1 0
f 16657//4165 16658//4165 16659//4165 16660//4165
v 110 48 112
v 111 48 112
v 111 48 111
v 110 48 111
vn 0 1 0
f 16661//4166 16662//4166 16663//4166 16664//4166
v 110 47 111
v 111 47 111
v 111 47 112
v 110 47 112
vn 0 -1 0
f 16665//4167 16666//4167 16667//4167 16668//4167
v 110 48 113
v 111 48 113
v 111 48 112
v 110 48 112
vn 0 1 0
f 16669//4168 16670//4168 16671//4168 16672//4168
v 110 47 112
v 111 47 112
v 111 47 113
v 110 47 113
vn 0 -1 0
f 16673//4169 16674//4169 16675//4169 16676//4169
v 110 48 114
v 111 48 114
v 111 48 113
v 110 48 113
vn 0 1 0
f 16677//4170 16678//4170 16679//4170 16680//4170
v 110 47 113
v 111 47 113
v 111 47 114
v 110 47 114
vn 0 -1 0
f 16681//4171 16682//4171 16683//4171 16684//4171
v 110 48 115
v 111 48 115
v 111 48 114
v 110 48 114
vn 0 1 0
f 16685//4172 16686//4172 16687//4172 16688//4172
v 110 47 114
v 111 47 114
v 111 47 115
v 110 47 115
vn 0 -1 0
f 16689//4173 16690//4173 16691//4173 16692//4173
v 110 48 116
v 111 48 116
v 111 48 115
v 110 48 115
vn 0 1 0
f 16693//4174 16694//4174 16695//4174 16696//4174
v 110 47 115
v 111 47 115
v 111 47 116
v 110 47 116
vn 0 -1 0
f 16697//4175 16698//4175 16699//4175 16700//4175
v 110 48 117
v 111 48 117
v 111 48 116
v 110 48 116
vn 0 1 0
f 16701//4176 16702//4176 16703//4176 16704//4176
v 110 47 116
v 111 47 116
v 111 47 117
v 110 47 117
vn 0 -1 0
f 16705//4177 16706//4177 16707//4177 16708//4177
v 110 48 118
v 111 48 118
v 111 48 117
v 110 48 117
vn 0 1 0
f 16709//4178 16710//4178 16711//4178 16712//4178
v 110 47 117
v 111 47 117
v 111 47 118
v 110 47 118
vn 0 -1 0
f 16713//4179 16714//4179 16715//4179 16716//4179
v 111 48 119
v 110 48 119
v 110 47 119
v 111 47 119
vn 0 0 1
f 16717//4180 16718//4180 16719//4180 16720//4180
v 110 48 119
v 111 48 119
v 111 48 118
v 110 48 118
vn 0 1 0
f 16721//4181 16722//4181 16723//4181 16724//4181
v 110 47 118
v 111 47 118
v 111 47 119
v 110 47 119
vn 0 -1 0
f 16725//4182 16726//4182 16727//4182 16728//4182
v 111 48 104
v 112 48 104
v 112 47 104
v 111 47 104
vn 0 0 -1
f 16729//4183 16730//4183 16731//4183 16732//4183
v 111 48 105
v 112 48 105
v 112 48 104
v 111 48 104
vn 0 1 0
f 16733//4184 16734//4184 16735//4184 16736//4184
v 111 47 104
v 112 47 104
v 112 47 105
v 111 47 105
vn 0 -1 0
f 16737//4185 16738//4185 16739//4185 16740//4185
v 111 48 106
v 112 48 106
v 112 48 105
v 111 48 105
vn 0 1 0
f 16741//4186 16742//4186 16743//4186 16744//4186
v 111 47 105
v 112 47 105
v 112 47 106
v 111 47 106
vn 0 -1 0
f 16745//4187 16746//4187 16747//4187 16748//4187
v 111 48 107
v 112 48 107
v 112 48 106
v 111 48 106
vn 0 1 0
f 16749//4188 16750//4188 16751//4188 16752//4188
v 111 47 106
v 112 47 106
v 112 47 107
v 111 47 107
vn 0 -1 0
f 16753//4189 16754//4189 16755//4189 16756//4189
v 111 48 108
v 112 48 108
v 112 48 107
v 111 48 107
vn 0 1 0
f 16757//4190 16758//4190 16759//4190 16760//4190
v 111 47 107
v 112 47 107
v 112 47 108
v 111 47 108
vn 0 -1 0
f 16761//4191 16762//4191 16763//4191 16764//4191
v 111 48 109
v 112 48 109
v 112 48 108
v 111 48 108
vn 0 1 0
f 16765//4192 16766//4192 16767//4192 16768//4192
v 111 47 108
v 112 47 108
v 112 47 109
v 111 47 109
vn 0 -1 0
f 16769//4193 16770//4193 16771//4193 16772//4193
v 111 48 110
v 112 48 110
v 112 48 109
v 111 48 109
vn 0 1 0
f 16773//4194 16774//4194 16775//4194 16776//4194
v 111 47 109
v 112 47 109
v 112 47 110
v 111 47 110
vn 0 -1 0
f 16777//4195 16778//4195 16779//4195 16780//4195
v 111 48 111
v 112 48 111
v 112 48 110
v 111 48 110
vn 0 1 0
f 16781//4196 16782//4196 16783//4196 16784//4196
v 111 47 110
v 112 47 110
v 112 47 111
v 111 47 111
vn 0 -1 0
f 16785//4197 16786//4197 16787//4197 16788//4197
v 111 48 112
v 112 48 112
v 112 48 111
v 111 48 111
vn 0 1 0
f 16789//4198 16790//4198 16791//4198 16792//4198
v 111 47 111
v 112 47 111
v 112 47 112
v 111 47 112
vn 0 -1 0
f 16793//4199 16794//4199 16795//4199 16796//4199
v 111 48 113
v 112 48 113
v 112 48 112
v 111 48 112
vn 0 1 0
f 16797//4200 16798//4200 16799//4200 16800//4200
v 111 47 112
v 112 47 112
v 112 47 113
v 111 47 113
vn 0 -1 0
f 16801//4201 16802//4201 16803//4201 16804//4201
v 111 48 114
v 112 48 114
v 112 48 113
v 111 48 113
vn 0 1 0
f 16805//4202 16806//4202 16807//4202 16808//4202
v 111 47 113
v 112 47 113
v 112 47 114
v 111 47 114
vn 0 -1 0
f 16809//4203 16810//4203 16811//4203 16812//4203
v 111 48 115
v 112 48 115
v 112 48 114
v 111 48 114
vn 0 1 0
f 16813//4204 16814//4204 16815//4204 16816//4204
v 111 47 114
v 112 47 114
v 112 47 115
v 111 47 115
vn 0 -1 0
f 16817//4205 16818//4205 16819//4205 16820//4205
v 111 48 116
v 112 48 116
v 112 48 115
v 111 48 115
vn 0 1 0
f 16821//4206 16822//4206 16823//4206 16824//4206
v 111 47 115
v 112 47 115
v 112 47 116
v 111 47 116
vn 0 -1 0
f 16825//4207 16826//4207 16827//4207 16828//4207
v 111 48 117
v 112 48 117
v 112 48 116
v 111 48 116
vn 0 1 0
f 16829//4208 16830//4208 16831//4208 16832//4208
v 111 47 116
v 112 47 116
v 112 47 117
v 111 47 117
vn 0 -1 0
f 16833//4209 16834//4209 16835//4209 16836//4209
v 111 48 118
v 112 48 118
v 112 48 117
v 111 48 117
vn 0 1 0
f 16837//4210 16838//4210 16839//4210 16840//4210
v 111 47 117
v 112 47 117
v 112 47 118
v 111 47 118
vn 0 -1 0
f 16841//4211 16842//4211 16843//4211 16844//4211
v 112 48 119
v 111 48 119
v 111 47 119
v 112 47 119
vn 0 0 1
f 16845//4212 16846//4212 16847//4212 16848//4212
v 111 48 119
v 112 48 119
v 112 48 118
v 111 48 118
vn 0 1 0
f 16849//4213 16850//4213 16851//4213 16852//4213
v 111 47 118
v 112 47 118
v 112 47 119
v 111 47 119
vn 0 -1 0
f 16853//4214 16854//4214 16855//4214 16856//4214
v 112 48 104
v 113 48 104
v 113 47 104
v 112 47 104
vn 0 0 -1
f 16857//4215 16858//4215 16859//4215 16860//4215
v 112 47 104
v 113 47 104
v 113 47 105
v 112 47 105
vn 0 -1 0
f 16861//4216 16862//4216 16863//4216 16864//4216
v 112 48 106
v 113 48 106
v 113 48 105
v 112 48 105
vn 0 1 0
f 16865//4217 16866//4217 16867//4217 16868//4217
v 112 47 105
v 113 47 105
v 113 47 106
v 112 47 106
vn 0 -1 0
f 16869//4218 16870//4218 16871//4218 16872//4218
v 112 48 107
v 113 48 107
v 113 48 106
v 112 48 106
vn 0 1 0
f 16873//4219 16874//4219 16875//4219 16876//4219
v 112 47 106
v 113 47 106
v 113 47 107
v 112 47 107
vn 0 -1 0
f 16877//4220 16878//4220 16879//4220 16880//4220
v 112 48 108
v 113 48 108
v 113 48 107
v 112 48 107
vn 0 1 0
f 16881//4221 16882//4221 16883//4221 16884//4221
v 112 47 107
v 113 47 107
v 113 47 108
v 112 47 108
vn 0 -1 0
f 16885//4222 16886//4222 16887//4222 16888//4222
v 112 48 109
v 113 48 109
v 113 48 108
v 112 48 108
vn 0 1 0
f 16889//4223 16890//4223 16891//4223 16892//4223
v 112 47 108
v 113 47 108
v 113 47 109
v 112 47 109
vn 0 -1 0
f 16893//4224 16894//4224 16895//4224 16896//4224
v 112 48 110
v 113 48 110
v 113 48 109
v 112 48 109
vn 0 1 0
f 16897//4225 16898//4225 16899//4225 16900//4225
v 112 47 109
v 113 47 109
v 113 47 110
v 112 47 110
vn 0 -1 0
f 16901//4226 16902//4226 16903//4226 16904//4226
v 112 48 111
v 113 48 111
v 113 48 110
v 112 48 110
vn 0 1 0
f 16905//4227 16906//4227 16907//4227 16908//4227
v 112 47 110
v 113 47 110
v 113 47 111
v 112 47 111
vn 0 -1 0
f 16909//4228 16910//4228 16911//4228 16912//4228
v 112 48 112
v 113 48 112
v 113 48 111
v 112 48 111
vn 0 1 0
f 16913//4229 16914//4229 16915//4229 16916//4229
v 112 47 111
v 113 47 111
v 113 47 112
v 112 47 112
vn 0 -1 0
f 16917//4230 16918//4230 16919//4230 16920//4230
v 112 48 113
v 113 48 113
v 113 48 112
v 112 48 112
vn 0 1 0
f 16921//4231 16922//4231 16923//4231 16924//4231
v 112 47 112
v 113 47 112
v 113 47 113
v 112 47 113
vn 0 -1 0
f 16925//4232 16926//4232 16927//4232 16928//4232
v 112 48 114
v 113 48 114
v 113 48 113
v 112 48 113
vn 0 1 0
f 16929//4233 16930//4233 16931//4233 16932//4233
v 112 47 113
v 113 47 113
v 113 47 114
v 112 47 114
vn 0 -1 0
f 16933//4234 16934//4234 16935//4234 16936//4234
v 112 48 115
v 113 48 115
v 113 48 114
v 112 48 114
vn 0 1 0
f 16937//4235 16938//4235 16939//4235 16940//4235
v 112 47 114
v 113 47 114
v 113 47 115
v 112 47 115
vn 0 -1 0
f 16941//4236 16942//4236 16943//4236 16944//4236
v 112 48 116
v 113 48 116
v 113 48 115
v 112 48 115
vn 0 1 0
f 16945//4237 16946//4237 16947//4237 16948//4237
v 112 47 115
v 113 47 115
v 113 47 116
v 112 47 116
vn 0 -1 0
f 16949//4238 16950//4238 16951//4238 16952//4238
v 112 48 117
v 113 48 117
v 113 48 116
v 112 48 116
vn 0 1 0
f 16953//4239 16954//4239 16955//4239 16956//4239
v 112 47 116
v 113 47 116
v 113 47 117
v 112 47 117
vn 0 -1 0
f 16957//4240 16958//4240 16959//4240 16960//4240
v 112 48 118
v 113 48 118
v 113 48 117
v 112 48 117
vn 0 1 0
f 16961//4241 16962//4241 16963//4241 16964//4241
v 112 47 117
v 113 47 117
v 113 47 118
v 112 47 118
vn 0 -1 0
f 16965//4242 16966//4242 16967//4242 16968//4242
v 113 48 119
v 112 48 119
v 112 47 119
v 113 47 119
vn 0 0 1
f 16969//4243 16970//4243 16971//4243 16972//4243
v 112 48 119
v 113 48 119
v 113 48 118
v 112 48 118
vn 0 1 0
f 16973//4244 16974//4244 16975//4244 16976//4244
v 112 47 118
v 113 47 118
v 113 47 119
v 112 47 119
vn 0 -1 0
f 16977//4245 16978//4245 16979//4245 16980//4245
v 113 48 104
v 114 48 104
v 114 47 104
v 113 47 104
vn 0 0 -1
f 16981//4246 16982//4246 16983//4246 16984//4246
v 113 47 104
v 114 47 104
v 114 47 105
v 113 47 105
vn 0 -1 0
f 16985//4247 16986//4247 16987//4247 16988//4247
v 113 48 106
v 114 48 106
v 114 48 105
v 113 48 105
vn 0 1 0
f 16989//4248 16990//4248 16991//4248 16992//4248
v 113 47 105
v 114 47 105
v 114 47 106
v 113 47 106
vn 0 -1 0
f 16993//4249 16994//4249 16995//4249 16996//4249
v 113 48 107
v 114 48 107
v 114 48 106
v 113 48 106
vn 0 1 0
f 16997//4250 16998//4250 16999//4250 17000//4250
v 113 47 106
v 114 47 106
v 114 47 107
v 113 47 107
vn 0 -1 0
f 17001//4251 17002//4251 17003//4251 17004//4251
v 113 48 108
v 114 48 108
v 114 48 107
v 113 48 107
vn 0 1 0
f 17005//4252 17006//4252 17007//4252 17008//4252
v 113 47 107
v 114 47 107
v 114 47 108
v 113 47 108
vn 0 -1 0
f 17009//4253 17010//4253 17011//4253 17012//4253
v 113 48 109
v 114 48 109
v 114 48 108
v 113 48 108
vn 0 1 0
f 17013//4254 17014//4254 17015//4254 17016//4254
v 113 47 108
v 114 47 108
v 114 47 109
v 113 47 109
vn 0 -1 0
f 17017//4255 17018//4255 17019//4255 17020//4255
v 113 48 110
v 114 48 110
v 114 48 109
v 113 48 109
vn 0 1 0
f 17021//4256 17022//4256 17023//4256 17024//4256
v 113 47 109
v 114 47 109
v 114 47 110
v 113 47 110
vn 0 -1 0
f 17025//4257 17026//4257 17027//4257 17028//4257
v 113 48 111
v 114 48 111
v 114 48 110
v 113 48 110
vn 0 1 0
f 17029//4258 17030//4258 17031//4258 17032//4258
v 113 47 110
v 114 47 110
v 114 47 111
v 113 47 111
vn 0 -1 0
f 17033//4259 17034//4259 17035//4259 17036//4259
v 113 48 112
v 114 48 112
v 114 48 111
v 113 48 111
vn 0 1 0
f 17037//4260 17038//4260 17039//4260 17040//4260
v 113 47 111
v 114 47 111
v 114 47 112
v 113 47 112
vn 0 -1 0
f 17041//4261 17042//4261 17043//4261 17044//4261
v 113 48 113
v 114 48 113
v 114 48 112
v 113 48 112
vn 0 1 0
f 17045//4262 17046//4262 17047//4262 17048//4262
v 113 47 112
v 114 47 112
v 114 47 113
v 113 47 113
vn 0 -1 0
f 17049//4263 17050//4263 17051//4263 17052//4263
v 113 48 114
v 114 48 114
v 114 48 113
v 113 48 113
vn 0 1 0
f 17053//4264 17054//4264 17055//4264 17056//4264
v 113 47 113
v 114 47 113
v 114 47 114
v 113 47 114
vn 0 -1 0
f 17057//4265 17058//4265 17059//4265 17060//4265
v 113 48 115
v 114 48 115
v 114 48 114
v 113 48 114
vn 0 1 0
f 17061//4266 17062//4266 17063//4266 17064//4266
v 113 47 114
v 114 47 114
v 114 47 115
v 113 47 115
vn 0 -1 0
f 17065//4267 17066//4267 17067//4267 17068//4267
v 113 48 116
v 114 48 116
v 114 48 115
v 113 48 115
vn 0 1 0
f 17069//4268 17070//4268 17071//4268 17072//4268
v 113 47 115
v 114 47 115
v 114 47 116
v 113 47 116
vn 0 -1 0
f 17073//4269 17074//4269 17075//4269 17076//4269
v 113 48 117
v 114 48 117
v 114 48 116
v 113 48 116
vn 0 1 0
f 17077//4270 17078//4270 17079//4270 17080//4270
v 113 47 116
v 114 47 116
v 114 47 117
v 113 47 117
vn 0 -1 0
f 17081//4271 17082//4271 17083//4271 17084//4271
v 113 48 118
v 114 48 118
v 114 48 117
v 113 48 117
vn 0 1 0
f 17085//4272 17086//4272 17087//4272 17088//4272
v 113 47 117
v 114 47 117
v 114 47 118
v 113 47 118
vn 0 -1 0
f 17089//4273 17090//4273 17091//4273 17092//4273
v 114 48 119
v 113 48 119
v 113 47 119
v 114 47 119
vn 0 0 1
f 17093//4274 17094//4274 17095//4274 17096//4274
v 113 48 119
v 114 48 119
v 114 48 118
v 113 48 118
vn 0 1 0
f 17097//4275 17098//4275 17099//4275 17100//4275
v 113 47 118
v 114 47 118
v 114 47 119
v 113 47 119
vn 0 -1 0
f 17101//4276 17102//4276 17103//4276 17104//4276
v 114 48 104
v 115 48 104
v 115 47 104
v 114 47 104
vn 0 0 -1
f 17105//4277 17106//4277 17107//4277 17108//4277
v 114 47 104
v 115 47 104
v 115 47 105
v 114 47 105
vn 0 -1 0
f 17109//4278 17110//4278 17111//4278 17112//4278
v 114 48 106
v 115 48 106
v 115 48 105
v 114 48 105
vn 0 1 0
f 17113//4279 17114//4279 17115//4279 17116//4279
v 114 47 105
v 115 47 105
v 115 47 106
v 114 47 106
vn 0 -1 0
f 17117//4280 17118//4280 17119//4280 17120//4280
v 114 48 107
v 115 48 107
v 115 48 106
v 114 48 106
vn 0 1 0
f 17121//4281 17122//4281 17123//4281 17124//4281
v 114 47 106
v 115 47 106
v 115 47 107
v 114 47 107
vn 0 -1 0
f 17125//4282 17126//4282 17127//4282 17128//4282
v 114 48 108
v 115 48 108
v 115 48 107
v 114 48 107
vn 0 1 0
f 17129//4283 17130//4283 17131//4283 17132//4283
v 114 47 107
v 115 47 107
v 115 47 108
v 114 47 108
vn 0 -1 0
f 17133//4284 17134//4284 17135//4284 17136//4284
v 114 48 109
v 115 48 109
v 115 48 108
v 114 48 108
vn 0 1 0
f 17137//4285 17138//4285 17139//4285 17140//4285
v 114 47 108
v 115 47 108
v 115 47 109
v 114 47 109
vn 0 -1 0
f 17141//4286 17142//4286 17143//4286 17144//4286
v 114 48 110
v 115 48 110
v 115 48 109
v 114 48 109
vn 0 1 0
f 17145//4287 17146//4287 17147//4287 17148//4287
v 114 47 109
v 115 47 109
v 115 47 110
v 114 47 110
vn 0 -1 0
f 17149//4288 17150//4288 17151//4288 17152//4288
v 114 48 111
v 115 48 111
v 115 48 110
v 114 48 110
vn 0 1 0
f 17153//4289 17154//4289 17155//4289 17156//4289
v 114 47 110
v 115 47 110
v 115 47 111
v 114 47 111
vn 0 -1 0
f 17157//4290 17158//4290 17159//4290 17160//4290
v 114 48 112
v 115 48 112
v 115 48 111
v 114 48 111
vn 0 1 0
f 17161//4291 17162//4291 17163//4291 17164//4291
v 114 47 111
v 115 47 111
v 115 47 112
v 114 47 112
vn 0 -1 0
f 17165//4292 17166//4292 17167//4292 17168//4292
v 114 48 113
v 115 48 113
v 115 48 112
v 114 48 112
vn 0 1 0
f 17169//4293 17170//4293 17171//4293 17172//4293
v 114 47 112
v 115 47 112
v 115 47 113
v 114 47 113
vn 0 -1 0
f 17173//4294 17174//4294 17175//4294 17176//4294
v 114 48 114
v 115 48 114
v 115 48 113
v 114 48 113
vn 0 1 0
f 17177//4295 17178//4295 17179//4295 17180//4295
v 114 47 113
v 115 47 113
v 115 47 114
v 114 47 114
vn 0 -1 0
f 17181//4296 17182//4296 17183//4296 17184//4296
v 114 48 115
v 115 48 115
v 115 48 114
v 114 48 114
vn 0 1 0
f 17185//4297 17186//4297 17187//4297 17188//4297
v 114 47 114
v 115 47 114
v 115 47 115
v 114 47 115
vn 0 -1 0
f 17189//4298 17190//4298 17191//4298 17192//4298
v 114 48 116
v 115 48 116
v 115 48 115
v 114 48 115
vn 0 1 0
f 17193//4299 17194//4299 17195//4299 17196//4299
v 114 47 115
v 115 47 115
v 115 47 116
v 114 47 116
vn 0 -1 0
f 17197//4300 17198//4300 17199//4300 17200//4300
v 114 48 117
v 115 48 117
v 115 48 116
v 114 48 116
vn 0 1 0
f 17201//4301 17202//4301 17203//4301 17204//4301
v 114 47 116
v 115 47 116
v 115 47 117
v 114 47 117
vn 0 -1 0
f 17205//4302 17206//4302 17207//4302 17208//4302
v 114 48 118
v 115 48 118
v 115 48 117
v 114 48 117
vn 0 1 0
f 17209//4303 17210//4303 17211//4303 17212//4303
v 114 47 117
v 115 47 117
v 115 47 118
v 114 47 118
vn 0 -1 0
f 17213//4304 17214//4304 17215//4304 17216//4304
v 115 48 119
v 114 48 119
v 114 47 119
v 115 47 119
vn 0 0 1
f 17217//4305 17218//4305 17219//4305 17220//4305
v 114 48 119
v 115 48 119
v 115 48 118
v 114 48 118
vn 0 1 0
f 17221//4306 17222//4306 17223//4306 17224//4306
v 114 47 118
v 115 47 118
v 115 47 119
v 114 47 119
vn 0 -1 0
f 17225//4307 17226//4307 17227//4307 17228//4307
v 115 48 104
v 116 48 104
v 116 47 104
v 115 47 104
vn 0 0 -1
f 17229//4308 17230//4308 17231//4308 17232//4308
v 115 47 104
v 116 47 104
v 116 47 105
v 115 47 105
vn 0 -1 0
f 17233//4309 17234//4309 17235//4309 17236//4309
v 115 48 106
v 116 48 106
v 116 48 105
v 115 48 105
vn 0 1 0
f 17237//4310 17238//4310 17239//4310 17240//4310
v 115 47 105
v 116 47 105
v 116 47 106
v 115 47 106
vn 0 -1 0
f 17241//4311 17242//4311 17243//4311 17244//4311
v 115 48 107
v 116 48 107
v 116 48 106
v 115 48 106
vn 0 1 0
f 17245//4312 17246//4312 17247//4312 17248//4312
v 115 47 106
v 116 47 106
v 116 47 107
v 115 47 107
vn 0 -1 0
f 17249//4313 17250//4313 17251//4313 17252//4313
v 115 48 108
v 116 48 108
v 116 48 107
v 115 48 107
vn 0 1 0
f 17253//4314 17254//4314 17255//4314 17256//4314
v 115 47 107
v 116 47 107
v 116 47 108
v 115 47 108
vn 0 -1 0
f 17257//4315 17258//4315 17259//4315 17260//4315
v 115 48 109
v 116 48 109
v 116 48 108
v 115 48 108
vn 0 1 0
f 17261//4316 17262//4316 17263//4316 17264//4316
v 115 47 108
v 116 47 108
v 116 47 109
v 115 47 109
vn 0 -1 0
f 17265//4317 17266//4317 17267//4317 17268//4317
v 115 48 110
v 116 48 110
v 116 48 109
v 115 48 109
vn 0 1 0
f 17269//4318 17270//4318 17271//4318 17272//4318
v 115 47 109
v 116 47 109
v 116 47 110
v 115 47 110
vn 0 -1 0
f 17273//4319 17274//4319 17275//4319 17276//4319
v 115 48 111
v 116 48 111
v 116 48 110
v 115 48 110
vn 0 1 0
f 17277//4320 17278//4320 17279//4320 17280//4320
v 115 47 110
v 116 47 110
v 116 47 111
v 115 47 111
vn 0 -1 0
f 17281//4321 17282//4321 17283//4321 17284//4321
v 115 48 112
v 116 48 112
v 116 48 111
v 115 48 111
vn 0 1 0
f 17285//4322 17286//4322 17287//4322 17288//4322
v 115 47 111
v 116 47 111
v 116 47 112
v 115 47 112
vn 0 -1 0
f 17289//4323 17290//4323 17291//4323 17292//4323
v 115 48 113
v 116 48 113
v 116 48 112
v 115 48 112
vn 0 1 0
f 17293//4324 17294//4324 17295//4324 17296//4324
v 115 47 112
v 116 47 112
v 116 47 113
v 115 47 113
vn 0 -1 0
f 17297//4325 17298//4325 17299//4325 17300//4325
v 115 48 114
v 116 48 114
v 116 48 113
v 115 48 113
vn 0 1 0
f 17301//4326 17302//4326 17303//4326 17304//4326
v 115 47 113
v 116 47 113
v 116 47 114
v 115 47 114
vn 0 -1 0
f 17305//4327 17306//4327 17307//4327 17308//4327
v 115 48 115
v 116 48 115
v 116 48 114
v 115 48 114
vn 0 1 0
f 17309//4328 17310//4328 17311//4328 17312//4328
v 115 47 114
v 116 47 114
v 116 47 115
v 115 47 115
vn 0 -1 0
f 17313//4329 17314//4329 17315//4329 17316//4329
v 115 48 116
v 116 48 116
v 116 48 115
v 115 48 115
vn 0 1 0
f 17317//4330 17318//4330 17319//4330 17320//4330
v 115 47 115
v 116 47 115
v 116 47 116
v 115 47 116
vn 0 -1 0
f 17321//4331 17322//4331 17323//4331 17324//4331
v 115 48 117
v 116 48 117
v 116 48 116
v 115 48 116
vn 0 1 0
f 17325//4332 17326//4332 17327//4332 17328//4332
v 115 47 116
v 116 47 116
v 116 47 117
v 115 47 117
vn 0 -1 0
f 17329//4333 17330//4333 17331//4333 17332//4333
v 115 48 118
v 116 48 118
v 116 48 117
v 115 48 117
vn 0 1 0
f 17333//4334 17334//4334 17335//4334 17336//4334
v 115 47 117
v 116 47 117
v 116 47 118
v 115 47 118
vn 0 -1 0
f 17337//4335 17338//4335 17339//4335 17340//4335
v 116 48 119
v 115 48 119
v 115 47 119
v 116 47 119
vn 0 0 1
f 17341//4336 17342//4336 17343//4336 17344//4336
v 115 48 119
v 116 48 119
v 116 48 118
v 115 48 118
vn 0 1 0
f 17345//4337 17346//4337 17347//4337 17348//4337
v 115 47 118
v 116 47 118
v 116 47 119
v 115 47 119
vn 0 -1 0
f 17349//4338 17350//4338 17351//4338 17352//4338
v 116 48 104
v 117 48 104
v 117 47 104
v 116 47 104
vn 0 0 -1
f 17353//4339 17354//4339 17355//4339 17356//4339
v 116 47 104
v 117 47 104
v 117 47 105
v 116 47 105
vn 0 -1 0
f 17357//4340 17358//4340 17359//4340 17360//4340
v 116 48 106
v 117 48 106
v 117 48 105
v 116 48 105
vn 0 1 0
f 17361//4341 17362//4341 17363//4341 17364//4341
v 116 47 105
v 117 47 105
v 117 47 106
v 116 47 106
vn 0 -1 0
f 17365//4342 17366//4342 17367//4342 17368//4342
v 116 48 107
v 117 48 107
v 117 48 106
v 116 48 106
vn 0 1 0
f 17369//4343 17370//4343 17371//4343 17372//4343
v 116 47 106
v 117 47 106
v 117 47 107
v 116 47 107
vn 0 -1 0
f 17373//4344 17374//4344 17375//4344 17376//4344
v 116 48 108
v 117 48 108
v 117 48 107
v 116 48 107
vn 0 1 0
f 17377//4345 17378//4345 17379//4345 17380//4345
v 116 47 107
v 117 47 107
v 117 47 108
v 116 47 108
vn 0 -1 0
f 17381//4346 17382//4346 17383//4346 17384//4346
v 116 48 109
v 117 48 109
v 117 48 108
v 116 48 108
vn 0 1 0
f 17385//4347 17386//4347 17387//4347 17388//4347
v 116 47 108
v 117 47 108
v 117 47 109
v 116 47 109
vn 0 -1 0
f 17389//4348 17390//4348 17391//4348 17392//4348
v 116 48 110
v 117 48 110
v 117 48 109
v 116 48 109
vn 0 1 0
f 17393//4349 17394//4349 17395//4349 17396//4349
v 116 47 109
v 117 47 109
v 117 47 110
v 116 47 110
vn 0 -1 0
f 17397//4350 17398//4350 17399//4350 17400//4350
v 116 48 111
v 117 48 111
v 117 48 110
v 116 48 110
vn 0 1 0
f 17401//4351 17402//4351 17403//4351 17404//4351
v 116 47 110
v 117 47 110
v 117 47 111
v 116 47 111
vn 0 -1 0
f 17405//4352 17406//4352 17407//4352 17408//4352
v 116 48 112
v 117 48 112
v 117 48 111
v 116 48 111
vn 0 1 0
f 17409//4353 17410//4353 17411//4353 17412//4353
v 116 47 111
v 117 47 111
v 117 47 112
v 116 47 112
vn 0 -1 0
f 17413//4354 17414//4354 17415//4354 17416//4354
v 116 48 113
v 117 48 113
v 117 48 112
v 116 48 112
vn 0 1 0
f 17417//4355 17418//4355 17419//4355 17420//4355
v 116 47 112
v 117 47 112
v 117 47 113
v 116 47 113
vn 0 -1 0
f 17421//4356 17422//4356 17423//4356 17424//4356
v 116 48 114
v 117 48 114
v 117 48 113
v 116 48 113
vn 0 1 0
f 17425//4357 17426//4357 17427//4357 17428//4357
v 116 47 113
v 117 47 113
v 117 47 114
v 116 47 114
vn 0 -1 0
f 17429//4358 17430//4358 17431//4358 17432//4358
v 116 48 115
v 117 48 115
v 117 48 114
v 116 48 114
vn 0 1 0
f 17433//4359 17434//4359 17435//4359 17436//4359
v 116 47 114
v 117 47 114
v 117 47 115
v 116 47 115
vn 0 -1 0
f 17437//4360 17438//4360 17439//4360 17440//4360
v 116 48 116
v 117 48 116
v 117 48 115
v 116 48 115
vn 0 1 0
f 17441//4361 17442//4361 17443//4361 17444//4361
v 116 47 115
v 117 47 115
v 117 47 116
v 116 47 116
vn 0 -1 0
f 17445//4362 17446//4362 17447//4362 17448//4362
v 116 48 117
v 117 48 117
v 117 48 116
v 116 48 116
vn 0 1 0
f 17449//4363 17450//4363 17451//4363 17452//4363
v 116 47 116
v 117 47 116
v 117 47 117
v 116 47 117
vn 0 -1 0
f 17453//4364 17454//4364 17455//4364 17456//4364
v 116 48 118
v 117 48 118
v 117 48 117
v 116 48 117
vn 0 1 0
f 17457//4365 17458//4365 17459//4365 17460//4365
v 116 47 117
v 117 47 117
v 117 47 118
v 116 47 118
vn 0 -1 0
f 17461//4366 17462//4366 17463//4366 17464//4366
v 117 48 119
v 116 48 119
v 116 47 119
v 117 47 119
vn 0 0 1
f 17465//4367 17466//4367 17467//4367 17468//4367
v 116 48 119
v 117 48 119
v 117 48 118
v 116 48 118
vn 0 1 0
f 17469//4368 17470//4368 17471//4368 17472//4368
v 116 47 118
v 117 47 118
v 117 47 119
v 116 47 119
vn 0 -1 0
f 17473//4369 17474//4369 17475//4369 17476//4369
v 117 48 104
v 118 48 104
v 118 47 104
v 117 47 104
vn 0 0 -1
f 17477//4370 17478//4370 17479//4370 17480//4370
v 117 47 104
v 118 47 104
v 118 47 105
v 117 47 105
vn 0 -1 0
f 17481//4371 17482//4371 17483//4371 17484//4371
v 117 48 106
v 118 48 106
v 118 48 105
v 117 48 105
vn 0 1 0
f 17485//4372 17486//4372 17487//4372 17488//4372
v 117 47 105
v 118 47 105
v 118 47 106
v 117 47 106
vn 0 -1 0
f 17489//4373 17490//4373 17491//4373 17492//4373
v 117 48 107
v 118 48 107
v 118 48 106
v 117 48 106
vn 0 1 0
f 17493//4374 17494//4374 17495//4374 17496//4374
v 117 47 106
v 118 47 106
v 118 47 107
v 117 47 107
vn 0 -1 0
f 17497//4375 17498//4375 17499//4375 17500//4375
v 117 48 108
v 118 48 108
v 118 48 107
v 117 48 107
vn 0 1 0
f 17501//4376 17502//4376 17503//4376 17504//4376
v 117 47 107
v 118 47 107
v 118 47 108
v 117 47 108
vn 0 -1 0
f 17505//4377 17506//4377 17507//4377 17508//4377
v 117 48 109
v 118 48 109
v 118 48 108
v 117 48 108
vn 0 1 0
f 17509//4378 17510//4378 17511//4378 17512//4378
v 117 47 108
v 118 47 108
v 118 47 109
v 117 47 109
vn 0 -1 0
f 17513//4379 17514//4379 17515//4379 17516//4379
v 117 48 110
v 118 48 110
v 118 48 109
v 117 48 109
vn 0 1 0
f 17517//4380 17518//4380 17519//4380 17520//4380
v 117 47 109
v 118 47 109
v 118 47 110
v 117 47 110
vn 0 -1 0
f 17521//4381 17522//4381 17523//4381 17524//4381
v 117 48 111
v 118 48 111
v 118 48 110
v 117 48 110
vn 0 1 0
f 17525//4382 17526//4382 17527//4382 17528//4382
v 117 47 110
v 118 47 110
v 118 47 111
v 117 47 111
vn 0 -1 0
f 17529//4383 17530//4383 17531//4383 17532//4383
v 117 48 112
v 118 48 112
v 118 48 111
v 117 48 111
vn 0 1 0
f 17533//4384 17534//4384 17535//4384 17536//4384
v 117 47 111
v 118 47 111
v 118 47 112
v 117 47 112
vn 0 -1 0
f 17537//4385 17538//4385 17539//4385 17540//4385
v 117 48 113
v 118 48 113
v 118 48 112
v 117 48 112
vn 0 1 0
f 17541//4386 17542//4386 17543//4386 17544//4386
v 117 47 112
v 118 47 112
v 118 47 113
v 117 47 113
vn 0 -1 0
f 17545//4387 17546//4387 17547//4387 17548//4387
v 117 48 114
v 118 48 114
v 118 48 113
v 117 48 113
vn 0 1 0
f 17549//4388 17550//4388 17551//4388 17552//4388
v 117 47 113
v 118 47 113
v 118 47 114
v 117 47 114
vn 0 -1 0
f 17553//4389 17554//4389 17555//4389 17556//4389
v 117 48 115
v 118 48 115
v 118 48 114
v 117 48 114
vn 0 1 0
f 17557//4390 17558//4390 17559//4390 17560//4390
v 117 47 114
v 118 47 114
v 118 47 115
v 117 47 115
vn 0 -1 0
f 17561//4391 17562//4391 17563//4391 17564//4391
v 117 48 116
v 118 48 116
v 118 48 115
v 117 48 115
vn 0 1 0
f 17565//4392 17566//4392 17567//4392 17568//4392
v 117 47 115
v 118 47 115
v 118 47 116
v 117 47 116
vn 0 -1 0
f 17569//4393 17570//4393 17571//4393 17572//4393
v 117 48 117
v 118 48 117
v 118 48 116
v 117 48 116
vn 0 1 0
f 17573//4394 17574//4394 17575//4394 17576//4394
v 117 47 116
v 118 47 116
v 118 47 117
v 117 47 117
vn 0 -1 0
f 17577//4395 17578//4395 17579//4395 17580//4395
v 117 48 118
v 118 48 118
v 118 48 117
v 117 48 117
vn 0 1 0
f 17581//4396 17582//4396 17583//4396 17584//4396
v 117 47 117
v 118 47 117
v 118 47 118
v 117 47 118
vn 0 -1 0
f 17585//4397 17586//4397 17587//4397 17588//4397
v 118 48 119
v 117 48 119
v 117 47 119
v 118 47 119
vn 0 0 1
f 17589//4398 17590//4398 17591//4398 17592//4398
v 117 48 119
v 118 48 119
v 118 48 118
v 117 48 118
vn 0 1 0
f 17593//4399 17594//4399 17595//4399 17596//4399
v 117 47 118
v 118 47 118
v 118 47 119
v 117 47 119
vn 0 -1 0
f 17597//4400 17598//4400 17599//4400 17600//4400
v 118 48 104
v 119 48 104
v 119 47 104
v 118 47 104
vn 0 0 -1
f 17601//4401 17602//4401 17603//4401 17604//4401
v 118 47 104
v 119 47 104
v 119 47 105
v 118 47 105
vn 0 -1 0
f 17605//4402 17606//4402 17607//4402 17608//4402
v 118 48 106
v 119 48 106
v 119 48 105
v 118 48 105
vn 0 1 0
f 17609//4403 17610//4403 17611//4403 17612//4403
v 118 47 105
v 119 47 105
v 119 47 106
v 118 47 106
vn 0 -1 0
f 17613//4404 17614//4404 17615//4404 17616//4404
v 118 48 107
v 119 48 107
v 119 48 106
v 118 48 106
vn 0 1 0
f 17617//4405 17618//4405 17619//4405 17620//4405
v 118 47 106
v 119 47 106
v 119 47 107
v 118 47 107
vn 0 -1 0
f 17621//4406 17622//4406 17623//4406 17624//4406
v 118 48 108
v 119 48 108
v 119 48 107
v 118 48 107
vn 0 1 0
f 17625//4407 17626//4407 17627//4407 17628//4407
v 118 47 107
v 119 47 107
v 119 47 108
v 118 47 108
vn 0 -1 0
f 17629//4408 17630//4408 17631//4408 17632//4408
v 118 48 109
v 119 48 109
v 119 48 108
v 118 48 108
vn 0 1 0
f 17633//4409 17634//4409 17635//4409 17636//4409
v 118 47 108
v 119 47 108
v 119 47 109
v 118 47 109
vn 0 -1 0
f 17637//4410 17638//4410 17639//4410 17640//4410
v 118 48 110
v 119 48 110
v 119 48 109
v 118 48 109
vn 0 1 0
f 17641//4411 17642//4411 17643//4411 17644//4411
v 118 47 109
v 119 47 109
v 119 47 110
v 118 47 110
vn 0 -1 0
f 17645//4412 17646//4412 17647//4412 17648//4412
v 118 48 111
v 119 48 111
v 119 48 110
v 118 48 110
vn 0 1 0
f 17649//4413 17650//4413 17651//4413 17652//4413
v 118 47 110
v 119 47 110
v 119 47 111
v 118 47 111
vn 0 -1 0
f 17653//4414 17654//4414 17655//4414 17656//4414
v 118 48 112
v 119 48 112
v 119 48 111
v 118 48 111
vn 0 1 0
f 17657//4415 17658//4415 17659//4415 17660//4415
v 118 47 111
v 119 47 111
v 119 47 112
v 118 47 112
vn 0 -1 0
f 17661//4416 17662//4416 17663//4416 17664//4416
v 118 48 113
v 119 48 113
v 119 48 112
v 118 48 112
vn 0 1 0
f 17665//4417 17666//4417 17667//4417 17668//4417
v 118 47 112
v 119 47 112
v 119 47 113
v 118 47 113
vn 0 -1 0
f 17669//4418 17670//4418 17671//4418 17672//4418
v 118 48 114
v 119 48 114
v 119 48 113
v 118 48 113
vn 0 1 0
f 17673//4419 17674//4419 17675//4419 17676//4419
v 118 47 113
v 119 47 113
v 119 47 114
v 118 47 114
vn 0 -1 0
f 17677//4420 17678//4420 17679//4420 17680//4420
v 118 48 115
v 119 48 115
v 119 48 114
v 118 48 114
vn 0 1 0
f 17681//4421 17682//4421 17683//4421 17684//4421
v 118 47 114
v 119 47 114
v 119 47 115
v 118 47 115
vn 0 -1 0
f 17685//4422 17686//4422 17687//4422 17688//4422
v 118 48 116
v 119 48 116
v 119 48 115
v 118 48 115
vn 0 1 0
f 17689//4423 17690//4423 17691//4423 17692//4423
v 118 47 115
v 119 47 115
v 119 47 116
v 118 47 116
vn 0 -1 0
f 17693//4424 17694//4424 17695//4424 17696//4424
v 118 48 117
v 119 48 117
v 119 48 116
v 118 48 116
vn 0 1 0
f 17697//4425 17698//4425 17699//4425 17700//4425
v 118 47 116
v 119 47 116
v 119 47 117
v 118 47 117
vn 0 -1 0
f 17701//4426 17702//4426 17703//4426 17704//4426
v 118 48 118
v 119 48 118
v 119 48 117
v 118 48 117
vn 0 1 0
f 17705//4427 17706//4427 17707//4427 17708//4427
v 118 47 117
v 119 47 117
v 119 47 118
v 118 47 118
vn 0 -1 0
f 17709//4428 17710//4428 17711//4428 17712//4428
v 119 48 119
v 118 48 119
v 118 47 119
v 119 47 119
vn 0 0 1
f 17713//4429 17714//4429 17715//4429 17716//4429
v 118 48 119
v 119 48 119
v 119 48 118
v 118 48 118
vn 0 1 0
f 17717//4430 17718//4430 17719//4430 17720//4430
v 118 47 118
v 119 47 118
v 119 47 119
v 118 47 119
vn 0 -1 0
f 17721//4431 17722//4431 17723//4431 17724//4431
v 119 48 104
v 120 48 104
v 120 47 104
v 119 47 104
vn 0 0 -1
f 17725//4432 17726//4432 17727//4432 17728//4432
v 119 47 104
v 120 47 104
v 120 47 105
v 119 47 105
vn 0 -1 0
f 17729//4433 17730//4433 17731//4433 17732//4433
v 119 48 106
v 120 48 106
v 120 48 105
v 119 48 105
vn 0 1 0
f 17733//4434 17734//4434 17735//4434 17736//4434
v 119 47 105
v 120 47 105
v 120 47 106
v 119 47 106
vn 0 -1 0
f 17737//4435 17738//4435 17739//4435 17740//4435
v 119 48 107
v 120 48 107
v 120 48 106
v 119 48 106
vn 0 1 0
f 17741//4436 17742//4436 17743//4436 17744//4436
v 119 47 106
v 120 47 106
v 120 47 107
v 119 47 107
vn 0 -1 0
f 17745//4437 17746//4437 17747//4437 17748//4437
v 119 48 108
v 120 48 108
v 120 48 107
v 119 48 107
vn 0 1 0
f 17749//4438 17750//4438 17751//4438 17752//4438
v 119 47 107
v 120 47 107
v 120 47 108
v 119 47 108
vn 0 -1 0
f 17753//4439 17754//4439 17755//4439 17756//4439
v 119 48 109
v 120 48 109
v 120 48 108
v 119 48 108
vn 0 1 0
f 17757//4440 17758//4440 17759//4440 17760//4440
v 119 47 108
v 120 47 108
v 120 47 109
v 119 47 109
vn 0 -1 0
f 17761//4441 17762//4441 17763//4441 17764//4441
v 119 48 110
v 120 48 110
v 120 48 109
v 119 48 109
vn 0 1 0
f 17765//4442 17766//4442 17767//4442 17768//4442
v 119 47 109
v 120 47 109
v 120 47 110
v 119 47 110
vn 0 -1 0
f 17769//4443 17770//4443 17771//4443 17772//4443
v 119 48 111
v 120 48 111
v 120 48 110
v 119 48 110
vn 0 1 0
f 17773//4444 17774//4444 17775//4444 17776//4444
v 119 47 110
v 120 47 110
v 120 47 111
v 119 47 111
vn 0 -1 0
f 17777//4445 17778//4445 17779//4445 17780//4445
v 119 48 112
v 120 48 112
v 120 48 111
v 119 48 111
vn 0 1 0
f 17781//4446 17782//4446 17783//4446 17784//4446
v 119 47 111
v 120 47 111
v 120 47 112
v 119 47 112
vn 0 -1 0
f 17785//4447 17786//4447 17787//4447 17788//4447
v 119 48 113
v 120 48 113
v 120 48 112
v 119 48 112
vn 0 1 0
f 17789//4448 17790//4448 17791//4448 17792//4448
v 119 47 112
v 120 47 112
v 120 47 113
v 119 47 113
vn 0 -1 0
f 17793//4449 17794//4449 17795//4449 17796//4449
v 119 48 114
v 120 48 114
v 120 48 113
v 119 48 113
vn 0 1 0
f 17797//4450 17798//4450 17799//4450 17800//4450
v 119 47 113
v 120 47 113
v 120 47 114
v 119 47 114
vn 0 -1 0
f 17801//4451 17802//4451 17803//4451 17804//4451
v 119 48 115
v 120 48 115
v 120 48 114
v 119 48 114
vn 0 1 0
f 17805//4452 17806//4452 17807//4452 17808//4452
v 119 47 114
v 120 47 114
v 120 47 115
v 119 47 115
vn 0 -1 0
f 17809//4453 17810//4453 17811//4453 17812//4453
v 119 48 116
v 120 48 116
v 120 48 115
v 119 48 115
vn 0 1 0
f 17813//4454 17814//4454 17815//4454 17816//4454
v 119 47 115
v 120 47 115
v 120 47 116
v 119 47 116
vn 0 -1 0
f 17817//4455 17818//4455 17819//4455 17820//4455
v 119 48 117
v 120 48 117
v 120 48 116
v 119 48 116
vn 0 1 0
f 17821//4456 17822//4456 17823//4456 17824//4456
v 119 47 116
v 120 47 116
v 120 47 117
v 119 47 117
vn 0 -1 0
f 17825//4457 17826//4457 17827//4457 17828//4457
v 119 48 118
v 120 48 118
v 120 48 117
v 119 48 117
vn 0 1 0
f 17829//4458 17830//4458 17831//4458 17832//4458
v 119 47 117
v 120 47 117
v 120 47 118
v 119 47 118
vn 0 -1 0
f 17833//4459 17834//4459 17835//4459 17836//4459
v 120 48 119
v 119 48 119
v 119 47 119
v 120 47 119
vn 0 0 1
f 17837//4460 17838//4460 17839//4460 17840//4460
v 119 48 119
v 120 48 119
v 120 48 118
v 119 48 118
vn 0 1 0
f 17841//4461 17842//4461 17843//4461 17844//4461
v 119 47 118
v 120 47 118
v 120 47 119
v 119 47 119
vn 0 -1 0
f 17845//4462 17846//4462 17847//4462 17848//4462
v 120 48 104
v 121 48 104
v 121 47 104
v 120 47 104
vn 0 0 -1
f 17849//4463 17850//4463 17851//4463 17852//4463
v 120 47 104
v 121 47 104
v 121 47 105
v 120 47 105
vn 0 -1 0
f 17853//4464 17854//4464 17855//4464 17856//4464
v 120 48 106
v 121 48 106
v 121 48 105
v 120 48 105
vn 0 1 0
f 17857//4465 17858//4465 17859//4465 17860//4465
v 120 47 105
v 121 47 105
v 121 47 106
v 120 47 106
vn 0 -1 0
f 17861//4466 17862//4466 17863//4466 17864//4466
v 120 48 107
v 121 48 107
v 121 48 106
v 120 48 106
vn 0 1 0
f 17865//4467 17866//4467 17867//4467 17868//4467
v 120 47 106
v 121 47 106
v 121 47 107
v 120 47 107
vn 0 -1 0
f 17869//4468 17870//4468 17871//4468 17872//4468
v 120 48 108
v 121 48 108
v 121 48 107
v 120 48 107
vn 0 1 0
f 17873//4469 17874//4469 17875//4469 17876//4469
v 120 47 107
v 121 47 107
v 121 47 108
v 120 47 108
vn 0 -1 0
f 17877//4470 17878//4470 17879//4470 17880//4470
v 120 48 109
v 121 48 109
v 121 48 108
v 120 48 108
vn 0 1 0
f 17881//4471 17882//4471 17883//4471 17884//4471
v 120 47 108
v 121 47 108
v 121 47 109
v 120 47 109
vn 0 -1 0
f 17885//4472 17886//4472 17887//4472 17888//4472
v 120 48 110
v 121 48 110
v 121 48 109
v 120 48 109
vn 0 1 0
f 17889//4473 17890//4473 17891//4473 17892//4473
v 120 47 109
v 121 47 109
v 121 47 110
v 120 47 110
vn 0 -1 0
f 17893//4474 17894//4474 17895//4474 17896//4474
v 120 48 111
v 121 48 111
v 121 48 110
v 120 48 110
vn 0 1 0
f 17897//4475 17898//4475 17899//4475 17900//4475
v 120 47 110
v 121 47 110
v 121 47 111
v 120 47 111
vn 0 -1 0
f 17901//4476 17902//4476 17903//4476 17904//4476
v 120 48 112
v 121 48 112
v 121 48 111
v 120 48 111
vn 0 1 0
f 17905//4477 17906//4477 17907//4477 17908//4477
v 120 47 111
v 121 47 111
v 121 47 112
v 120 47 112
vn 0 -1 0
f 17909//4478 17910//4478 17911//4478 17912//4478
v 120 48 113
v 121 48 113
v 121 48 112
v 120 48 112
vn 0 1 0
f 17913//4479 17914//4479 17915//4479 17916//4479
v 120 47 112
v 121 47 112
v 121 47 113
v 120 47 113
vn 0 -1 0
f 17917//4480 17918//4480 17919//4480 17920//4480
v 120 48 114
v 121 48 114
v 121 48 113
v 120 48 113
vn 0 1 0
f 17921//4481 17922//4481 17923//4481 17924//4481
v 120 47 113
v 121 47 113
v 121 47 114
v 120 47 114
vn 0 -1 0
f 17925//4482 17926//4482 17927//4482 17928//4482
v 120 48 115
v 121 48 115
v 121 48 114
v 120 48 114
vn 0 1 0
f 17929//4483 17930//4483 17931//4483 17932//4483
v 120 47 114
v 121 47 114
v 121 47 115
v 120 47 115
vn 0 -1 0
f 17933//4484 17934//4484 17935//4484 17936//4484
v 120 48 116
v 121 48 116
v 121 48 115
v 120 48 115
vn 0 1 0
f 17937//4485 17938//4485 17939//4485 17940//4485
v 120 47 115
v 121 47 115
v 121 47 116
v 120 47 116
vn 0 -1 0
f 17941//4486 17942//4486 17943//4486 17944//4486
v 120 48 117
v 121 48 117
v 121 48 116
v 120 48 116
vn 0 1 0
f 17945//4487 17946//4487 17947//4487 17948//4487
v 120 47 116
v 121 47 116
v 121 47 117
v 120 47 117
vn 0 -1 0
f 17949//4488 17950//4488 17951//4488 17952//4488
v 120 48 118
v 121 48 118
v 121 48 117
v 120 48 117
vn 0 1 0
f 17953//4489 17954//4489 17955//4489 17956//4489
v 120 47 117
v 121 47 117
v 121 47 118
v 120 47 118
vn 0 -1 0
f 17957//4490 17958//4490 17959//4490 17960//4490
v 121 48 119
v 120 48 119
v 120 47 119
v 121 47 119
vn 0 0 1
f 17961//4491 17962//4491 17963//4491 17964//4491
v 120 48 119
v 121 48 119
v 121 48 118
v 120 48 118
vn 0 1 0
f 17965//4492 17966//4492 17967//4492 17968//4492
v 120 47 118
v 121 47 118
v 121 47 119
v 120 47 119
vn 0 -1 0
f 17969//4493 17970//4493 17971//4493 17972//4493
v 121 48 104
v 122 48 104
v 122 47 104
v 121 47 104
vn 0 0 -1
f 17973//4494 17974//4494 17975//4494 17976//4494
v 121 47 104
v 122 47 104
v 122 47 105
v 121 47 105
vn 0 -1 0
f 17977//4495 17978//4495 17979//4495 17980//4495
v 121 48 106
v 122 48 106
v 122 48 105
v 121 48 105
vn 0 1 0
f 17981//4496 17982//4496 17983//4496 17984//4496
v 121 47 105
v 122 47 105
v 122 47 106
v 121 47 106
vn 0 -1 0
f 17985//4497 17986//4497 17987//4497 17988//4497
v 121 48 107
v 122 48 107
v 122 48 106
v 121 48 106
vn 0 1 0
f 17989//4498 17990//4498 17991//4498 17992//4498
v 121 47 106
v 122 47 106
v 122 47 107
v 121 47 107
vn 0 -1 0
f 17993//4499 17994//4499 17995//4499 17996//4499
v 121 48 108
v 122 48 108
v 122 48 107
v 121 48 107
vn 0 1 0
f 17997//4500 17998//4500 17999//4500 18000//4500
v 121 47 107
v 122 47 107
v 122 47 108
v 121 47 108
vn 0 -1 0
f 18001//4501 18002//4501 18003//4501 18004//4501
v 121 48 109
v 122 48 109
v 122 48 108
v 121 48 108
vn 0 1 0
f 18005//4502 18006//4502 18007//4502 18008//4502
v 121 47 108
v 122 47 108
v 122 47 109
v 121 47 109
vn 0 -1 0
f 18009//4503 18010//4503 18011//4503 18012//4503
v 121 48 110
v 122 48 110
v 122 48 109
v 121 48 109
vn 0 1 0
f 18013//4504 18014//4504 18015//4504 18016//4504
v 121 47 109
v 122 47 109
v 122 47 110
v 121 47 110
vn 0 -1 0
f 18017//4505 18018//4505 18019//4505 18020//4505
v 121 48 111
v 122 48 111
v 122 48 110
v 121 48 110
vn 0 1 0
f 18021//4506 18022//4506 18023//4506 18024//4506
v 121 47 110
v 122 47 110
v 122 47 111
v 121 47 111
vn 0 -1 0
f 18025//4507 18026//4507 18027//4507 18028//4507
v 121 48 112
v 122 48 112
v 122 48 111
v 121 48 111
vn 0 1 0
f 18029//4508 18030//4508 18031//4508 18032//4508
v 121 47 111
v 122 47 111
v 122 47 112
v 121 47 112
vn 0 -1 0
f 18033//4509 18034//4509 18035//4509 18036//4509
v 121 48 113
v 122 48 113
v 122 48 112
v 121 48 112
vn 0 1 0
f 18037//4510 18038//4510 18039//4510 18040//4510
v 121 47 112
v 122 47 112
v 122 47 113
v 121 47 113
vn 0 -1 0
f 18041//4511 18042//4511 18043//4511 18044//4511
v 121 48 114
v 122 48 114
v 122 48 113
v 121 48 113
vn 0 1 0
f 18045//4512 18046//4512 18047//4512 18048//4512
v 121 47 113
v 122 47 113
v 122 47 114
v 121 47 114
vn 0 -1 0
f 18049//4513 18050//4513 18051//4513 18052//4513
v 121 48 115
v 122 48 115
v 122 48 114
v 121 48 114
vn 0 1 0
f 18053//4514 18054//4514 18055//4514 18056//4514
v 121 47 114
v 122 47 114
v 122 47 115
v 121 47 115
vn 0 -1 0
f 18057//4515 18058//4515 18059//4515 18060//4515
v 121 48 116
v 122 48 116
v 122 48 115
v 121 48 115
vn 0 1 0
f 18061//4516 18062//4516 18063//4516 18064//4516
v 121 47 115
v 122 47 115
v 122 47 116
v 121 47 116
vn 0 -1 0
f 18065//4517 18066//4517 18067//4517 18068//4517
v 121 48 117
v 122 48 117
v 122 48 116
v 121 48 116
vn 0 1 0
f 18069//4518 18070//4518 18071//4518 18072//4518
v 121 47 116
v 122 47 116
v 122 47 117
v 121 47 117
vn 0 -1 0
f 18073//4519 18074//4519 18075//4519 18076//4519
v 121 48 118
v 122 48 118
v 122 48 117
v 121 48 117
vn 0 1 0
f 18077//4520 18078//4520 18079//4520 18080//4520
v 121 47 117
v 122 47 117
v 122 47 118
v 121 47 118
vn 0 -1 0
f 18081//4521 18082//4521 18083//4521 18084//4521
v 122 48 119
v 121 48 119
v 121 47 119
v 122 47 119
vn 0 0 1
f 18085//4522 18086//4522 18087//4522 18088//4522
v 121 48 119
v 122 48 119
v 122 48 118
v 121 48 118
vn 0 1 0
f 18089//4523 18090//4523 18091//4523 18092//4523
v 121 47 118
v 122 47 118
v 122 47 119
v 121 47 119
vn 0 -1 0
f 18093//4524 18094//4524 18095//4524 18096//4524
v 123 48 104
v 123 48 105
v 123 47 105
v 123 47 104
vn 1 0 0
f 18097//4525 18098//4525 18099//4525 18100//4525
v 122 48 104
v 123 48 104
v 123 47 104
v 122 47 104
vn 0 0 -1
f 18101//4526 18102//4526 18103//4526 18104//4526
v 122 47 104
v 123 47 104
v 123 47 105
v 122 47 105
vn 0 -1 0
f 18105//4527 18106//4527 18107//4527 18108//4527
v 123 48 105
v 123 48 106
v 123 47 106
v 123 47 105
vn 1 0 0
f 18109//4528 18110//4528 18111//4528 18112//4528
v 122 48 106
v 123 48 106
v 123 48 105
v 122 48 105
vn 0 1 0
f 18113//4529 18114//4529 18115//4529 18116//4529
v 122 47 105
v 123 47 105
v 123 47 106
v 122 47 106
vn 0 -1 0
f 18117//4530 18118//4530 18119//4530 18120//4530
v 123 48 106
v 123 48 107
v 123 47 107
v 123 47 106
vn 1 0 0
f 18121//4531 18122//4531 18123//4531 18124//4531
v 122 48 107
v 123 48 107
v 123 48 106
v 122 48 106
vn 0 1 0
f 18125//4532 18126//4532 18127//4532 18128//4532
v 122 47 106
v 123 47 106
v 123 47 107
v 122 47 107
vn 0 -1 0
f 18129//4533 18130//4533 18131//4533 18132//4533
v 123 48 107
v 123 48 108
v 123 47 108
v 123 47 107
vn 1 0 0
f 18133//4534 18134//4534 18135//4534 18136//4534
v 122 48 108
v 123 48 108
v 123 48 107
v 122 48 107
vn 0 1 0
f 18137//4535 18138//4535 18139//4535 18140//4535
v 122 47 107
v 123 47 107
v 123 47 108
v 122 47 108
vn 0 -1 0
f 18141//4536 18142//4536 18143//4536 18144//4536
v 123 48 108
v 123 48 109
v 123 47 109
v 123 47 108
vn 1 0 0
f 18145//4537 18146//4537 18147//4537 18148//4537
v 122 48 109
v 123 48 109
v 123 48 108
v 122 48 108
vn 0 1 0
f 18149//4538 18150//4538 18151//4538 18152//4538
v 122 47 108
v 123 47 108
v 123 47 109
v 122 47 109
vn 0 -1 0
f 18153//4539 18154//4539 18155//4539 18156//4539
v 123 48 109
v 123 48 110
v 123 47 110
v 123 47 109
vn 1 0 0
f 18157//4540 18158//4540 18159//4540 18160//4540
v 122 48 110
v 123 48 110
v 123 48 109
v 122 48 109
vn 0 1 0
f 18161//4541 18162//4541 18163//4541 18164//4541
v 122 47 109
v 123 47 109
v 123 47 110
v 122 47 110
vn 0 -1 0
f 18165//4542 18166//4542 18167//4542 18168//4542
v 123 48 110
v 123 48 111
v 123 47 111
v 123 47 110
vn 1 0 0
f 18169//4543 18170//4543 18171//4543 18172//4543
v 122 48 111
v 123 48 111
v 123 48 110
v 122 48 110
vn 0 1 0
f 18173//4544 18174//4544 18175//4544 18176//4544
v 122 47 110
v 123 47 110
v 123 47 111
v 122 47 111
vn 0 -1 0
f 18177//4545 18178//4545 18179//4545 18180//4545
v 123 48 111
v 123 48 112
v 123 47 112
v 123 47 111
vn 1 0 0
f 18181//4546 18182//4546 18183//4546 18184//4546
v 122 48 112
v 123 48 112
v 123 48 111
v 122 48 111
vn 0 1 0
f 18185//4547 18186//4547 18187//4547 18188//4547
v 122 47 111
v 123 47 111
v 123 47 112
v 122 47 112
vn 0 -1 0
f 18189//4548 18190//4548 18191//4548 18192//4548
v 123 48 112
v 123 48 113
v 123 47 113
v 123 47 112
vn 1 0 0
f 18193//4549 18194//4549 18195//4549 18196//4549
v 122 48 113
v 123 48 113
v 123 48 112
v 122 48 112
vn 0 1 0
f 18197//4550 18198//4550 18199//4550 18200//4550
v 122 47 112
v 123 47 112
v 123 47 113
v 122 47 113
vn 0 -1 0
f 18201//4551 18202//4551 18203//4551 18204//4551
v 123 48 113
v 123 48 114
v 123 47 114
v 123 47 113
vn 1 0 0
f 18205//4552 18206//4552 18207//4552 18208//4552
v 122 48 114
v 123 48 114
v 123 48 113
v 122 48 113
vn 0 1 0
f 18209//4553 18210//4553 18211//4553 18212//4553
v 122 47 113
v 123 47 113
v 123 47 114
v 122 47 114
vn 0 -1 0
f 18213//4554 18214//4554 18215//4554 18216//4554
v 123 48 114
v 123 48 115
v 123 47 115
v 123 47 114
vn 1 0 0
f 18217//4555 18218//4555 18219//4555 18220//4555
v 122 48 115
v 123 48 115
v 123 48 114
v 122 48 114
vn 0 1 0
f 18221//4556 18222//4556 18223//4556 18224//4556
v 122 47 114
v 123 47 114
v 123 47 115
v 122 47 115
vn 0 -1 0
f 18225//4557 18226//4557 18227//4557 18228//4557
v 123 48 115
v 123 48 116
v 123 47 116
v 123 47 115
vn 1 0 0
f 18229//4558 18230//4558 18231//4558 18232//4558
v 122 48 116
v 123 48 116
v 123 48 115
v 122 48 115
vn 0 1 0
f 18233//4559 18234//4559 18235//4559 18236//4559
v 122 47 115
v 123 47 115
v 123 47 116
v 122 47 116
vn 0 -1 0
f 18237//4560 18238//4560 18239//4560 18240//4560
v 123 48 116
v 123 48 117
v 123 47 117
v 123 47 116
vn 1 0 0
f 18241//4561 18242//4561 18243//4561 18244//4561
v 122 48 117
v 123 48 117
v 123 48 116
v 122 48 116
vn 0 1 0
f 18245//4562 18246//4562 18247//4562 18248//4562
v 122 47 116
v 123 47 116
v 123 47 117
v 122 47 117
vn 0 -1 0
f 18249//4563 18250//4563 18251//4563 18252//4563
v 123 48 117
v 123 48 118
v 123 47 118
v 123 47 117
vn 1 0 0
f 18253//4564 18254//4564 18255//4564 18256//4564
v 122 48 118
v 123 48 118
v 123 48 117
v 122 48 117
vn 0 1 0
f 18257//4565 18258//4565 18259//4565 18260//4565
v 122 47 117
v 123 47 117
v 123 47 118
v 122 47 118
vn 0 -1 0
f 18261//4566 18262//4566 18263//4566 18264//4566
v 123 48 118
v 123 48 119
v 123 47 119
v 123 47 118
vn 1 0 0
f 18265//4567 18266//4567 18267//4567 18268//4567
v 123 48 119
v 122 48 119
v 122 47 119
v 123 47 119
vn 0 0 1
f 18269//4568 18270//4568 18271//4568 18272//4568
v 122 48 119
v 123 48 119
v 123 48 118
v 122 48 118
vn 0 1 0
f 18273//4569 18274//4569 18275//4569 18276//4569
v 122 47 118
v 123 47 118
v 123 47 119
v 122 47 119
vn 0 -1 0
f 18277//4570 18278//4570 18279//4570 18280//4570
v 94 48 110
v 94 48 111
v 94 49 111
v 94 49 110
vn -1 0 0
f 18281//4571 18282//4571 18283//4571 18284//4571
v 94 49 110
v 95 49 110
v 95 48 110
v 94 48 110
vn 0 0 -1
f 18285//4572 18286//4572 18287//4572 18288//4572
v 94 49 111
v 95 49 111
v 95 49 110
v 94 49 110
vn 0 1 0
f 18289//4573 18290//4573 18291//4573 18292//4573
v 94 48 110
v 95 48 110
v 95 48 111
v 94 48 111
vn 0 -1 0
f 18293//4574 18294//4574 18295//4574 18296//4574
v 94 48 111
v 94 48 112
v 94 49 112
v 94 49 111
vn -1 0 0
f 18297//4575 18298//4575 18299//4575 18300//4575
v 94 49 112
v 95 49 112
v 95 49 111
v 94 49 111
vn 0 1 0
f 18301//4576 18302//4576 18303//4576 18304//4576
v 94 48 111
v 95 48 111
v 95 48 112
v 94 48 112
vn 0 -1 0
f 18305//4577 18306//4577 18307//4577 18308//4577
v 94 48 112
v 94 48 113
v 94 49 113
v 94 49 112
vn -1 0 0
f 18309//4578 18310//4578 18311//4578 18312//4578
v 94 49 113
v 95 49 113
v 95 49 112
v 94 49 112
vn 0 1 0
f 18313//4579 18314//4579 18315//4579 18316//4579
v 94 48 112
v 95 48 112
v 95 48 113
v 94 48 113
vn 0 -1 0
f 18317//4580 18318//4580 18319//4580 18320//4580
v 94 48 113
v 94 48 114
v 94 49 114
v 94 49 113
vn -1 0 0
f 18321//4581 18322//4581 18323//4581 18324//4581
v 94 49 114
v 95 49 114
v 95 49 113
v 94 49 113
vn 0 1 0
f 18325//4582 18326//4582 18327//4582 18328//4582
v 94 48 113
v 95 48 113
v 95 48 114
v 94 48 114
vn 0 -1 0
f 18329//4583 18330//4583 18331//4583 18332//4583
v 94 48 114
v 94 48 115
v 94 49 115
v 94 49 114
vn -1 0 0
f 18333//4584 18334//4584 18335//4584 18336//4584
v 94 49 115
v 95 49 115
v 95 49 114
v 94 49 114
vn 0 1 0
f 18337//4585 18338//4585 18339//4585 18340//4585
v 94 48 114
v 95 48 114
v 95 48 115
v 94 48 115
vn 0 -1 0
f 18341//4586 18342//4586 18343//4586 18344//4586
v 94 48 115
v 94 48 116
v 94 49 116
v 94 49 115
vn -1 0 0
f 18345//4587 18346//4587 18347//4587 18348//4587
v 94 49 116
v 95 49 116
v 95 49 115
v 94 49 115
vn 0 1 0
f 18349//4588 18350//4588 18351//4588 18352//4588
v 94 48 115
v 95 48 115
v 95 48 116
v 94 48 116
vn 0 -1 0
f 18353//4589 18354//4589 18355//4589 18356//4589
v 94 48 116
v 94 48 117
v 94 49 117
v 94 49 116
vn -1 0 0
f 18357//4590 18358//4590 18359//4590 18360//4590
v 94 49 117
v 95 49 117
v 95 49 116
v 94 49 116
vn 0 1 0
f 18361//4591 18362//4591 18363//4591 18364//4591
v 94 48 116
v 95 48 116
v 95 48 117
v 94 48 117
vn 0 -1 0
f 18365//4592 18366//4592 18367//4592 18368//4592
v 94 48 117
v 94 48 118
v 94 49 118
v 94 49 117
vn -1 0 0
f 18369//4593 18370//4593 18371//4593 18372//4593
v 94 49 118
v 95 49 118
v 95 49 117
v 94 49 117
vn 0 1 0
f 18373//4594 18374//4594 18375//4594 18376//4594
v 94 48 117
v 95 48 117
v 95 48 118
v 94 48 118
vn 0 -1 0
f 18377//4595 18378//4595 18379//4595 18380//4595
v 94 48 118
v 94 48 119
v 94 49 119
v 94 49 118
vn -1 0 0
f 18381//4596 18382//4596 18383//4596 18384//4596
v 94 49 119
v 95 49 119
v 95 49 118
v 94 49 118
vn 0 1 0
f 18385//4597 18386//4597 18387//4597 18388//4597
v 94 48 118
v 95 48 118
v 95 48 119
v 94 48 119
vn 0 -1 0
f 18389//4598 18390//4598 18391//4598 18392//4598
v 94 48 119
v 94 48 120
v 94 49 120
v 94 49 119
vn -1 0 0
f 18393//4599 18394//4599 18395//4599 18396//4599
v 94 49 120
v 95 49 120
v 95 49 119
v 94 49 119
vn 0 1 0
f 18397//4600 18398//4600 18399//4600 18400//4600
v 94 48 119
v 95 48 119
v 95 48 120
v 94 48 120
vn 0 -1 0
f 18401//4601 18402//4601 18403//4601 18404//4601
v 94 48 120
v 94 48 121
v 94 49 121
v 94 49 120
vn -1 0 0
f 18405//4602 18406//4602 18407//4602 18408//4602
v 94 49 121
v 95 49 121
v 95 49 120
v 94 49 120
vn 0 1 0
f 18409//4603 18410//4603 18411//4603 18412//4603
v 94 48 120
v 95 48 120
v 95 48 121
v 94 48 121
vn 0 -1 0
f 18413//4604 18414//4604 18415//4604 18416//4604
v 94 48 121
v 94 48 122
v 94 49 122
v 94 49 121
vn -1 0 0
f 18417//4605 18418//4605 18419//4605 18420//4605
v 94 49 122
v 95 49 122
v 95 49 121
v 94 49 121
vn 0 1 0
f 18421//4606 18422//4606 18423//4606 18424//4606
v 94 48 121
v 95 48 121
v 95 48 122
v 94 48 122
vn 0 -1 0
f 18425//4607 18426//4607 18427//4607 18428//4607
v 94 48 122
v 94 48 123
v 94 49 123
v 94 49 122
vn -1 0 0
f 18429//4608 18430//4608 18431//4608 18432//4608
v 95 49 123
v 94 49 123
v 94 48 123
v 95 48 123
vn 0 0 1
f 18433//4609 18434//4609 18435//4609 18436//4609
v 94 49 123
v 95 49 123
v 95 49 122
v 94 49 122
vn 0 1 0
f 18437//4610 18438//4610 18439//4610 18440//4610
v 94 48 122
v 95 48 122
v 95 48 123
v 94 48 123
vn 0 -1 0
f 18441//4611 18442//4611 18443//4611 18444//4611
v 95 49 110
v 96 49 110
v 96 48 110
v 95 48 110
vn 0 0 -1
f 18445//4612 18446//4612 18447//4612 18448//4612
v 95 49 111
v 96 49 111
v 96 49 110
v 95 49 110
vn 0 1 0
f 18449//4613 18450//4613 18451//4613 18452//4613
v 95 48 110
v 96 48 110
v 96 48 111
v 95 48 111
vn 0 -1 0
f 18453//4614 18454//4614 18455//4614 18456//4614
v 95 49 112
v 96 49 112
v 96 49 111
v 95 49 111
vn 0 1 0
f 18457//4615 18458//4615 18459//4615 18460//4615
v 95 48 111
v 96 48 111
v 96 48 112
v 95 48 112
vn 0 -1 0
f 18461//4616 18462//4616 18463//4616 18464//4616
v 95 49 113
v 96 49 113
v 96 49 112
v 95 49 112
vn 0 1 0
f 18465//4617 18466//4617 18467//4617 18468//4617
v 95 48 112
v 96 48 112
v 96 48 113
v 95 48 113
vn 0 -1 0
f 18469//4618 18470//4618 18471//4618 18472//4618
v 95 49 114
v 96 49 114
v 96 49 113
v 95 49 113
vn 0 1 0
f 18473//4619 18474//4619 18475//4619 18476//4619
v 95 48 113
v 96 48 113
v 96 48 114
v 95 48 114
vn 0 -1 0
f 18477//4620 18478//4620 18479//4620 18480//4620
v 95 49 115
v 96 49 115
v 96 49 114
v 95 49 114
vn 0 1 0
f 18481//4621 18482//4621 18483//4621 18484//4621
v 95 48 114
v 96 48 114
v 96 48 115
v 95 48 115
vn 0 -1 0
f 18485//4622 18486//4622 18487//4622 18488//4622
v 95 49 116
v 96 49 116
v 96 49 115
v 95 49 115
vn 0 1 0
f 18489//4623 18490//4623 18491//4623 18492//4623
v 95 48 115
v 96 48 115
v 96 48 116
v 95 48 116
vn 0 -1 0
f 18493//4624 18494//4624 18495//4624 18496//4624
v 95 49 117
v 96 49 117
v 96 49 116
v 95 49 116
vn 0 1 0
f 18497//4625 18498//4625 18499//4625 18500//4625
v 95 48 116
v 96 48 116
v 96 48 117
v 95 48 117
vn 0 -1 0
f 18501//4626 18502//4626 18503//4626 18504//4626
v 95 49 118
v 96 49 118
v 96 49 117
v 95 49 117
vn 0 1 0
f 18505//4627 18506//4627 18507//4627 18508//4627
v 95 48 117
v 96 48 117
v 96 48 118
v 95 48 118
vn 0 -1 0
f 18509//4628 18510//4628 18511//4628 18512//4628
v 95 49 119
v 96 49 119
v 96 49 118
v 95 49 118
vn 0 1 0
f 18513//4629 18514//4629 18515//4629 18516//4629
v 95 48 118
v 96 48 118
v 96 48 119
v 95 48 119
vn 0 -1 0
f 18517//4630 18518//4630 18519//4630 18520//4630
v 95 49 120
v 96 49 120
v 96 49 119
v 95 49 119
vn 0 1 0
f 18521//4631 18522//4631 18523//4631 18524//4631
v 95 48 119
v 96 48 119
v 96 48 120
v 95 48 120
vn 0 -1 0
f 18525//4632 18526//4632 18527//4632 18528//4632
v 95 49 121
v 96 49 121
v 96 49 120
v 95 49 120
vn 0 1 0
f 18529//4633 18530//4633 18531//4633 18532//4633
v 95 48 120
v 96 48 120
v 96 48 121
v 95 48 121
vn 0 -1 0
f 18533//4634 18534//4634 18535//4634 18536//4634
v 95 49 122
v 96 49 122
v 96 49 121
v 95 49 121
vn 0 1 0
f 18537//4635 18538//4635 18539//4635 18540//4635
v 95 48 121
v 96 48 121
v 96 48 122
v 95 48 122
vn 0 -1 0
f 18541//4636 18542//4636 18543//4636 18544//4636
v 96 49 123
v 95 49 123
v 95 48 123
v 96 48 123
vn 0 0 1
f 18545//4637 18546//4637 18547//4637 18548//4637
v 95 49 123
v 96 49 123
v 96 49 122
v 95 49 122
vn 0 1 0
f 18549//4638 18550//4638 18551//4638 18552//4638
v 95 48 122
v 96 48 122
v 96 48 123
v 95 48 123
vn 0 -1 0
f 18553//4639 18554//4639 18555//4639 18556//4639
v 96 49 110
v 97 49 110
v 97 48 110
v 96 48 110
vn 0 0 -1
f 18557//4640 18558//4640 18559//4640 18560//4640
v 96 49 111
v 97 49 111
v 97 49 110
v 96 49 110
vn 0 1 0
f 18561//4641 18562//4641 18563//4641 18564//4641
v 96 48 110
v 97 48 110
v 97 48 111
v 96 48 111
vn 0 -1 0
f 18565//4642 18566//4642 18567//4642 18568//4642
v 96 49 112
v 97 49 112
v 97 49 111
v 96 49 111
vn 0 1 0
f 18569//4643 18570//4643 18571//4643 18572//4643
v 96 48 111
v 97 48 111
v 97 48 112
v 96 48 112
vn 0 -1 0
f 18573//4644 18574//4644 18575//4644 18576//4644
v 96 49 113
v 97 49 113
v 97 49 112
v 96 49 112
vn 0 1 0
f 18577//4645 18578//4645 18579//4645 18580//4645
v 96 48 112
v 97 48 112
v 97 48 113
v 96 48 113
vn 0 -1 0
f 18581//4646 18582//4646 18583//4646 18584//4646
v 96 49 114
v 97 49 114
v 97 49 113
v 96 49 113
vn 0 1 0
f 18585//4647 18586//4647 18587//4647 18588//4647
v 96 48 113
v 97 48 113
v 97 48 114
v 96 48 114
vn 0 -1 0
f 18589//4648 18590//4648 18591//4648 18592//4648
v 96 49 115
v 97 49 115
v 97 49 114
v 96 49 114
vn 0 1 0
f 18593//4649 18594//4649 18595//4649 18596//4649
v 96 48 114
v 97 48 114
v 97 48 115
v 96 48 115
vn 0 -1 0
f 18597//4650 18598//4650 18599//4650 18600//4650
v 96 49 116
v 97 49 116
v 97 49 115
v 96 49 115
vn 0 1 0
f 18601//4651 18602//4651 18603//4651 18604//4651
v 96 48 115
v 97 48 115
v 97 48 116
v 96 48 116
vn 0 -1 0
f 18605//4652 18606//4652 18607//4652 18608//4652
v 96 49 117
v 97 49 117
v 97 49 116
v 96 49 116
vn 0 1 0
f 18609//4653 18610//4653 18611//4653 18612//4653
v 96 48 116
v 97 48 116
v 97 48 117
v 96 48 117
vn 0 -1 0
f 18613//4654 18614//4654 18615//4654 18616//4654
v 96 49 118
v 97 49 118
v 97 49 117
v 96 49 117
vn 0 1 0
f 18617//4655 18618//4655 18619//4655 18620//4655
v 96 48 117
v 97 48 117
v 97 48 118
v 96 48 118
vn 0 -1 0
f 18621//4656 18622//4656 18623//4656 18624//4656
v 96 49 119
v 97 49 119
v 97 49 118
v 96 49 118
vn 0 1 0
f 18625//4657 18626//4657 18627//4657 18628//4657
v 96 48 118
v 97 48 118
v 97 48 119
v 96 48 119
vn 0 -1 0
f 18629//4658 18630//4658 18631//4658 18632//4658
v 96 49 120
v 97 49 120
v 97 49 119
v 96 49 119
vn 0 1 0
f 18633//4659 18634//4659 18635//4659 18636//4659
v 96 48 119
v 97 48 119
v 97 48 120
v 96 48 120
vn 0 -1 0
f 18637//4660 18638//4660 18639//4660 18640//4660
v 96 49 121
v 97 49 121
v 97 49 120
v 96 49 120
vn 0 1 0
f 18641//4661 18642//4661 18643//4661 18644//4661
v 96 48 120
v 97 48 120
v 97 48 121
v 96 48 121
vn 0 -1 0
f 18645//4662 18646//4662 18647//4662 18648//4662
v 96 49 122
v 97 49 122
v 97 49 121
v 96 49 121
vn 0 1 0
f 18649//4663 18650//4663 18651//4663 18652//4663
v 96 48 121
v 97 48 121
v 97 48 122
v 96 48 122
vn 0 -1 0
f 18653//4664 18654//4664 18655//4664 18656//4664
v 97 49 123
v 96 49 123
v 96 48 123
v 97 48 123
vn 0 0 1
f 18657//4665 18658//4665 18659//4665 18660//4665
v 96 49 123
v 97 49 123
v 97 49 122
v 96 49 122
vn 0 1 0
f 18661//4666 18662//4666 18663//4666 18664//4666
v 96 48 122
v 97 48 122
v 97 48 123
v 96 48 123
vn 0 -1 0
f 18665//4667 18666//4667 18667//4667 18668//4667
v 97 49 110
v 98 49 110
v 98 48 110
v 97 48 110
vn 0 0 -1
f 18669//4668 18670//4668 18671//4668 18672//4668
v 97 49 111
v 98 49 111
v 98 49 110
v 97 49 110
vn 0 1 0
f 18673//4669 18674//4669 18675//4669 18676//4669
v 97 48 110
v 98 48 110
v 98 48 111
v 97 48 111
vn 0 -1 0
f 18677//4670 18678//4670 18679//4670 18680//4670
v 97 49 112
v 98 49 112
v 98 49 111
v 97 49 111
vn 0 1 0
f 18681//4671 18682//4671 18683//4671 18684//4671
v 97 48 111
v 98 48 111
v 98 48 112
v 97 48 112
vn 0 -1 0
f 18685//4672 18686//4672 18687//4672 18688//4672
v 97 49 113
v 98 49 113
v 98 49 112
v 97 49 112
vn 0 1 0
f 18689//4673 18690//4673 18691//4673 18692//4673
v 97 48 112
v 98 48 112
v 98 48 113
v 97 48 113
vn 0 -1 0
f 18693//4674 18694//4674 18695//4674 18696//4674
v 97 49 114
v 98 49 114
v 98 49 113
v 97 49 113
vn 0 1 0
f 18697//4675 18698//4675 18699//4675 18700//4675
v 97 48 113
v 98 48 113
v 98 48 114
v 97 48 114
vn 0 -1 0
f 18701//4676 18702//4676 18703//4676 18704//4676
v 97 49 115
v 98 49 115
v 98 49 114
v 97 49 114
vn 0 1 0
f 18705//4677 18706//4677 18707//4677 18708//4677
v 97 48 114
v 98 48 114
v 98 48 115
v 97 48 115
vn 0 -1 0
f 18709//4678 18710//4678 18711//4678 18712//4678
v 97 49 116
v 98 49 116
v 98 49 115
v 97 49 115
vn 0 1 0
f 18713//4679 18714//4679 18715//4679 18716//4679
v 97 48 115
v 98 48 115
v 98 48 116
v 97 48 116
vn 0 -1 0
f 18717//4680 18718//4680 18719//4680 18720//4680
v 97 49 117
v 98 49 117
v 98 49 116
v 97 49 116
vn 0 1 0
f 18721//4681 18722//4681 18723//4681 18724//4681
v 97 48 116
v 98 48 116
v 98 48 117
v 97 48 117
vn 0 -1 0
f 18725//4682 18726//4682 18727//4682 18728//4682
v 97 49 118
v 98 49 118
v 98 49 117
v 97 49 117
vn 0 1 0
f 18729//4683 18730//4683 18731//4683 18732//4683
v 97 48 117
v 98 48 117
v 98 48 118
v 97 48 118
vn 0 -1 0
f 18733//4684 18734//4684 18735//4684 18736//4684
v 97 49 119
v 98 49 119
v 98 49 118
v 97 49 118
vn 0 1 0
f 18737//4685 18738//4685 18739//4685 18740//4685
v 97 48 118
v 98 48 118
v 98 48 119
v 97 48 119
vn 0 -1 0
f 18741//4686 18742//4686 18743//4686 18744//4686
v 97 49 120
v 98 49 120
v 98 49 119
v 97 49 119
vn 0 1 0
f 18745//4687 18746//4687 18747//4687 18748//4687
v 97 48 119
v 98 48 119
v 98 48 120
v 97 48 120
vn 0 -1 0
f 18749//4688 18750//4688 18751//4688 18752//4688
v 97 49 121
v 98 49 121
v 98 49 120
v 97 49 120
vn 0 1 0
f 18753//4689 18754//4689 18755//4689 18756//4689
v 97 48 120
v 98 48 120
v 98 48 121
v 97 48 121
vn 0 -1 0
f 18757//4690 18758//4690 18759//4690 18760//4690
v 97 49 122
v 98 49 122
v 98 49 121
v 97 49 121
vn 0 1 0
f 18761//4691 18762//4691 18763//4691 18764//4691
v 97 48 121
v 98 48 121
v 98 48 122
v 97 48 122
vn 0 -1 0
f 18765//4692 18766//4692 18767//4692 18768//4692
v 98 49 123
v 97 49 123
v 97 48 123
v 98 48 123
vn 0 0 1
f 18769//4693 18770//4693 18771//4693 18772//4693
v 97 49 123
v 98 49 123
v 98 49 122
v 97 49 122
vn 0 1 0
f 18773//4694 18774//4694 18775//4694 18776//4694
v 97 48 122
v 98 48 122
v 98 48 123
v 97 48 123
vn 0 -1 0
f 18777//4695 18778//4695 18779//4695 18780//4695
v 98 49 110
v 99 49 110
v 99 48 110
v 98 48 110
vn 0 0 -1
f 18781//4696 18782//4696 18783//4696 18784//4696
v 98 49 111
v 99 49 111
v 99 49 110
v 98 49 110
vn 0 1 0
f 18785//4697 18786//4697 18787//4697 18788//4697
v 98 48 110
v 99 48 110
v 99 48 111
v 98 48 111
vn 0 -1 0
f 18789//4698 18790//4698 18791//4698 18792//4698
v 98 49 112
v 99 49 112
v 99 49 111
v 98 49 111
vn 0 1 0
f 18793//4699 18794//4699 18795//4699 18796//4699
v 98 48 111
v 99 48 111
v 99 48 112
v 98 48 112
vn 0 -1 0
f 18797//4700 18798//4700 18799//4700 18800//4700
v 98 49 113
v 99 49 113
v 99 49 112
v 98 49 112
vn 0 1 0
f 18801//4701 18802//4701 18803//4701 18804//4701
v 98 48 112
v 99 48 112
v 99 48 113
v 98 48 113
vn 0 -1 0
f 18805//4702 18806//4702 18807//4702 18808//4702
v 98 49 114
v 99 49 114
v 99 49 113
v 98 49 113
vn 0 1 0
f 18809//4703 18810//4703 18811//4703 18812//4703
v 98 48 113
v 99 48 113
v 99 48 114
v 98 48 114
vn 0 -1 0
f 18813//4704 18814//4704 18815//4704 18816//4704
v 98 49 115
v 99 49 115
v 99 49 114
v 98 49 114
vn 0 1 0
f 18817//4705 18818//4705 18819//4705 18820//4705
v 98 48 114
v 99 48 114
v 99 48 115
v 98 48 115
vn 0 -1 0
f 18821//4706 18822//4706 18823//4706 18824//4706
v 98 49 116
v 99 49 116
v 99 49 115
v 98 49 115
vn 0 1 0
f 18825//4707 18826//4707 18827//4707 18828//4707
v 98 48 115
v 99 48 115
v 99 48 116
v 98 48 116
vn 0 -1 0
f 18829//4708 18830//4708 18831//4708 18832//4708
v 98 49 117
v 99 49 117
v 99 49 116
v 98 49 116
vn 0 1 0
f 18833//4709 18834//4709 18835//4709 18836//4709
v 98 48 116
v 99 48 116
v 99 48 117
v 98 48 117
vn 0 -1 0
f 18837//4710 18838//4710 18839//4710 18840//4710
v 98 49 118
v 99 49 118
v 99 49 117
v 98 49 117
vn 0 1 0
f 18841//4711 18842//4711 18843//4711 18844//4711
v 98 48 117
v 99 48 117
v 99 48 118
v 98 48 118
vn 0 -1 0
f 18845//4712 18846//4712 18847//4712 18848//4712
v 98 49 119
v 99 49 119
v 99 49 118
v 98 49 118
vn 0 1 0
f 18849//4713 18850//4713 18851//4713 18852//4713
v 98 48 118
v 99 48 118
v 99 48 119
v 98 48 119
vn 0 -1 0
f 18853//4714 18854//4714 18855//4714 18856//4714
v 98 49 120
v 99 49 120
v 99 49 119
v 98 49 119
vn 0 1 0
f 18857//4715 18858//4715 18859//4715 18860//4715
v 98 48 119
v 99 48 119
v 99 48 120
v 98 48 120
vn 0 -1 0
f 18861//4716 18862//4716 18863//4716 18864//4716
v 98 49 121
v 99 49 121
v 99 49 120
v 98 49 120
vn 0 1 0
f 18865//4717 18866//4717 18867//4717 18868//4717
v 98 48 120
v 99 48 120
v 99 48 121
v 98 48 121
vn 0 -1 0
f 18869//4718 18870//4718 18871//4718 18872//4718
v 98 49 122
v 99 49 122
v 99 49 121
v 98 49 121
vn 0 1 0
f 18873//4719 18874//4719 18875//4719 18876//4719
v 98 48 121
v 99 48 121
v 99 48 122
v 98 48 122
vn 0 -1 0
f 18877//4720 18878//4720 18879//4720 18880//4720
v 99 49 123
v 98 49 123
v 98 48 123
v 99 48 123
vn 0 0 1
f 18881//4721 18882//4721 18883//4721 18884//4721
v 98 49 123
v 99 49 123
v 99 49 122
v 98 49 122
vn 0 1 0
f 18885//4722 18886//4722 18887//4722 18888//4722
v 98 48 122
v 99 48 122
v 99 48 123
v 98 48 123
vn 0 -1 0
f 18889//4723 18890//4723 18891//4723 18892//4723
v 99 49 110
v 100 49 110
v 100 48 110
v 99 48 110
vn 0 0 -1
f 18893//4724 18894//4724 18895//4724 18896//4724
v 99 49 111
v 100 49 111
v 100 49 110
v 99 49 110
vn 0 1 0
f 18897//4725 18898//4725 18899//4725 18900//4725
v 99 48 110
v 100 48 110
v 100 48 111
v 99 48 111
vn 0 -1 0
f 18901//4726 18902//4726 18903//4726 18904//4726
v 99 49 112
v 100 49 112
v 100 49 111
v 99 49 111
vn 0 1 0
f 18905//4727 18906//4727 18907//4727 18908//4727
v 99 48 111
v 100 48 111
v 100 48 112
v 99 48 112
vn 0 -1 0
f 18909//4728 18910//4728 18911//4728 18912//4728
v 99 49 113
v 100 49 113
v 100 49 112
v 99 49 112
vn 0 1 0
f 18913//4729 18914//4729 18915//4729 18916//4729
v 99 48 112
v 100 48 112
v 100 48 113
v 99 48 113
vn 0 -1 0
f 18917//4730 18918//4730 18919//4730 18920//4730
v 99 49 114
v 100 49 114
v 100 49 113
v 99 49 113
vn 0 1 0
f 18921//4731 18922//4731 18923//4731 18924//4731
v 99 48 113
v 100 48 113
v 100 48 114
v 99 48 114
vn 0 -1 0
f 18925//4732 18926//4732 18927//4732 18928//4732
v 99 49 115
v 100 49 115
v 100 49 114
v 99 49 114
vn 0 1 0
f 18929//4733 18930//4733 18931//4733 18932//4733
v 99 48 114
v 100 48 114
v 100 48 115
v 99 48 115
vn 0 -1 0
f 18933//4734 18934//4734 18935//4734 18936//4734
v 99 49 116
v 100 49 116
v 100 49 115
v 99 49 115
vn 0 1 0
f 18937//4735 18938//4735 18939//4735 18940//4735
v 99 48 115
v 100 48 115
v 100 48 116
v 99 48 116
vn 0 -1 0
f 18941//4736 18942//4736 18943//4736 18944//4736
v 99 49 117
v 100 49 117
v 100 49 116
v 99 49 116
vn 0 1 0
f 18945//4737 18946//4737 18947//4737 18948//4737
v 99 48 116
v 100 48 116
v 100 48 117
v 99 48 117
vn 0 -1 0
f 18949//4738 18950//4738 18951//4738 18952//4738
v 99 49 118
v 100 49 118
v 100 49 117
v 99 49 117
vn 0 1 0
f 18953//4739 18954//4739 18955//4739 18956//4739
v 99 48 117
v 100 48 117
v 100 48 118
v 99 48 118
vn 0 -1 0
f 18957//4740 18958//4740 18959//4740 18960//4740
v 99 49 119
v 100 49 119
v 100 49 118
v 99 49 118
vn 0 1 0
f 18961//4741 18962//4741 18963//4741 18964//4741
v 99 48 118
v 100 48 118
v 100 48 119
v 99 48 119
vn 0 -1 0
f 18965//4742 18966//4742 18967//4742 18968//4742
v 99 49 120
v 100 49 120
v 100 49 119
v 99 49 119
vn 0 1 0
f 18969//4743 18970//4743 18971//4743 18972//4743
v 99 48 119
v 100 48 119
v 100 48 120
v 99 48 120
vn 0 -1 0
f 18973//4744 18974//4744 18975//4744 18976//4744
v 99 49 121
v 100 49 121
v 100 49 120
v 99 49 120
vn 0 1 0
f 18977//4745 18978//4745 18979//4745 18980//4745
v 99 48 120
v 100 48 120
v 100 48 121
v 99 48 121
vn 0 -1 0
f 18981//4746 18982//4746 18983//4746 18984//4746
v 99 49 122
v 100 49 122
v 100 49 121
v 99 49 121
vn 0 1 0
f 18985//4747 18986//4747 18987//4747 18988//4747
v 99 48 121
v 100 48 121
v 100 48 122
v 99 48 122
vn 0 -1 0
f 18989//4748 18990//4748 18991//4748 18992//4748
v 100 49 123
v 99 49 123
v 99 48 123
v 100 48 123
vn 0 0 1
f 18993//4749 18994//4749 18995//4749 18996//4749
v 99 49 123
v 100 49 123
v 100 49 122
v 99 49 122
vn 0 1 0
f 18997//4750 18998//4750 18999//4750 19000//4750
v 99 48 122
v 100 48 122
v 100 48 123
v 99 48 123
vn 0 -1 0
f 19001//4751 19002//4751 19003//4751 19004//4751
v 100 49 110
v 101 49 110
v 101 48 110
v 100 48 110
vn 0 0 -1
f 19005//4752 19006//4752 19007//4752 19008//4752
v 100 49 111
v 101 49 111
v 101 49 110
v 100 49 110
vn 0 1 0
f 19009//4753 19010//4753 19011//4753 19012//4753
v 100 48 110
v 101 48 110
v 101 48 111
v 100 48 111
vn 0 -1 0
f 19013//4754 19014//4754 19015//4754 19016//4754
v 100 49 112
v 101 49 112
v 101 49 111
v 100 49 111
vn 0 1 0
f 19017//4755 19018//4755 19019//4755 19020//4755
v 100 48 111
v 101 48 111
v 101 48 112
v 100 48 112
vn 0 -1 0
f 19021//4756 19022//4756 19023//4756 19024//4756
v 100 49 113
v 101 49 113
v 101 49 112
v 100 49 112
vn 0 1 0
f 19025//4757 19026//4757 19027//4757 19028//4757
v 100 48 112
v 101 48 112
v 101 48 113
v 100 48 113
vn 0 -1 0
f 19029//4758 19030//4758 19031//4758 19032//4758
v 100 49 114
v 101 49 114
v 101 49 113
v 100 49 113
vn 0 1 0
f 19033//4759 19034//4759 19035//4759 19036//4759
v 100 48 113
v 101 48 113
v 101 48 114
v 100 48 114
vn 0 -1 0
f 19037//4760 19038//4760 19039//4760 19040//4760
v 100 49 115
v 101 49 115
v 101 49 114
v 100 49 114
vn 0 1 0
f 19041//4761 19042//4761 19043//4761 19044//4761
v 100 48 114
v 101 48 114
v 101 48 115
v 100 48 115
vn 0 -1 0
f 19045//4762 19046//4762 19047//4762 19048//4762
v 100 49 116
v 101 49 116
v 101 49 115
v 100 49 115
vn 0 1 0
f 19049//4763 19050//4763 19051//4763 19052//4763
v 100 48 115
v 101 48 115
v 101 48 116
v 100 48 116
vn 0 -1 0
f 19053//4764 19054//4764 19055//4764 19056//4764
v 100 49 117
v 101 49 117
v 101 49 116
v 100 49 116
vn 0 1 0
f 19057//4765 19058//4765 19059//4765 19060//4765
v 100 48 116
v 101 48 116
v 101 48 117
v 100 48 117
vn 0 -1 0
f 19061//4766 19062//4766 19063//4766 19064//4766
v 100 49 118
v 101 49 118
v 101 49 117
v 100 49 117
vn 0 1 0
f 19065//4767 19066//4767 19067//4767 19068//4767
v 100 48 117
v 101 48 117
v 101 48 118
v 100 48 118
vn 0 -1 0
f 19069//4768 19070//4768 19071//4768 19072//4768
v 100 49 119
v 101 49 119
v 101 49 118
v 100 49 118
vn 0 1 0
f 19073//4769 19074//4769 19075//4769 19076//4769
v 100 48 118
v 101 48 118
v 101 48 119
v 100 48 119
vn 0 -1 0
f 19077//4770 19078//4770 19079//4770 19080//4770
v 100 49 120
v 101 49 120
v 101 49 119
v 100 49 119
vn 0 1 0
f 19081//4771 19082//4771 19083//4771 19084//4771
v 100 48 119
v 101 48 119
v 101 48 120
v 100 48 120
vn 0 -1 0
f 19085//4772 19086//4772 19087//4772 19088//4772
v 100 49 121
v 101 49 121
v 101 49 120
v 100 49 120
vn 0 1 0
f 19089//4773 19090//4773 19091//4773 19092//4773
v 100 48 120
v 101 48 120
v 101 48 121
v 100 48 121
vn 0 -1 0
f 19093//4774 19094//4774 19095//4774 19096//4774
v 100 49 122
v 101 49 122
v 101 49 121
v 100 49 121
vn 0 1 0
f 19097//4775 19098//4775 19099//4775 19100//4775
v 100 48 121
v 101 48 121
v 101 48 122
v 100 48 122
vn 0 -1 0
f 19101//4776 19102//4776 19103//4776 19104//4776
v 101 49 123
v 100 49 123
v 100 48 123
v 101 48 123
vn 0 0 1
f 19105//4777 19106//4777 19107//4777 19108//4777
v 100 49 123
v 101 49 123
v 101 49 122
v 100 49 122
vn 0 1 0
f 19109//4778 19110//4778 19111//4778 19112//4778
v 100 48 122
v 101 48 122
v 101 48 123
v 100 48 123
vn 0 -1 0
f 19113//4779 19114//4779 19115//4779 19116//4779
v 101 49 110
v 102 49 110
v 102 48 110
v 101 48 110
vn 0 0 -1
f 19117//4780 19118//4780 19119//4780 19120//4780
v 101 49 111
v 102 49 111
v 102 49 110
v 101 49 110
vn 0 1 0
f 19121//4781 19122//4781 19123//4781 19124//4781
v 101 48 110
v 102 48 110
v 102 48 111
v 101 48 111
vn 0 -1 0
f 19125//4782 19126//4782 19127//4782 19128//4782
v 101 49 112
v 102 49 112
v 102 49 111
v 101 49 111
vn 0 1 0
f 19129//4783 19130//4783 19131//4783 19132//4783
v 101 48 111
v 102 48 111
v 102 48 112
v 101 48 112
vn 0 -1 0
f 19133//4784 19134//4784 19135//4784 19136//4784
v 101 49 113
v 102 49 113
v 102 49 112
v 101 49 112
vn 0 1 0
f 19137//4785 19138//4785 19139//4785 19140//4785
v 101 48 112
v 102 48 112
v 102 48 113
v 101 48 113
vn 0 -1 0
f 19141//4786 19142//4786 19143//4786 19144//4786
v 101 49 114
v 102 49 114
v 102 49 113
v 101 49 113
vn 0 1 0
f 19145//4787 19146//4787 19147//4787 19148//4787
v 101 48 113
v 102 48 113
v 102 48 114
v 101 48 114
vn 0 -1 0
f 19149//4788 19150//4788 19151//4788 19152//4788
v 101 49 115
v 102 49 115
v 102 49 114
v 101 49 114
vn 0 1 0
f 19153//4789 19154//4789 19155//4789 19156//4789
v 101 48 114
v 102 48 114
v 102 48 115
v 101 48 115
vn 0 -1 0
f 19157//4790 19158//4790 19159//4790 19160//4790
v 101 49 116
v 102 49 116
v 102 49 115
v 101 49 115
vn 0 1 0
f 19161//4791 19162//4791 19163//4791 19164//4791
v 101 48 115
v 102 48 115
v 102 48 116
v 101 48 116
vn 0 -1 0
f 19165//4792 19166//4792 19167//4792 19168//4792
v 101 49 117
v 102 49 117
v 102 49 116
v 101 49 116
vn 0 1 0
f 19169//4793 19170//4793 19171//4793 19172//4793
v 101 48 116
v 102 48 116
v 102 48 117
v 101 48 117
vn 0 -1 0
f 19173//4794 19174//4794 19175//4794 19176//4794
v 101 49 118
v 102 49 118
v 102 49 117
v 101 49 117
vn 0 1 0
f 19177//4795 19178//4795 19179//4795 19180//4795
v 101 48 117
v 102 48 117
v 102 48 118
v 101 48 118
vn 0 -1 0
f 19181//4796 19182//4796 19183//4796 19184//4796
v 101 49 119
v 102 49 119
v 102 49 118
v 101 49 118
vn 0 1 0
f 19185//4797 19186//4797 19187//4797 19188//4797
v 101 48 118
v 102 48 118
v 102 48 119
v 101 48 119
vn 0 -1 0
f 19189//4798 19190//4798 19191//4798 19192//4798
v 101 49 120
v 102 49 120
v 102 49 119
v 101 49 119
vn 0 1 0
f 19193//4799 19194//4799 19195//4799 19196//4799
v 101 48 119
v 102 48 119
v 102 48 120
v 101 48 120
vn 0 -1 0
f 19197//4800 19198//4800 19199//4800 19200//4800
v 101 49 121
v 102 49 121
v 102 49 120
v 101 49 120
vn 0 1 0
f 19201//4801 19202//4801 19203//4801 19204//4801
v 101 48 120
v 102 48 120
v 102 48 121
v 101 48 121
vn 0 -1 0
f 19205//4802 19206//4802 19207//4802 19208//4802
v 101 49 122
v 102 49 122
v 102 49 121
v 101 49 121
vn 0 1 0
f 19209//4803 19210//4803 19211//4803 19212//4803
v 101 48 121
v 102 48 121
v 102 48 122
v 101 48 122
vn 0 -1 0
f 19213//4804 19214//4804 19215//4804 19216//4804
v 102 49 123
v 101 49 123
v 101 48 123
v 102 48 123
vn 0 0 1
f 19217//4805 19218//4805 19219//4805 19220//4805
v 101 49 123
v 102 49 123
v 102 49 122
v 101 49 122
vn 0 1 0
f 19221//4806 19222//4806 19223//4806 19224//4806
v 101 48 122
v 102 48 122
v 102 48 123
v 101 48 123
vn 0 -1 0
f 19225//4807 19226//4807 19227//4807 19228//4807
v 102 49 110
v 103 49 110
v 103 48 110
v 102 48 110
vn 0 0 -1
f 19229//4808 19230//4808 19231//4808 19232//4808
v 102 49 111
v 103 49 111
v 103 49 110
v 102 49 110
vn 0 1 0
f 19233//4809 19234//4809 19235//4809 19236//4809
v 102 48 110
v 103 48 110
v 103 48 111
v 102 48 111
vn 0 -1 0
f 19237//4810 19238//4810 19239//4810 19240//4810
v 102 49 112
v 103 49 112
v 103 49 111
v 102 49 111
vn 0 1 0
f 19241//4811 19242//4811 19243//4811 19244//4811
v 102 48 111
v 103 48 111
v 103 48 112
v 102 48 112
vn 0 -1 0
f 19245//4812 19246//4812 19247//4812 19248//4812
v 102 49 113
v 103 49 113
v 103 49 112
v 102 49 112
vn 0 1 0
f 19249//4813 19250//4813 19251//4813 19252//4813
v 102 48 112
v 103 48 112
v 103 48 113
v 102 48 113
vn 0 -1 0
f 19253//4814 19254//4814 19255//4814 19256//4814
v 102 49 114
v 103 49 114
v 103 49 113
v 102 49 113
vn 0 1 0
f 19257//4815 19258//4815 19259//4815 19260//4815
v 102 48 113
v 103 48 113
v 103 48 114
v 102 48 114
vn 0 -1 0
f 19261//4816 19262//4816 19263//4816 19264//4816
v 102 49 115
v 103 49 115
v 103 49 114
v 102 49 114
vn 0 1 0
f 19265//4817 19266//4817 19267//4817 19268//4817
v 102 48 114
v 103 48 114
v 103 48 115
v 102 48 115
vn 0 -1 0
f 19269//4818 19270//4818 19271//4818 19272//4818
v 102 49 116
v 103 49 116
v 103 49 115
v 102 49 115
vn 0 1 0
f 19273//4819 19274//4819 19275//4819 19276//4819
v 102 48 115
v 103 48 115
v 103 48 116
v 102 48 116
vn 0 -1 0
f 19277//4820 19278//4820 19279//4820 19280//4820
v 102 49 117
v 103 49 117
v 103 49 116
v 102 49 116
vn 0 1 0
f 19281//4821 19282//4821 19283//4821 19284//4821
v 102 48 116
v 103 48 116
v 103 48 117
v 102 48 117
vn 0 -1 0
f 19285//4822 19286//4822 19287//4822 19288//4822
v 102 49 118
v 103 49 118
v 103 49 117
v 102 49 117
vn 0 1 0
f 19289//4823 19290//4823 19291//4823 19292//4823
v 102 48 117
v 103 48 117
v 103 48 118
v 102 48 118
vn 0 -1 0
f 19293//4824 19294//4824 19295//4824 19296//4824
v 102 49 119
v 103 49 119
v 103 49 118
v 102 49 118
vn 0 1 0
f 19297//4825 19298//4825 19299//4825 19300//4825
v 102 48 118
v 103 48 118
v 103 48 119
v 102 48 119
vn 0 -1 0
f 19301//4826 19302//4826 19303//4826 19304//4826
v 102 49 120
v 103 49 120
v 103 49 119
v 102 49 119
vn 0 1 0
f 19305//4827 19306//4827 19307//4827 19308//4827
v 102 48 119
v 103 48 119
v 103 48 120
v 102 48 120
vn 0 -1 0
f 19309//4828 19310//4828 19311//4828 19312//4828
v 102 49 121
v 103 49 121
v 103 49 120
v 102 49 120
vn 0 1 0
f 19313//4829 19314//4829 19315//4829 19316//4829
v 102 48 120
v 103 48 120
v 103 48 121
v 102 48 121
vn 0 -1 0
f 19317//4830 19318//4830 19319//4830 19320//4830
v 102 49 122
v 103 49 122
v 103 49 121
v 102 49 121
vn 0 1 0
f 19321//4831 19322//4831 19323//4831 19324//4831
v 102 48 121
v 103 48 121
v 103 48 122
v 102 48 122
vn 0 -1 0
f 19325//4832 19326//4832 19327//4832 19328//4832
v 103 49 123
v 102 49 123
v 102 48 123
v 103 48 123
vn 0 0 1
f 19329//4833 19330//4833 19331//4833 19332//4833
v 102 49 123
v 103 49 123
v 103 49 122
v 102 49 122
vn 0 1 0
f 19333//4834 19334//4834 19335//4834 19336//4834
v 102 48 122
v 103 48 122
v 103 48 123
v 102 48 123
vn 0 -1 0
f 19337//4835 19338//4835 19339//4835 19340//4835
v 103 49 110
v 104 49 110
v 104 48 110
v 103 48 110
vn 0 0 -1
f 19341//4836 19342//4836 19343//4836 19344//4836
v 103 49 111
v 104 49 111
v 104 49 110
v 103 49 110
vn 0 1 0
f 19345//4837 19346//4837 19347//4837 19348//4837
v 103 48 110
v 104 48 110
v 104 48 111
v 103 48 111
vn 0 -1 0
f 19349//4838 19350//4838 19351//4838 19352//4838
v 103 49 112
v 104 49 112
v 104 49 111
v 103 49 111
vn 0 1 0
f 19353//4839 19354//4839 19355//4839 19356//4839
v 103 48 111
v 104 48 111
v 104 48 112
v 103 48 112
vn 0 -1 0
f 19357//4840 19358//4840 19359//4840 19360//4840
v 103 49 113
v 104 49 113
v 104 49 112
v 103 49 112
vn 0 1 0
f 19361//4841 19362//4841 19363//4841 19364//4841
v 103 48 112
v 104 48 112
v 104 48 113
v 103 48 113
vn 0 -1 0
f 19365//4842 19366//4842 19367//4842 19368//4842
v 103 49 114
v 104 49 114
v 104 49 113
v 103 49 113
vn 0 1 0
f 19369//4843 19370//4843 19371//4843 19372//4843
v 103 48 113
v 104 48 113
v 104 48 114
v 103 48 114
vn 0 -1 0
f 19373//4844 19374//4844 19375//4844 19376//4844
v 103 49 115
v 104 49 115
v 104 49 114
v 103 49 114
vn 0 1 0
f 19377//4845 19378//4845 19379//4845 19380//4845
v 103 48 114
v 104 48 114
v 104 48 115
v 103 48 115
vn 0 -1 0
f 19381//4846 19382//4846 19383//4846 19384//4846
v 103 49 116
v 104 49 116
v 104 49 115
v 103 49 115
vn 0 1 0
f 19385//4847 19386//4847 19387//4847 19388//4847
v 103 48 115
v 104 48 115
v 104 48 116
v 103 48 116
vn 0 -1 0
f 19389//4848 19390//4848 19391//4848 19392//4848
v 103 49 117
v 104 49 117
v 104 49 116
v 103 49 116
vn 0 1 0
f 19393//4849 19394//4849 19395//4849 19396//4849
v 103 48 116
v 104 48 116
v 104 48 117
v 103 48 117
vn 0 -1 0
f 19397//4850 19398//4850 19399//4850 19400//4850
v 103 49 118
v 104 49 118
v 104 49 117
v 103 49 117
vn 0 1 0
f 19401//4851 19402//4851 19403//4851 19404//4851
v 103 48 117
v 104 48 117
v 104 48 118
v 103 48 118
vn 0 -1 0
f 19405//4852 19406//4852 19407//4852 19408//4852
v 103 49 119
v 104 49 119
v 104 49 118
v 103 49 118
vn 0 1 0
f 19409//4853 19410//4853 19411//4853 19412//4853
v 103 48 118
v 104 48 118
v 104 48 119
v 103 48 119
vn 0 -1 0
f 19413//4854 19414//4854 19415//4854 19416//4854
v 103 49 120
v 104 49 120
v 104 49 119
v 103 49 119
vn 0 1 0
f 19417//4855 19418//4855 19419//4855 19420//4855
v 103 48 119
v 104 48 119
v 104 48 120
v 103 48 120
vn 0 -1 0
f 19421//4856 19422//4856 19423//4856 19424//4856
v 103 49 121
v 104 49 121
v 104 49 120
v 103 49 120
vn 0 1 0
f 19425//4857 19426//4857 19427//4857 19428//4857
v 103 48 120
v 104 48 120
v 104 48 121
v 103 48 121
vn 0 -1 0
f 19429//4858 19430//4858 19431//4858 19432//4858
v 103 49 122
v 104 49 122
v 104 49 121
v 103 49 121
vn 0 1 0
f 19433//4859 19434//4859 19435//4859 19436//4859
v 103 48 121
v 104 48 121
v 104 48 122
v 103 48 122
vn 0 -1 0
f 19437//4860 19438//4860 19439//4860 19440//4860
v 104 49 123
v 103 49 123
v 103 48 123
v 104 48 123
vn 0 0 1
f 19441//4861 19442//4861 19443//4861 19444//4861
v 103 49 123
v 104 49 123
v 104 49 122
v 103 49 122
vn 0 1 0
f 19445//4862 19446//4862 19447//4862 19448//4862
v 103 48 122
v 104 48 122
v 104 48 123
v 103 48 123
vn 0 -1 0
f 19449//4863 19450//4863 19451//4863 19452//4863
v 105 49 110
v 105 49 111
v 105 48 111
v 105 48 110
vn 1 0 0
f 19453//4864 19454//4864 19455//4864 19456//4864
v 104 49 110
v 105 49 110
v 105 48 110
v 104 48 110
vn 0 0 -1
f 19457//4865 19458//4865 19459//4865 19460//4865
v 104 49 111
v 105 49 111
v 105 49 110
v 104 49 110
vn 0 1 0
f 19461//4866 19462//4866 19463//4866 19464//4866
v 104 48 110
v 105 48 110
v 105 48 111
v 104 48 111
vn 0 -1 0
f 19465//4867 19466//4867 19467//4867 19468//4867
v 105 49 111
v 105 49 112
v 105 48 112
v 105 48 111
vn 1 0 0
f 19469//4868 19470//4868 19471//4868 19472//4868
v 104 49 112
v 105 49 112
v 105 49 111
v 104 49 111
vn 0 1 0
f 19473//4869 19474//4869 19475//4869 19476//4869
v 104 48 111
v 105 48 111
v 105 48 112
v 104 48 112
vn 0 -1 0
f 19477//4870 19478//4870 19479//4870 19480//4870
v 105 49 112
v 105 49 113
v 105 48 113
v 105 48 112
vn 1 0 0
f 19481//4871 19482//4871 19483//4871 19484//4871
v 104 49 113
v 105 49 113
v 105 49 112
v 104 49 112
vn 0 1 0
f 19485//4872 19486//4872 19487//4872 19488//4872
v 104 48 112
v 105 48 112
v 105 48 113
v 104 48 113
vn 0 -1 0
f 19489//4873 19490//4873 19491//4873 19492//4873
v 105 49 113
v 105 49 114
v 105 48 114
v 105 48 113
vn 1 0 0
f 19493//4874 19494//4874 19495//4874 19496//4874
v 104 49 114
v 105 49 114
v 105 49 113
v 104 49 113
vn 0 1 0
f 19497//4875 19498//4875 19499//4875 19500//4875
v 104 48 113
v 105 48 113
v 105 48 114
v 104 48 114
vn 0 -1 0
f 19501//4876 19502//4876 19503//4876 19504//4876
v 105 49 114
v 105 49 115
v 105 48 115
v 105 48 114
vn 1 0 0
f 19505//4877 19506//4877 19507//4877 19508//4877
v 104 49 115
v 105 49 115
v 105 49 114
v 104 49 114
vn 0 1 0
f 19509//4878 19510//4878 19511//4878 19512//4878
v 104 48 114
v 105 48 114
v 105 48 115
v 104 48 115
vn 0 -1 0
f 19513//4879 19514//4879 19515//4879 19516//4879
v 105 49 115
v 105 49 116
v 105 48 116
v 105 48 115
vn 1 0 0
f 19517//4880 19518//4880 19519//4880 19520//4880
v 104 49 116
v 105 49 116
v 105 49 115
v 104 49 115
vn 0 1 0
f 19521//4881 19522//4881 19523//4881 19524//4881
v 104 48 115
v 105 48 115
v 105 48 116
v 104 48 116
vn 0 -1 0
f 19525//4882 19526//4882 19527//4882 19528//4882
v 105 49 116
v 105 49 117
v 105 48 117
v 105 48 116
vn 1 0 0
f 19529//4883 19530//4883 19531//4883 19532//4883
v 104 49 117
v 105 49 117
v 105 49 116
v 104 49 116
vn 0 1 0
f 19533//4884 19534//4884 19535//4884 19536//4884
v 104 48 116
v 105 48 116
v 105 48 117
v 104 48 117
vn 0 -1 0
f 19537//4885 19538//4885 19539//4885 19540//4885
v 105 49 117
v 105 49 118
v 105 48 118
v 105 48 117
vn 1 0 0
f 19541//4886 19542//4886 19543//4886 19544//4886
v 104 49 118
v 105 49 118
v 105 49 117
v 104 49 117
vn 0 1 0
f 19545//4887 19546//4887 19547//4887 19548//4887
v 104 48 117
v 105 48 117
v 105 48 118
v 104 48 118
vn 0 -1 0
f 19549//4888 19550//4888 19551//4888 19552//4888
v 105 49 118
v 105 49 119
v 105 48 119
v 105 48 118
vn 1 0 0
f 19553//4889 19554//4889 19555//4889 19556//4889
v 104 49 119
v 105 49 119
v 105 49 118
v 104 49 118
vn 0 1 0
f 19557//4890 19558//4890 19559//4890 19560//4890
v 104 48 118
v 105 48 118
v 105 48 119
v 104 48 119
vn 0 -1 0
f 19561//4891 19562//4891 19563//4891 19564//4891
v 105 49 119
v 105 49 120
v 105 48 120
v 105 48 119
vn 1 0 0
f 19565//4892 19566//4892 19567//4892 19568//4892
v 104 49 120
v 105 49 120
v 105 49 119
v 104 49 119
vn 0 1 0
f 19569//4893 19570//4893 19571//4893 19572//4893
v 104 48 119
v 105 48 119
v 105 48 120
v 104 48 120
vn 0 -1 0
f 19573//4894 19574//4894 19575//4894 19576//4894
v 105 49 120
v 105 49 121
v 105 48 121
v 105 48 120
vn 1 0 0
f 19577//4895 19578//4895 19579//4895 19580//4895
v 104 49 121
v 105 49 121
v 105 49 120
v 104 49 120
vn 0 1 0
f 19581//4896 19582//4896 19583//4896 19584//4896
v 104 48 120
v 105 48 120
v 105 48 121
v 104 48 121
vn 0 -1 0
f 19585//4897 19586//4897 19587//4897 19588//4897
v 105 49 121
v 105 49 122
v 105 48 122
v 105 48 121
vn 1 0 0
f 19589//4898 19590//4898 19591//4898 19592//4898
v 104 49 122
v 105 49 122
v 105 49 121
v 104 49 121
vn 0 1 0
f 19593//4899 19594//4899 19595//4899 19596//4899
v 104 48 121
v 105 48 121
v 105 48 122
v 104 48 122
vn 0 -1 0
f 19597//4900 19598//4900 19599//4900 19600//4900
v 105 49 122
v 105 49 123
v 105 48 123
v 105 48 122
vn 1 0 0
f 19601//4901 19602//4901 19603//4901 19604//4901
v 105 49 123
v 104 49 123
v 104 48 123
v 105 48 123
vn 0 0 1
f 19605//4902 19606//4902 19607//4902 19608//4902
v 104 49 123
v 105 49 123
v 105 49 122
v 104 49 122
vn 0 1 0
f 19609//4903 19610//4903 19611//4903 19612//4903
v 104 48 122
v 105 48 122
v 105 48 123
v 104 48 123
vn 0 -1 0
f 19613//4904 19614//4904 19615//4904 19616//4904
v 112 48 94
v 112 48 95
v 112 49 95
v 112 49 94
vn -1 0 0
f 19617//4905 19618//4905 19619//4905 19620//4905
v 112 49 94
v 113 49 94
v 113 48 94
v 112 48 94
vn 0 0 -1
f 19621//4906 19622//4906 19623//4906 19624//4906
v 112 49 95
v 113 49 95
v 113 49 94
v 112 49 94
vn 0 1 0
f 19625//4907 19626//4907 19627//4907 19628//4907
v 112 48 94
v 113 48 94
v 113 48 95
v 112 48 95
vn 0 -1 0
f 19629//4908 19630//4908 19631//4908 19632//4908
v 112 48 95
v 112 48 96
v 112 49 96
v 112 49 95
vn -1 0 0
f 19633//4909 19634//4909 19635//4909 19636//4909
v 112 49 96
v 113 49 96
v 113 49 95
v 112 49 95
vn 0 1 0
f 19637//4910 19638//4910 19639//4910 19640//4910
v 112 48 95
v 113 48 95
v 113 48 96
v 112 48 96
vn 0 -1 0
f 19641//4911 19642//4911 19643//4911 19644//4911
v 112 48 96
v 112 48 97
v 112 49 97
v 112 49 96
vn -1 0 0
f 19645//4912 19646//4912 19647//4912 19648//4912
v 112 49 97
v 113 49 97
v 113 49 96
v 112 49 96
vn 0 1 0
f 19649//4913 19650//4913 19651//4913 19652//4913
v 112 48 96
v 113 48 96
v 113 48 97
v 112 48 97
vn 0 -1 0
f 19653//4914 19654//4914 19655//4914 19656//4914
v 112 48 97
v 112 48 98
v 112 49 98
v 112 49 97
vn -1 0 0
f 19657//4915 19658//4915 19659//4915 19660//4915
v 112 49 98
v 113 49 98
v 113 49 97
v 112 49 97
vn 0 1 0
f 19661//4916 19662//4916 19663//4916 19664//4916
v 112 48 97
v 113 48 97
v 113 48 98
v 112 48 98
vn 0 -1 0
f 19665//4917 19666//4917 19667//4917 19668//4917
v 112 48 98
v 112 48 99
v 112 49 99
v 112 49 98
vn -1 0 0
f 19669//4918 19670//4918 19671//4918 19672//4918
v 112 49 99
v 113 49 99
v 113 49 98
v 112 49 98
vn 0 1 0
f 19673//4919 19674//4919 19675//4919 19676//4919
v 112 48 98
v 113 48 98
v 113 48 99
v 112 48 99
vn 0 -1 0
f 19677//4920 19678//4920 19679//4920 19680//4920
v 112 48 99
v 112 48 100
v 112 49 100
v 112 49 99
vn -1 0 0
f 19681//4921 19682//4921 19683//4921 19684//4921
v 112 49 100
v 113 49 100
v 113 49 99
v 112 49 99
vn 0 1 0
f 19685//4922 19686//4922 19687//4922 19688//4922
v 112 48 99
v 113 48 99
v 113 48 100
v 112 48 100
vn 0 -1 0
f 19689//4923 19690//4923 19691//4923 19692//4923
v 112 48 100
v 112 48 101
v 112 49 101
v 112 49 100
vn -1 0 0
f 19693//4924 19694//4924 19695//4924 19696//4924
v 112 49 101
v 113 49 101
v 113 49 100
v 112 49 100
vn 0 1 0
f 19697//4925 19698//4925 19699//4925 19700//4925
v 112 48 100
v 113 48 100
v 113 48 101
v 112 48 101
vn 0 -1 0
f 19701//4926 19702//4926 19703//4926 19704//4926
v 112 48 101
v 112 48 102
v 112 49 102
v 112 49 101
vn -1 0 0
f 19705//4927 19706//4927 19707//4927 19708//4927
v 112 49 102
v 113 49 102
v 113 49 101
v 112 49 101
vn 0 1 0
f 19709//4928 19710//4928 19711//4928 19712//4928
v 112 48 101
v 113 48 101
v 113 48 102
v 112 48 102
vn 0 -1 0
f 19713//4929 19714//4929 19715//4929 19716//4929
v 112 48 102
v 112 48 103
v 112 49 103
v 112 49 102
vn -1 0 0
f 19717//4930 19718//4930 19719//4930 19720//4930
v 112 49 103
v 113 49 103
v 113 49 102
v 112 49 102
vn 0 1 0
f 19721//4931 19722//4931 19723//4931 19724//4931
v 112 48 102
v 113 48 102
v 113 48 103
v 112 48 103
vn 0 -1 0
f 19725//4932 19726//4932 19727//4932 19728//4932
v 112 48 103
v 112 48 104
v 112 49 104
v 112 49 103
vn -1 0 0
f 19729//4933 19730//4933 19731//4933 19732//4933
v 112 49 104
v 113 49 104
v 113 49 103
v 112 49 103
vn 0 1 0
f 19733//4934 19734//4934 19735//4934 19736//4934
v 112 48 103
v 113 48 103
v 113 48 104
v 112 48 104
vn 0 -1 0
f 19737//4935 19738//4935 19739//4935 19740//4935
v 112 48 104
v 112 48 105
v 112 49 105
v 112 49 104
vn -1 0 0
f 19741//4936 19742//4936 19743//4936 19744//4936
v 113 49 105
v 112 49 105
v 112 48 105
v 113 48 105
vn 0 0 1
f 19745//4937 19746//4937 19747//4937 19748//4937
v 112 49 105
v 113 49 105
v 113 49 104
v 112 49 104
vn 0 1 0
f 19749//4938 19750//4938 19751//4938 19752//4938
v 113 49 94
v 114 49 94
v 114 48 94
v 113 48 94
vn 0 0 -1
f 19753//4939 19754//4939 19755//4939 19756//4939
v 113 49 95
v 114 49 95
v 114 49 94
v 113 49 94
vn 0 1 0
f 19757//4940 19758//4940 19759//4940 19760//4940
v 113 48 94
v 114 48 94
v 114 48 95
v 113 48 95
vn 0 -1 0
f 19761//4941 19762//4941 19763//4941 19764//4941
v 113 49 96
v 114 49 96
v 114 49 95
v 113 49 95
vn 0 1 0
f 19765//4942 19766//4942 19767//4942 19768//4942
v 113 48 95
v 114 48 95
v 114 48 96
v 113 48 96
vn 0 -1 0
f 19769//4943 19770//4943 19771//4943 19772//4943
v 113 49 97
v 114 49 97
v 114 49 96
v 113 49 96
vn 0 1 0
f 19773//4944 19774//4944 19775//4944 19776//4944
v 113 48 96
v 114 48 96
v 114 48 97
v 113 48 97
vn 0 -1 0
f 19777//4945 19778//4945 19779//4945 19780//4945
v 113 49 98
v 114 49 98
v 114 49 97
v 113 49 97
vn 0 1 0
f 19781//4946 19782//4946 19783//4946 19784//4946
v 113 48 97
v 114 48 97
v 114 48 98
v 113 48 98
vn 0 -1 0
f 19785//4947 19786//4947 19787//4947 19788//4947
v 113 49 99
v 114 49 99
v 114 49 98
v 113 49 98
vn 0 1 0
f 19789//4948 19790//4948 19791//4948 19792//4948
v 113 48 98
v 114 48 98
v 114 48 99
v 113 48 99
vn 0 -1 0
f 19793//4949 19794//4949 19795//4949 19796//4949
v 113 49 100
v 114 49 100
v 114 49 99
v 113 49 99
vn 0 1 0
f 19797//4950 19798//4950 19799//4950 19800//4950
v 113 48 99
v 114 48 99
v 114 48 100
v 113 48 100
vn 0 -1 0
f 19801//4951 19802//4951 19803//4951 19804//4951
v 113 49 101
v 114 49 101
v 114 49 100
v 113 49 100
vn 0 1 0
f 19805//4952 19806//4952 19807//4952 19808//4952
v 113 48 100
v 114 48 100
v 114 48 101
v 113 48 101
vn 0 -1 0
f 19809//4953 19810//4953 19811//4953 19812//4953
v 113 49 102
v 114 49 102
v 114 49 101
v 113 49 101
vn 0 1 0
f 19813//4954 19814//4954 19815//4954 19816//4954
v 113 48 101
v 114 48 101
v 114 48 102
v 113 48 102
vn 0 -1 0
f 19817//4955 19818//4955 19819//4955 19820//4955
v 113 49 103
v 114 49 103
v 114 49 102
v 113 49 102
vn 0 1 0
f 19821//4956 19822//4956 19823//4956 19824//4956
v 113 48 102
v 114 48 102
v 114 48 103
v 113 48 103
vn 0 -1 0
f 19825//4957 19826//4957 19827//4957 19828//4957
v 113 49 104
v 114 49 104
v 114 49 103
v 113 49 103
vn 0 1 0
f 19829//4958 19830//4958 19831//4958 19832//4958
v 113 48 103
v 114 48 103
v 114 48 104
v 113 48 104
vn 0 -1 0
f 19833//4959 19834//4959 19835//4959 19836//4959
v 114 49 105
v 113 49 105
v 113 48 105
v 114 48 105
vn 0 0 1
f 19837//4960 19838//4960 19839//4960 19840//4960
v 113 49 105
v 114 49 105
v 114 49 104
v 113 49 104
vn 0 1 0
f 19841//4961 19842//4961 19843//4961 19844//4961
v 114 49 94
v 115 49 94
v 115 48 94
v 114 48 94
vn 0 0 -1
f 19845//4962 19846//4962 19847//4962 19848//4962
v 114 49 95
v 115 49 95
v 115 49 94
v 114 49 94
vn 0 1 0
f 19849//4963 19850//4963 19851//4963 19852//4963
v 114 48 94
v 115 48 94
v 115 48 95
v 114 48 95
vn 0 -1 0
f 19853//4964 19854//4964 19855//4964 19856//4964
v 114 49 96
v 115 49 96
v 115 49 95
v 114 49 95
vn 0 1 0
f 19857//4965 19858//4965 19859//4965 19860//4965
v 114 48 95
v 115 48 95
v 115 48 96
v 114 48 96
vn 0 -1 0
f 19861//4966 19862//4966 19863//4966 19864//4966
v 114 49 97
v 115 49 97
v 115 49 96
v 114 49 96
vn 0 1 0
f 19865//4967 19866//4967 19867//4967 19868//4967
v 114 48 96
v 115 48 96
v 115 48 97
v 114 48 97
vn 0 -1 0
f 19869//4968 19870//4968 19871//4968 19872//4968
v 114 49 98
v 115 49 98
v 115 49 97
v 114 49 97
vn 0 1 0
f 19873//4969 19874//4969 19875//4969 19876//4969
v 114 48 97
v 115 48 97
v 115 48 98
v 114 48 98
vn 0 -1 0
f 19877//4970 19878//4970 19879//4970 19880//4970
v 114 49 99
v 115 49 99
v 115 49 98
v 114 49 98
vn 0 1 0
f 19881//4971 19882//4971 19883//4971 19884//4971
v 114 48 98
v 115 48 98
v 115 48 99
v 114 48 99
vn 0 -1 0
f 19885//4972 19886//4972 19887//4972 19888//4972
v 114 49 100
v 115 49 100
v 115 49 99
v 114 49 99
vn 0 1 0
f 19889//4973 19890//4973 19891//4973 19892//4973
v 114 48 99
v 115 48 99
v 115 48 100
v 114 48 100
vn 0 -1 0
f 19893//4974 19894//4974 19895//4974 19896//4974
v 114 49 101
v 115 49 101
v 115 49 100
v 114 49 100
vn 0 1 0
f 19897//4975 19898//4975 19899//4975 19900//4975
v 114 48 100
v 115 48 100
v 115 48 101
v 114 48 101
vn 0 -1 0
f 19901//4976 19902//4976 19903//4976 19904//4976
v 114 49 102
v 115 49 102
v 115 49 101
v 114 49 101
vn 0 1 0
f 19905//4977 19906//4977 19907//4977 19908//4977
v 114 48 101
v 115 48 101
v 115 48 102
v 114 48 102
vn 0 -1 0
f 19909//4978 19910//4978 19911//4978 19912//4978
v 114 49 103
v 115 49 103
v 115 49 102
v 114 49 102
vn 0 1 0
f 19913//4979 19914//4979 19915//4979 19916//4979
v 114 48 102
v 115 48 102
v 115 48 103
v 114 48 103
vn 0 -1 0
f 19917//4980 19918//4980 19919//4980 19920//4980
v 114 49 104
v 115 49 104
v 115 49 103
v 114 49 103
vn 0 1 0
f 19921//4981 19922//4981 19923//4981 19924//4981
v 114 48 103
v 115 48 103
v 115 48 104
v 114 48 104
vn 0 -1 0
f 19925//4982 19926//4982 19927//4982 19928//4982
v 115 49 105
v 114 49 105
v 114 48 105
v 115 48 105
vn 0 0 1
f 19929//4983 19930//4983 19931//4983 19932//4983
v 114 49 105
v 115 49 105
v 115 49 104
v 114 49 104
vn 0 1 0
f 19933//4984 19934//4984 19935//4984 19936//4984
v 115 49 94
v 116 49 94
v 116 48 94
v 115 48 94
vn 0 0 -1
f 19937//4985 19938//4985 19939//4985 19940//4985
v 115 49 95
v 116 49 95
v 116 49 94
v 115 49 94
vn 0 1 0
f 19941//4986 19942//4986 19943//4986 19944//4986
v 115 48 94
v 116 48 94
v 116 48 95
v 115 48 95
vn 0 -1 0
f 19945//4987 19946//4987 19947//4987 19948//4987
v 115 49 96
v 116 49 96
v 116 49 95
v 115 49 95
vn 0 1 0
f 19949//4988 19950//4988 19951//4988 19952//4988
v 115 48 95
v 116 48 95
v 116 48 96
v 115 48 96
vn 0 -1 0
f 19953//4989 19954//4989 19955//4989 19956//4989
v 115 49 97
v 116 49 97
v 116 49 96
v 115 49 96
vn 0 1 0
f 19957//4990 19958//4990 19959//4990 19960//4990
v 115 48 96
v 116 48 96
v 116 48 97
v 115 48 97
vn 0 -1 0
f 19961//4991 19962//4991 19963//4991 19964//4991
v 115 49 98
v 116 49 98
v 116 49 97
v 115 49 97
vn 0 1 0
f 19965//4992 19966//4992 19967//4992 19968//4992
v 115 48 97
v 116 48 97
v 116 48 98
v 115 48 98
vn 0 -1 0
f 19969//4993 19970//4993 19971//4993 19972//4993
v 115 49 99
v 116 49 99
v 116 49 98
v 115 49 98
vn 0 1 0
f 19973//4994 19974//4994 19975//4994 19976//4994
v 115 48 98
v 116 48 98
v 116 48 99
v 115 48 99
vn 0 -1 0
f 19977//4995 19978//4995 19979//4995 19980//4995
v 115 49 100
v 116 49 100
v 116 49 99
v 115 49 99
vn 0 1 0
f 19981//4996 19982//4996 19983//4996 19984//4996
v 115 48 99
v 116 48 99
v 116 48 100
v 115 48 100
vn 0 -1 0
f 19985//4997 19986//4997 19987//4997 19988//4997
v 115 49 101
v 116 49 101
v 116 49 100
v 115 49 100
vn 0 1 0
f 19989//4998 19990//4998 19991//4998 19992//4998
v 115 48 100
v 116 48 100
v 116 48 101
v 115 48 101
vn 0 -1 0
f 19993//4999 19994//4999 19995//4999 19996//4999
v 115 49 102
v 116 49 102
v 116 49 101
v 115 49 101
vn 0 1 0
f 19997//5000 19998//5000 19999//5000 20000//5000
v 115 48 101
v 116 48 101
v 116 48 102
v 115 48 102
vn 0 -1 0
f 20001//5001 20002//5001 20003//5001 20004//5001
v 115 49 103
v 116 49 103
v 116 49 102
v 115 49 102
vn 0 1 0
f 20005//5002 20006//5002 20007//5002 20008//5002
v 115 48 102
v 116 48 102
v 116 48 103
v 115 48 103
vn 0 -1 0
f 20009//5003 20010//5003 20011//5003 20012//5003
v 115 49 104
v 116 49 104
v 116 49 103
v 115 49 103
vn 0 1 0
f 20013//5004 20014//5004 20015//5004 20016//5004
v 115 48 103
v 116 48 103
v 116 48 104
v 115 48 104
vn 0 -1 0
f 20017//5005 20018//5005 20019//5005 20020//5005
v 116 49 105
v 115 49 105
v 115 48 105
v 116 48 105
vn 0 0 1
f 20021//5006 20022//5006 20023//5006 20024//5006
v 115 49 105
v 116 49 105
v 116 49 104
v 115 49 104
vn 0 1 0
f 20025//5007 20026//5007 20027//5007 20028//5007
v 116 49 94
v 117 49 94
v 117 48 94
v 116 48 94
vn 0 0 -1
f 20029//5008 20030//5008 20031//5008 20032//5008
v 116 49 95
v 117 49 95
v 117 49 94
v 116 49 94
vn 0 1 0
f 20033//5009 20034//5009 20035//5009 20036//5009
v 116 48 94
v 117 48 94
v 117 48 95
v 116 48 95
vn 0 -1 0
f 20037//5010 20038//5010 20039//5010 20040//5010
v 116 49 96
v 117 49 96
v 117 49 95
v 116 49 95
vn 0 1 0
f 20041//5011 20042//5011 20043//5011 20044//5011
v 116 48 95
v 117 48 95
v 117 48 96
v 116 48 96
vn 0 -1 0
f 20045//5012 20046//5012 20047//5012 20048//5012
v 116 49 97
v 117 49 97
v 117 49 96
v 116 49 96
vn 0 1 0
f 20049//5013 20050//5013 20051//5013 20052//5013
v 116 48 96
v 117 48 96
v 117 48 97
v 116 48 97
vn 0 -1 0
f 20053//5014 20054//5014 20055//5014 20056//5014
v 116 49 98
v 117 49 98
v 117 49 97
v 116 49 97
vn 0 1 0
f 20057//5015 20058//5015 20059//5015 20060//5015
v 116 48 97
v 117 48 97
v 117 48 98
v 116 48 98
vn 0 -1 0
f 20061//5016 20062//5016 20063//5016 20064//5016
v 116 49 99
v 117 49 99
v 117 49 98
v 116 49 98
vn 0 1 0
f 20065//5017 20066//5017 20067//5017 20068//5017
v 116 48 98
v 117 48 98
v 117 48 99
v 116 48 99
vn 0 -1 0
f 20069//5018 20070//5018 20071//5018 20072//5018
v 116 49 100
v 117 49 100
v 117 49 99
v 116 49 99
vn 0 1 0
f 20073//5019 20074//5019 20075//5019 20076//5019
v 116 48 99
v 117 48 99
v 117 48 100
v 116 48 100
vn 0 -1 0
f 20077//5020 20078//5020 20079//5020 20080//5020
v 116 49 101
v 117 49 101
v 117 49 100
v 116 49 100
vn 0 1 0
f 20081//5021 20082//5021 20083//5021 20084//5021
v 116 48 100
v 117 48 100
v 117 48 101
v 116 48 101
vn 0 -1 0
f 20085//5022 20086//5022 20087//5022 20088//5022
v 116 49 102
v 117 49 102
v 117 49 101
v 116 49 101
vn 0 1 0
f 20089//5023 20090//5023 20091//5023 20092//5023
v 116 48 101
v 117 48 101
v 117 48 102
v 116 48 102
vn 0 -1 0
f 20093//5024 20094//5024 20095//5024 20096//5024
v 116 49 103
v 117 49 103
v 117 49 102
v 116 49 102
vn 0 1 0
f 20097//5025 20098//5025 20099//5025 20100//5025
v 116 48 102
v 117 48 102
v 117 48 103
v 116 48 103
vn 0 -1 0
f 20101//5026 20102//5026 20103//5026 20104//5026
v 116 49 104
v 117 49 104
v 117 49 103
v 116 49 103
vn 0 1 0
f 20105//5027 20106//5027 20107//5027 20108//5027
v 116 48 103
v 117 48 103
v 117 48 104
v 116 48 104
vn 0 -1 0
f 20109//5028 20110//5028 20111//5028 20112//5028
v 117 49 105
v 116 49 105
v 116 48 105
v 117 48 105
vn 0 0 1
f 20113//5029 20114//5029 20115//5029 20116//5029
v 116 49 105
v 117 49 105
v 117 49 104
v 116 49 104
vn 0 1 0
f 20117//5030 20118//5030 20119//5030 20120//5030
v 117 49 94
v 118 49 94
v 118 48 94
v 117 48 94
vn 0 0 -1
f 20121//5031 20122//5031 20123//5031 20124//5031
v 117 49 95
v 118 49 95
v 118 49 94
v 117 49 94
vn 0 1 0
f 20125//5032 20126//5032 20127//5032 20128//5032
v 117 48 94
v 118 48 94
v 118 48 95
v 117 48 95
vn 0 -1 0
f 20129//5033 20130//5033 20131//5033 20132//5033
v 117 49 96
v 118 49 96
v 118 49 95
v 117 49 95
vn 0 1 0
f 20133//5034 20134//5034 20135//5034 20136//5034
v 117 48 95
v 118 48 95
v 118 48 96
v 117 48 96
vn 0 -1 0
f 20137//5035 20138//5035 20139//5035 20140//5035
v 117 49 97
v 118 49 97
v 118 49 96
v 117 49 96
vn 0 1 0
f 20141//5036 20142//5036 20143//5036 20144//5036
v 117 48 96
v 118 48 96
v 118 48 97
v 117 48 97
vn 0 -1 0
f 20145//5037 20146//5037 20147//5037 20148//5037
v 117 49 98
v 118 49 98
v 118 49 97
v 117 49 97
vn 0 1 0
f 20149//5038 20150//5038 20151//5038 20152//5038
v 117 48 97
v 118 48 97
v 118 48 98
v 117 48 98
vn 0 -1 0
f 20153//5039 20154//5039 20155//5039 20156//5039
v 117 49 99
v 118 49 99
v 118 49 98
v 117 49 98
vn 0 1 0
f 20157//5040 20158//5040 20159//5040 20160//5040
v 117 48 98
v 118 48 98
v 118 48 99
v 117 48 99
vn 0 -1 0
f 20161//5041 20162//5041 20163//5041 20164//5041
v 117 49 100
v 118 49 100
v 118 49 99
v 117 49 99
vn 0 1 0
f 20165//5042 20166//5042 20167//5042 20168//5042
v 117 48 99
v 118 48 99
v 118 48 100
v 117 48 100
vn 0 -1 0
f 20169//5043 20170//5043 20171//5043 20172//5043
v 117 49 101
v 118 49 101
v 118 49 100
v 117 49 100
vn 0 1 0
f 20173//5044 20174//5044 20175//5044 20176//5044
v 117 48 100
v 118 48 100
v 118 48 101
v 117 48 101
vn 0 -1 0
f 20177//5045 20178//5045 20179//5045 20180//5045
v 117 49 102
v 118 49 102
v 118 49 101
v 117 49 101
vn 0 1 0
f 20181//5046 20182//5046 20183//5046 20184//5046
v 117 48 101
v 118 48 101
v 118 48 102
v 117 48 102
vn 0 -1 0
f 20185//5047 20186//5047 20187//5047 20188//5047
v 117 49 103
v 118 49 103
v 118 49 102
v 117 49 102
vn 0 1 0
f 20189//5048 20190//5048 20191//5048 20192//5048
v 117 48 102
v 118 48 102
v 118 48 103
v 117 48 103
vn 0 -1 0
f 20193//5049 20194//5049 20195//5049 20196//5049
v 117 49 104
v 118 49 104
v 118 49 103
v 117 49 103
vn 0 1 0
f 20197//5050 20198//5050 20199//5050 20200//5050
v 117 48 103
v 118 48 103
v 118 48 104
v 117 48 104
vn 0 -1 0
f 20201//5051 20202//5051 20203//5051 20204//5051
v 118 49 105
v 117 49 105
v 117 48 105
v 118 48 105
vn 0 0 1
f 20205//5052 20206//5052 20207//5052 20208//5052
v 117 49 105
v 118 49 105
v 118 49 104
v 117 49 104
vn 0 1 0
f 20209//5053 20210//5053 20211//5053 20212//5053
v 118 49 94
v 119 49 94
v 119 48 94
v 118 48 94
vn 0 0 -1
f 20213//5054 20214//5054 20215//5054 20216//5054
v 118 49 95
v 119 49 95
v 119 49 94
v 118 49 94
vn 0 1 0
f 20217//5055 20218//5055 20219//5055 20220//5055
v 118 48 94
v 119 48 94
v 119 48 95
v 118 48 95
vn 0 -1 0
f 20221//5056 20222//5056 20223//5056 20224//5056
v 118 49 96
v 119 49 96
v 119 49 95
v 118 49 95
vn 0 1 0
f 20225//5057 20226//5057 20227//5057 20228//5057
v 118 48 95
v 119 48 95
v 119 48 96
v 118 48 96
vn 0 -1 0
f 20229//5058 20230//5058 20231//5058 20232//5058
v 118 49 97
v 119 49 97
v 119 49 96
v 118 49 96
vn 0 1 0
f 20233//5059 20234//5059 20235//5059 20236//5059
v 118 48 96
v 119 48 96
v 119 48 97
v 118 48 97
vn 0 -1 0
f 20237//5060 20238//5060 20239//5060 20240//5060
v 118 49 98
v 119 49 98
v 119 49 97
v 118 49 97
vn 0 1 0
f 20241//5061 20242//5061 20243//5061 20244//5061
v 118 48 97
v 119 48 97
v 119 48 98
v 118 48 98
vn 0 -1 0
f 20245//5062 20246//5062 20247//5062 20248//5062
v 118 49 99
v 119 49 99
v 119 49 98
v 118 49 98
vn 0 1 0
f 20249//5063 20250//5063 20251//5063 20252//5063
v 118 48 98
v 119 48 98
v 119 48 99
v 118 48 99
vn 0 -1 0
f 20253//5064 20254//5064 20255//5064 20256//5064
v 118 49 100
v 119 49 100
v 119 49 99
v 118 49 99
vn 0 1 0
f 20257//5065 20258//5065 20259//5065 20260//5065
v 118 48 99
v 119 48 99
v 119 48 100
v 118 48 100
vn 0 -1 0
f 20261//5066 20262//5066 20263//5066 20264//5066
v 118 49 101
v 119 49 101
v 119 49 100
v 118 49 100
vn 0 1 0
f 20265//5067 20266//5067 20267//5067 20268//5067
v 118 48 100
v 119 48 100
v 119 48 101
v 118 48 101
vn 0 -1 0
f 20269//5068 20270//5068 20271//5068 20272//5068
v 118 49 102
v 119 49 102
v 119 49 101
v 118 49 101
vn 0 1 0
f 20273//5069 20274//5069 20275//5069 20276//5069
v 118 48 101
v 119 48 101
v 119 48 102
v 118 48 102
vn 0 -1 0
f 20277//5070 20278//5070 20279//5070 20280//5070
v 118 49 103
v 119 49 103
v 119 49 102
v 118 49 102
vn 0 1 0
f 20281//5071 20282//5071 20283//5071 20284//5071
v 118 48 102
v 119 48 102
v 119 48 103
v 118 48 103
vn 0 -1 0
f 20285//5072 20286//5072 20287//5072 20288//5072
v 118 49 104
v 119 49 104
v 119 49 103
v 118 49 103
vn 0 1 0
f 20289//5073 20290//5073 20291//5073 20292//5073
v 118 48 103
v 119 48 103
v 119 48 104
v 118 48 104
vn 0 -1 0
f 20293//5074 20294//5074 20295//5074 20296//5074
v 119 49 105
v 118 49 105
v 118 48 105
v 119 48 105
vn 0 0 1
f 20297//5075 20298//5075 20299//5075 20300//5075
v 118 49 105
v 119 49 105
v 119 49 104
v 118 49 104
vn 0 1 0
f 20301//5076 20302//5076 20303//5076 20304//5076
v 119 49 94
v 120 49 94
v 120 48 94
v 119 48 94
vn 0 0 -1
f 20305//5077 20306//5077 20307//5077 20308//5077
v 119 49 95
v 120 49 95
v 120 49 94
v 119 49 94
vn 0 1 0
f 20309//5078 20310//5078 20311//5078 20312//5078
v 119 48 94
v 120 48 94
v 120 48 95
v 119 48 95
vn 0 -1 0
f 20313//5079 20314//5079 20315//5079 20316//5079
v 119 49 96
v 120 49 96
v 120 49 95
v 119 49 95
vn 0 1 0
f 20317//5080 20318//5080 20319//5080 20320//5080
v 119 48 95
v 120 48 95
v 120 48 96
v 119 48 96
vn 0 -1 0
f 20321//5081 20322//5081 20323//5081 20324//5081
v 119 49 97
v 120 49 97
v 120 49 96
v 119 49 96
vn 0 1 0
f 20325//5082 20326//5082 20327//5082 20328//5082
v 119 48 96
v 120 48 96
v 120 48 97
v 119 48 97
vn 0 -1 0
f 20329//5083 20330//5083 20331//5083 20332//5083
v 119 49 98
v 120 49 98
v 120 49 97
v 119 49 97
vn 0 1 0
f 20333//5084 20334//5084 20335//5084 20336//5084
v 119 48 97
v 120 48 97
v 120 48 98
v 119 48 98
vn 0 -1 0
f 20337//5085 20338//5085 20339//5085 20340//5085
v 119 49 99
v 120 49 99
v 120 49 98
v 119 49 98
vn 0 1 0
f 20341//5086 20342//5086 20343//5086 20344//5086
v 119 48 98
v 120 48 98
v 120 48 99
v 119 48 99
vn 0 -1 0
f 20345//5087 20346//5087 20347//5087 20348//5087
v 119 49 100
v 120 49 100
v 120 49 99
v 119 49 99
vn 0 1 0
f 20349//5088 20350//5088 20351//5088 20352//5088
v 119 48 99
v 120 48 99
v 120 48 100
v 119 48 100
vn 0 -1 0
f 20353//5089 20354//5089 20355//5089 20356//5089
v 119 49 101
v 120 49 101
v 120 49 100
v 119 49 100
vn 0 1 0
f 20357//5090 20358//5090 20359//5090 20360//5090
v 119 48 100
v 120 48 100
v 120 48 101
v 119 48 101
vn 0 -1 0
f 20361//5091 20362//5091 20363//5091 20364//5091
v 119 49 102
v 120 49 102
v 120 49 101
v 119 49 101
vn 0 1 0
f 20365//5092 20366//5092 20367//5092 20368//5092
v 119 48 101
v 120 48 101
v 120 48 102
v 119 48 102
vn 0 -1 0
f 20369//5093 20370//5093 20371//5093 20372//5093
v 119 49 103
v 120 49 103
v 120 49 102
v 119 49 102
vn 0 1 0
f 20373//5094 20374//5094 20375//5094 20376//5094
v 119 48 102
v 120 48 102
v 120 48 103
v 119 48 103
vn 0 -1 0
f 20377//5095 20378//5095 20379//5095 20380//5095
v 119 49 104
v 120 49 104
v 120 49 103
v 119 49 103
vn 0 1 0
f 20381//5096 20382//5096 20383//5096 20384//5096
v 119 48 103
v 120 48 103
v 120 48 104
v 119 48 104
vn 0 -1 0
f 20385//5097 20386//5097 20387//5097 20388//5097
v 120 49 105
v 119 49 105
v 119 48 105
v 120 48 105
vn 0 0 1
f 20389//5098 20390//5098 20391//5098 20392//5098
v 119 49 105
v 120 49 105
v 120 49 104
v 119 49 104
vn 0 1 0
f 20393//5099 20394//5099 20395//5099 20396//5099
v 120 49 94
v 121 49 94
v 121 48 94
v 120 48 94
vn 0 0 -1
f 20397//5100 20398//5100 20399//5100 20400//5100
v 120 49 95
v 121 49 95
v 121 49 94
v 120 49 94
vn 0 1 0
f 20401//5101 20402//5101 20403//5101 20404//5101
v 120 48 94
v 121 48 94
v 121 48 95
v 120 48 95
vn 0 -1 0
f 20405//5102 20406//5102 20407//5102 20408//5102
v 120 49 96
v 121 49 96
v 121 49 95
v 120 49 95
vn 0 1 0
f 20409//5103 20410//5103 20411//5103 20412//5103
v 120 48 95
v 121 48 95
v 121 48 96
v 120 48 96
vn 0 -1 0
f 20413//5104 20414//5104 20415//5104 20416//5104
v 120 49 97
v 121 49 97
v 121 49 96
v 120 49 96
vn 0 1 0
f 20417//5105 20418//5105 20419//5105 20420//5105
v 120 48 96
v 121 48 96
v 121 48 97
v 120 48 97
vn 0 -1 0
f 20421//5106 20422//5106 20423//5106 20424//5106
v 120 49 98
v 121 49 98
v 121 49 97
v 120 49 97
vn 0 1 0
f 20425//5107 20426//5107 20427//5107 20428//5107
v 120 48 97
v 121 48 97
v 121 48 98
v 120 48 98
vn 0 -1 0
f 20429//5108 20430//5108 20431//5108 20432//5108
v 120 49 99
v 121 49 99
v 121 49 98
v 120 49 98
vn 0 1 0
f 20433//5109 20434//5109 20435//5109 20436//5109
v 120 48 98
v 121 48 98
v 121 48 99
v 120 48 99
vn 0 -1 0
f 20437//5110 20438//5110 20439//5110 20440//5110
v 120 49 100
v 121 49 100
v 121 49 99
v 120 49 99
vn 0 1 0
f 20441//5111 20442//5111 20443//5111 20444//5111
v 120 48 99
v 121 48 99
v 121 48 100
v 120 48 100
vn 0 -1 0
f 20445//5112 20446//5112 20447//5112 20448//5112
v 120 49 101
v 121 49 101
v 121 49 100
v 120 49 100
vn 0 1 0
f 20449//5113 20450//5113 20451//5113 20452//5113
v 120 48 100
v 121 48 100
v 121 48 101
v 120 48 101
vn 0 -1 0
f 20453//5114 20454//5114 20455//5114 20456//5114
v 120 49 102
v 121 49 102
v 121 49 101
v 120 49 101
vn 0 1 0
f 20457//5115 20458//5115 20459//5115 20460//5115
v 120 48 101
v 121 48 101
v 121 48 102
v 120 48 102
vn 0 -1 0
f 20461//5116 20462//5116 20463//5116 20464//5116
v 120 49 103
v 121 49 103
v 121 49 102
v 120 49 102
vn 0 1 0
f 20465//5117 20466//5117 20467//5117 20468//5117
v 120 48 102
v 121 48 102
v 121 48 103
v 120 48 103
vn 0 -1 0
f 20469//5118 20470//5118 20471//5118 20472//5118
v 120 49 104
v 121 49 104
v 121 49 103
v 120 49 103
vn 0 1 0
f 20473//5119 20474//5119 20475//5119 20476//5119
v 120 48 103
v 121 48 103
v 121 48 104
v 120 48 104
vn 0 -1 0
f 20477//5120 20478//5120 20479//5120 20480//5120
v 121 49 105
v 120 49 105
v 120 48 105
v 121 48 105
vn 0 0 1
f 20481//5121 20482//5121 20483//5121 20484//5121
v 120 49 105
v 121 49 105
v 121 49 104
v 120 49 104
vn 0 1 0
f 20485//5122 20486//5122 20487//5122 20488//5122
v 121 49 94
v 122 49 94
v 122 48 94
v 121 48 94
vn 0 0 -1
f 20489//5123 20490//5123 20491//5123 20492//5123
v 121 49 95
v 122 49 95
v 122 49 94
v 121 49 94
vn 0 1 0
f 20493//5124 20494//5124 20495//5124 20496//5124
v 121 48 94
v 122 48 94
v 122 48 95
v 121 48 95
vn 0 -1 0
f 20497//5125 20498//5125 20499//5125 20500//5125
v 121 49 96
v 122 49 96
v 122 49 95
v 121 49 95
vn 0 1 0
f 20501//5126 20502//5126 20503//5126 20504//5126
v 121 48 95
v 122 48 95
v 122 48 96
v 121 48 96
vn 0 -1 0
f 20505//5127 20506//5127 20507//5127 20508//5127
v 121 49 97
v 122 49 97
v 122 49 96
v 121 49 96
vn 0 1 0
f 20509//5128 20510//5128 20511//5128 20512//5128
v 121 48 96
v 122 48 96
v 122 48 97
v 121 48 97
vn 0 -1 0
f 20513//5129 20514//5129 20515//5129 20516//5129
v 121 49 98
v 122 49 98
v 122 49 97
v 121 49 97
vn 0 1 0
f 20517//5130 20518//5130 20519//5130 20520//5130
v 121 48 97
v 122 48 97
v 122 48 98
v 121 48 98
vn 0 -1 0
f 20521//5131 20522//5131 20523//5131 20524//5131
v 121 49 99
v 122 49 99
v 122 49 98
v 121 49 98
vn 0 1 0
f 20525//5132 20526//5132 20527//5132 20528//5132
v 121 48 98
v 122 48 98
v 122 48 99
v 121 48 99
vn 0 -1 0
f 20529//5133 20530//5133 20531//5133 20532//5133
v 121 49 100
v 122 49 100
v 122 49 99
v 121 49 99
vn 0 1 0
f 20533//5134 20534//5134 20535//5134 20536//5134
v 121 48 99
v 122 48 99
v 122 48 100
v 121 48 100
vn 0 -1 0
f 20537//5135 20538//5135 20539//5135 20540//5135
v 121 49 101
v 122 49 101
v 122 49 100
v 121 49 100
vn 0 1 0
f 20541//5136 20542//5136 20543//5136 20544//5136
v 121 48 100
v 122 48 100
v 122 48 101
v 121 48 101
vn 0 -1 0
f 20545//5137 20546//5137 20547//5137 20548//5137
v 121 49 102
v 122 49 102
v 122 49 101
v 121 49 101
vn 0 1 0
f 20549//5138 20550//5138 20551//5138 20552//5138
v 121 48 101
v 122 48 101
v 122 48 102
v 121 48 102
vn 0 -1 0
f 20553//5139 20554//5139 20555//5139 20556//5139
v 121 49 103
v 122 49 103
v 122 49 102
v 121 49 102
vn 0 1 0
f 20557//5140 20558//5140 20559//5140 20560//5140
v 121 48 102
v 122 48 102
v 122 48 103
v 121 48 103
vn 0 -1 0
f 20561//5141 20562//5141 20563//5141 20564//5141
v 121 49 104
v 122 49 104
v 122 49 103
v 121 49 103
vn 0 1 0
f 20565//5142 20566//5142 20567//5142 20568//5142
v 121 48 103
v 122 48 103
v 122 48 104
v 121 48 104
vn 0 -1 0
f 20569//5143 20570//5143 20571//5143 20572//5143
v 122 49 105
v 121 49 105
v 121 48 105
v 122 48 105
vn 0 0 1
f 20573//5144 20574//5144 20575//5144 20576//5144
v 121 49 105
v 122 49 105
v 122 49 104
v 121 49 104
vn 0 1 0
f 20577//5145 20578//5145 20579//5145 20580//5145
v 122 49 94
v 123 49 94
v 123 48 94
v 122 48 94
vn 0 0 -1
f 20581//5146 20582//5146 20583//5146 20584//5146
v 122 49 95
v 123 49 95
v 123 49 94
v 122 49 94
vn 0 1 0
f 20585//5147 20586//5147 20587//5147 20588//5147
v 122 48 94
v 123 48 94
v 123 48 95
v 122 48 95
vn 0 -1 0
f 20589//5148 20590//5148 20591//5148 20592//5148
v 122 49 96
v 123 49 96
v 123 49 95
v 122 49 95
vn 0 1 0
f 20593//5149 20594//5149 20595//5149 20596//5149
v 122 48 95
v 123 48 95
v 123 48 96
v 122 48 96
vn 0 -1 0
f 20597//5150 20598//5150 20599//5150 20600//5150
v 122 49 97
v 123 49 97
v 123 49 96
v 122 49 96
vn 0 1 0
f 20601//5151 20602//5151 20603//5151 20604//5151
v 122 48 96
v 123 48 96
v 123 48 97
v 122 48 97
vn 0 -1 0
f 20605//5152 20606//5152 20607//5152 20608//5152
v 122 49 98
v 123 49 98
v 123 49 97
v 122 49 97
vn 0 1 0
f 20609//5153 20610//5153 20611//5153 20612//5153
v 122 48 97
v 123 48 97
v 123 48 98
v 122 48 98
vn 0 -1 0
f 20613//5154 20614//5154 20615//5154 20616//5154
v 122 49 99
v 123 49 99
v 123 49 98
v 122 49 98
vn 0 1 0
f 20617//5155 20618//5155 20619//5155 20620//5155
v 122 48 98
v 123 48 98
v 123 48 99
v 122 48 99
vn 0 -1 0
f 20621//5156 20622//5156 20623//5156 20624//5156
v 122 49 100
v 123 49 100
v 123 49 99
v 122 49 99
vn 0 1 0
f 20625//5157 20626//5157 20627//5157 20628//5157
v 122 48 99
v 123 48 99
v 123 48 100
v 122 48 100
vn 0 -1 0
f 20629//5158 20630//5158 20631//5158 20632//5158
v 122 49 101
v 123 49 101
v 123 49 100
v 122 49 100
vn 0 1 0
f 20633//5159 20634//5159 20635//5159 20636//5159
v 122 48 100
v 123 48 100
v 123 48 101
v 122 48 101
vn 0 -1 0
f 20637//5160 20638//5160 20639//5160 20640//5160
v 122 49 102
v 123 49 102
v 123 49 101
v 122 49 101
vn 0 1 0
f 20641//5161 20642//5161 20643//5161 20644//5161
v 122 48 101
v 123 48 101
v 123 48 102
v 122 48 102
vn 0 -1 0
f 20645//5162 20646//5162 20647//5162 20648//5162
v 122 49 103
v 123 49 103
v 123 49 102
v 122 49 102
vn 0 1 0
f 20649//5163 20650//5163 20651//5163 20652//5163
v 122 48 102
v 123 48 102
v 123 48 103
v 122 48 103
vn 0 -1 0
f 20653//5164 20654//5164 20655//5164 20656//5164
v 122 49 104
v 123 49 104
v 123 49 103
v 122 49 103
vn 0 1 0
f 20657//5165 20658//5165 20659//5165 20660//5165
v 122 48 103
v 123 48 103
v 123 48 104
v 122 48 104
vn 0 -1 0
f 20661//5166 20662//5166 20663//5166 20664//5166
v 123 49 105
v 122 49 105
v 122 48 105
v 123 48 105
vn 0 0 1
f 20665//5167 20666//5167 20667//5167 20668//5167
v 122 49 105
v 123 49 105
v 123 49 104
v 122 49 104
vn 0 1 0
f 20669//5168 20670//5168 20671//5168 20672//5168
v 123 49 94
v 124 49 94
v 124 48 94
v 123 48 94
vn 0 0 -1
f 20673//5169 20674//5169 20675//5169 20676//5169
v 123 49 95
v 124 49 95
v 124 49 94
v 123 49 94
vn 0 1 0
f 20677//5170 20678//5170 20679//5170 20680//5170
v 123 48 94
v 124 48 94
v 124 48 95
v 123 48 95
vn 0 -1 0
f 20681//5171 20682//5171 20683//5171 20684//5171
v 123 49 96
v 124 49 96
v 124 49 95
v 123 49 95
vn 0 1 0
f 20685//5172 20686//5172 20687//5172 20688//5172
v 123 48 95
v 124 48 95
v 124 48 96
v 123 48 96
vn 0 -1 0
f 20689//5173 20690//5173 20691//5173 20692//5173
v 123 49 97
v 124 49 97
v 124 49 96
v 123 49 96
vn 0 1 0
f 20693//5174 20694//5174 20695//5174 20696//5174
v 123 48 96
v 124 48 96
v 124 48 97
v 123 48 97
vn 0 -1 0
f 20697//5175 20698//5175 20699//5175 20700//5175
v 123 49 98
v 124 49 98
v 124 49 97
v 123 49 97
vn 0 1 0
f 20701//5176 20702//5176 20703//5176 20704//5176
v 123 48 97
v 124 48 97
v 124 48 98
v 123 48 98
vn 0 -1 0
f 20705//5177 20706//5177 20707//5177 20708//5177
v 123 49 99
v 124 49 99
v 124 49 98
v 123 49 98
vn 0 1 0
f 20709//5178 20710//5178 20711//5178 20712//5178
v 123 48 98
v 124 48 98
v 124 48 99
v 123 48 99
vn 0 -1 0
f 20713//5179 20714//5179 20715//5179 20716//5179
v 123 49 100
v 124 49 100
v 124 49 99
v 123 49 99
vn 0 1 0
f 20717//5180 20718//5180 20719//5180 20720//5180
v 123 48 99
v 124 48 99
v 124 48 100
v 123 48 100
vn 0 -1 0
f 20721//5181 20722//5181 20723//5181 20724//5181
v 123 49 101
v 124 49 101
v 124 49 100
v 123 49 100
vn 0 1 0
f 20725//5182 20726//5182 20727//5182 20728//5182
v 123 48 100
v 124 48 100
v 124 48 101
v 123 48 101
vn 0 -1 0
f 20729//5183 20730//5183 20731//5183 20732//5183
v 123 49 102
v 124 49 102
v 124 49 101
v 123 49 101
vn 0 1 0
f 20733//5184 20734//5184 20735//5184 20736//5184
v 123 48 101
v 124 48 101
v 124 48 102
v 123 48 102
vn 0 -1 0
f 20737//5185 20738//5185 20739//5185 20740//5185
v 123 49 103
v 124 49 103
v 124 49 102
v 123 49 102
vn 0 1 0
f 20741//5186 20742//5186 20743//5186 20744//5186
v 123 48 102
v 124 48 102
v 124 48 103
v 123 48 103
vn 0 -1 0
f 20745//5187 20746//5187 20747//5187 20748//5187
v 123 49 104
v 124 49 104
v 124 49 103
v 123 49 103
vn 0 1 0
f 20749//5188 20750//5188 20751//5188 20752//5188
v 123 48 103
v 124 48 103
v 124 48 104
v 123 48 104
vn 0 -1 0
f 20753//5189 20754//5189 20755//5189 20756//5189
v 124 49 105
v 123 49 105
v 123 48 105
v 124 48 105
vn 0 0 1
f 20757//5190 20758//5190 20759//5190 20760//5190
v 123 49 105
v 124 49 105
v 124 49 104
v 123 49 104
vn 0 1 0
f 20761//5191 20762//5191 20763//5191 20764//5191
v 123 48 104
v 124 48 104
v 124 48 105
v 123 48 105
vn 0 -1 0
f 20765//5192 20766//5192 20767//5192 20768//5192
v 125 49 94
v 125 49 95
v 125 48 95
v 125 48 94
vn 1 0 0
f 20769//5193 20770//5193 20771//5193 20772//5193
v 124 49 94
v 125 49 94
v 125 48 94
v 124 48 94
vn 0 0 -1
f 20773//5194 20774//5194 20775//5194 20776//5194
v 124 49 95
v 125 49 95
v 125 49 94
v 124 49 94
vn 0 1 0
f 20777//5195 20778//5195 20779//5195 20780//5195
v 124 48 94
v 125 48 94
v 125 48 95
v 124 48 95
vn 0 -1 0
f 20781//5196 20782//5196 20783//5196 20784//5196
v 125 49 95
v 125 49 96
v 125 48 96
v 125 48 95
vn 1 0 0
f 20785//5197 20786//5197 20787//5197 20788//5197
v 124 49 96
v 125 49 96
v 125 49 95
v 124 49 95
vn 0 1 0
f 20789//5198 20790//5198 20791//5198 20792//5198
v 124 48 95
v 125 48 95
v 125 48 96
v 124 48 96
vn 0 -1 0
f 20793//5199 20794//5199 20795//5199 20796//5199
v 125 49 96
v 125 49 97
v 125 48 97
v 125 48 96
vn 1 0 0
f 20797//5200 20798//5200 20799//5200 20800//5200
v 124 49 97
v 125 49 97
v 125 49 96
v 124 49 96
vn 0 1 0
f 20801//5201 20802//5201 20803//5201 20804//5201
v 124 48 96
v 125 48 96
v 125 48 97
v 124 48 97
vn 0 -1 0
f 20805//5202 20806//5202 20807//5202 20808//5202
v 125 49 97
v 125 49 98
v 125 48 98
v 125 48 97
vn 1 0 0
f 20809//5203 20810//5203 20811//5203 20812//5203
v 124 49 98
v 125 49 98
v 125 49 97
v 124 49 97
vn 0 1 0
f 20813//5204 20814//5204 20815//5204 20816//5204
v 124 48 97
v 125 48 97
v 125 48 98
v 124 48 98
vn 0 -1 0
f 20817//5205 20818//5205 20819//5205 20820//5205
v 125 49 98
v 125 49 99
v 125 48 99
v 125 48 98
vn 1 0 0
f 20821//5206 20822//5206 20823//5206 20824//5206
v 124 49 99
v 125 49 99
v 125 49 98
v 124 49 98
vn 0 1 0
f 20825//5207 20826//5207 20827//5207 20828//5207
v 124 48 98
v 125 48 98
v 125 48 99
v 124 48 99
vn 0 -1 0
f 20829//5208 20830//5208 20831//5208 20832//5208
v 125 49 99
v 125 49 100
v 125 48 100
v 125 48 99
vn 1 0 0
f 20833//5209 20834//5209 20835//5209 20836//5209
v 124 49 100
v 125 49 100
v 125 49 99
v 124 49 99
vn 0 1 0
f 20837//5210 20838//5210 20839//5210 20840//5210
v 124 48 99
v 125 48 99
v 125 48 100
v 124 48 100
vn 0 -1 0
f 20841//5211 20842//5211 20843//5211 20844//5211
v 125 49 100
v 125 49 101
v 125 48 101
v 125 48 100
vn 1 0 0
f 20845//5212 20846//5212 20847//5212 20848//5212
v 124 49 101
v 125 49 101
v 125 49 100
v 124 49 100
vn 0 1 0
f 20849//5213 20850//5213 20851//5213 20852//5213
v 124 48 100
v 125 48 100
v 125 48 101
v 124 48 101
vn 0 -1 0
f 20853//5214 20854//5214 20855//5214 20856//5214
v 125 49 101
v 125 49 102
v 125 48 102
v 125 48 101
vn 1 0 0
f 20857//5215 20858//5215 20859//5215 20860//5215
v 124 49 102
v 125 49 102
v 125 49 101
v 124 49 101
vn 0 1 0
f 20861//5216 20862//5216 20863//5216 20864//5216
v 124 48 101
v 125 48 101
v 125 48 102
v 124 48 102
vn 0 -1 0
f 20865//5217 20866//5217 20867//5217 20868//5217
v 125 49 102
v 125 49 103
v 125 48 103
v 125 48 102
vn 1 0 0
f 20869//5218 20870//5218 20871//5218 20872//5218
v 124 49 103
v 125 49 103
v 125 49 102
v 124 49 102
vn 0 1 0
f 20873//5219 20874//5219 20875//5219 20876//5219
v 124 48 102
v 125 48 102
v 125 48 103
v 124 48 103
vn 0 -1 0
f 20877//5220 20878//5220 20879//5220 20880//5220
v 125 49 103
v 125 49 104
v 125 48 104
v 125 48 103
vn 1 0 0
f 20881//5221 20882//5221 20883//5221 20884//5221
v 124 49 104
v 125 49 104
v 125 49 103
v 124 49 103
vn 0 1 0
f 20885//5222 20886//5222 20887//5222 20888//5222
v 124 48 103
v 125 48 103
v 125 48 104
v 124 48 104
vn 0 -1 0
f 20889//5223 20890//5223 20891//5223 20892//5223
v 125 49 104
v 125 49 105
v 125 48 105
v 125 48 104
vn 1 0 0
f 20893//5224 20894//5224 20895//5224 20896//5224
v 125 49 105
v 124 49 105
v 124 48 105
v 125 48 105
vn 0 0 1
f 20897//5225 20898//5225 20899//5225 20900//5225
v 124 49 105
v 125 49 105
v 125 49 104
v 124 49 104
vn 0 1 0
f 20901//5226 20902//5226 20903//5226 20904//5226
v 124 48 104
v 125 48 104
v 125 48 105
v 124 48 105
vn 0 -1 0
f 20905//5227 20906//5227 20907//5227 20908//5227
v 104 49 104
v 104 49 105
v 104 50 105
v 104 50 104
vn -1 0 0
f 20909//5228 20910//5228 20911//5228 20912//5228
v 104 50 104
v 105 50 104
v 105 49 104
v 104 49 104
vn 0 0 -1
f 20913//5229 20914//5229 20915//5229 20916//5229
v 104 49 105
v 104 49 106
v 104 50 106
v 104 50 105
vn -1 0 0
f 20917//5230 20918//5230 20919//5230 20920//5230
v 104 49 106
v 104 49 107
v 104 50 107
v 104 50 106
vn -1 0 0
f 20921//5231 20922//5231 20923//5231 20924//5231
v 104 49 107
v 104 49 108
v 104 50 108
v 104 50 107
vn -1 0 0
f 20925//5232 20926//5232 20927//5232 20928//5232
v 104 49 108
v 104 49 109
v 104 50 109
v 104 50 108
vn -1 0 0
f 20929//5233 20930//5233 20931//5233 20932//5233
v 105 50 109
v 104 50 109
v 104 49 109
v 105 49 109
vn 0 0 1
f 20933//5234 20934//5234 20935//5234 20936//5234
v 105 50 104
v 106 50 104
v 106 49 104
v 105 49 104
vn 0 0 -1
f 20937//5235 20938//5235 20939//5235 20940//5235
v 106 50 109
v 105 50 109
v 105 49 109
v 106 49 109
vn 0 0 1
f 20941//5236 20942//5236 20943//5236 20944//5236
v 106 50 104
v 107 50 104
v 107 49 104
v 106 49 104
vn 0 0 -1
f 20945//5237 20946//5237 20947//5237 20948//5237
v 107 50 109
v 106 50 109
v 106 49 109
v 107 49 109
vn 0 0 1
f 20949//5238 20950//5238 20951//5238 20952//5238
v 107 50 104
v 108 50 104
v 108 49 104
v 107 49 104
vn 0 0 -1
f 20953//5239 20954//5239 20955//5239 20956//5239
v 108 50 109
v 107 50 109
v 107 49 109
v 108 49 109
vn 0 0 1
f 20957//5240 20958//5240 20959//5240 20960//5240
v 109 50 104
v 109 50 105
v 109 49 105
v 109 49 104
vn 1 0 0
f 20961//5241 20962//5241 20963//5241 20964//5241
v 108 50 104
v 109 50 104
v 109 49 104
v 108 49 104
vn 0 0 -1
f 20965//5242 20966//5242 20967//5242 20968//5242
v 109 50 105
v 109 50 106
v 109 49 106
v 109 49 105
vn 1 0 0
f 20969//5243 20970//5243 20971//5243 20972//5243
v 109 50 106
v 109 50 107
v 109 49 107
v 109 49 106
vn 1 0 0
f 20973//5244 20974//5244 20975//5244 20976//5244
v 109 50 107
v 109 50 108
v 109 49 108
v 109 49 107
vn 1 0 0
f 20977//5245 20978//5245 20979//5245 20980//5245
v 109 50 108
v 109 50 109
v 109 49 109
v 109 49 108
vn 1 0 0
f 20981//5246 20982//5246 20983//5246 20984//5246
v 109 50 109
v 108 50 109
v 108 49 109
v 109 49 109
vn 0 0 1
f 20985//5247 20986//5247 20987//5247 20988//5247
v 55 95 61
v 55 95 62
v 55 96 62
v 55 96 61
vn -1 0 0
f 20989//5248 20990//5248 20991//5248 20992//5248
v 56 96 62
v 55 96 62
v 55 95 62
v 56 95 62
vn 0 0 1
f 20993//5249 20994//5249 20995//5249 20996//5249
v 55 96 61
v 56 96 61
v 56 95 61
v 55 95 61
vn 0 0 -1
f 20997//5250 20998//5250 20999//5250 21000//5250
v 55 96 62
v 56 96 62
v 56 96 61
v 55 96 61
vn 0 1 0
f 21001//5251 21002//5251 21003//5251 21004//5251
v 55 95 61
v 56 95 61
v 56 95 62
v 55 95 62
vn 0 -1 0
f 21005//5252 21006//5252 21007//5252 21008//5252
v 57 96 62
v 56 96 62
v 56 95 62
v 57 95 62
vn 0 0 1
f 21009//5253 21010//5253 21011//5253 21012//5253
v 56 96 61
v 57 96 61
v 57 95 61
v 56 95 61
vn 0 0 -1
f 21013//5254 21014//5254 21015//5254 21016//5254
v 56 96 62
v 57 96 62
v 57 96 61
v 56 96 61
vn 0 1 0
f 21017//5255 21018//5255 21019//5255 21020//5255
v 56 95 61
v 57 95 61
v 57 95 62
v 56 95 62
vn 0 -1 0
f 21021//5256 21022//5256 21023//5256 21024//5256
v 58 96 62
v 57 96 62
v 57 95 62
v 58 95 62
vn 0 0 1
f 21025//5257 21026//5257 21027//5257 21028//5257
v 57 96 61
v 58 96 61
v 58 95 61
v 57 95 61
vn 0 0 -1
f 21029//5258 21030//5258 21031//5258 21032//5258
v 57 96 62
v 58 96 62
v 58 96 61
v 57 96 61
vn 0 1 0
f 21033//5259 21034//5259 21035//5259 21036//5259
v 57 95 61
v 58 95 61
v 58 95 62
v 57 95 62
vn 0 -1 0
f 21037//5260 21038//5260 21039//5260 21040//5260
v 59 96 62
v 58 96 62
v 58 95 62
v 59 95 62
vn 0 0 1
f 21041//5261 21042//5261 21043//5261 21044//5261
v 58 96 61
v 59 96 61
v 59 95 61
v 58 95 61
vn 0 0 -1
f 21045//5262 21046//5262 21047//5262 21048//5262
v 58 96 62
v 59 96 62
v 59 96 61
v 58 96 61
vn 0 1 0
f 21049//5263 21050//5263 21051//5263 21052//5263
v 58 95 61
v 59 95 61
v 59 95 62
v 58 95 62
vn 0 -1 0
f 21053//5264 21054//5264 21055//5264 21056//5264
v 60 96 62
v 59 96 62
v 59 95 62
v 60 95 62
vn 0 0 1
f 21057//5265 21058//5265 21059//5265 21060//5265
v 59 96 61
v 60 96 61
v 60 95 61
v 59 95 61
vn 0 0 -1
f 21061//5266 21062//5266 21063//5266 21064//5266
v 59 96 62
v 60 96 62
v 60 96 61
v 59 96 61
vn 0 1 0
f 21065//5267 21066//5267 21067//5267 21068//5267
v 59 95 61
v 60 95 61
v 60 95 62
v 59 95 62
vn 0 -1 0
f 21069//5268 21070//5268 21071//5268 21072//5268
v 61 96 62
v 60 96 62
v 60 95 62
v 61 95 62
vn 0 0 1
f 21073//5269 21074//5269 21075//5269 21076//5269
v 60 96 61
v 61 96 61
v 61 95 61
v 60 95 61
vn 0 0 -1
f 21077//5270 21078//5270 21079//5270 21080//5270
v 60 96 62
v 61 96 62
v 61 96 61
v 60 96 61
vn 0 1 0
f 21081//5271 21082//5271 21083//5271 21084//5271
v 60 95 61
v 61 95 61
v 61 95 62
v 60 95 62
vn 0 -1 0
f 21085//5272 21086//5272 21087//5272 21088//5272
v 63 96 62
v 62 96 62
v 62 95 62
v 63 95 62
vn 0 0 1
f 21089//5273 21090//5273 21091//5273 21092//5273
v 62 96 61
v 63 96 61
v 63 95 61
v 62 95 61
vn 0 0 -1
f 21093//5274 21094//5274 21095//5274 21096//5274
v 62 96 62
v 63 96 62
v 63 96 61
v 62 96 61
vn 0 1 0
f 21097//5275 21098//5275 21099//5275 21100//5275
v 62 95 61
v 63 95 61
v 63 95 62
v 62 95 62
vn 0 -1 0
f 21101//5276 21102//5276 21103//5276 21104//5276
v 64 96 62
v 63 96 62
v 63 95 62
v 64 95 62
vn 0 0 1
f 21105//5277 21106//5277 21107//5277 21108//5277
v 63 96 61
v 64 96 61
v 64 95 61
v 63 95 61
vn 0 0 -1
f 21109//5278 21110//5278 21111//5278 21112//5278
v 63 96 62
v 64 96 62
v 64 96 61
v 63 96 61
vn 0 1 0
f 21113//5279 21114//5279 21115//5279 21116//5279
v 63 95 61
v 64 95 61
v 64 95 62
v 63 95 62
vn 0 -1 0
f 21117//5280 21118//5280 21119//5280 21120//5280
v 65 96 62
v 64 96 62
v 64 95 62
v 65 95 62
vn 0 0 1
f 21121//5281 21122//5281 21123//5281 21124//5281
v 64 96 61
v 65 96 61
v 65 95 61
v 64 95 61
vn 0 0 -1
f 21125//5282 21126//5282 21127//5282 21128//5282
v 64 96 62
v 65 96 62
v 65 96 61
v 64 96 61
vn 0 1 0
f 21129//5283 21130//5283 21131//5283 21132//5283
v 64 95 61
v 65 95 61
v 65 95 62
v 64 95 62
vn 0 -1 0
f 21133//5284 21134//5284 21135//5284 21136//5284
v 66 96 62
v 65 96 62
v 65 95 62
v 66 95 62
vn 0 0 1
f 21137//5285 21138//5285 21139//5285 21140//5285
v 65 96 61
v 66 96 61
v 66 95 61
v 65 95 61
vn 0 0 -1
f 21141//5286 21142//5286 21143//5286 21144//5286
v 65 96 62
v 66 96 62
v 66 96 61
v 65 96 61
vn 0 1 0
f 21145//5287 21146//5287 21147//5287 21148//5287
v 65 95 61
v 66 95 61
v 66 95 62
v 65 95 62
vn 0 -1 0
f 21149//5288 21150//5288 21151//5288 21152//5288
v 67 96 62
v 66 96 62
v 66 95 62
v 67 95 62
vn 0 0 1
f 21153//5289 21154//5289 21155//5289 21156//5289
v 66 96 61
v 67 96 61
v 67 95 61
v 66 95 61
vn 0 0 -1
f 21157//5290 21158//5290 21159//5290 21160//5290
v 66 96 62
v 67 96 62
v 67 96 61
v 66 96 61
vn 0 1 0
f 21161//5291 21162//5291 21163//5291 21164//5291
v 66 95 61
v 67 95 61
v 67 95 62
v 66 95 62
vn 0 -1 0
f 21165//5292 21166//5292 21167//5292 21168//5292
v 68 96 62
v 67 96 62
v 67 95 62
v 68 95 62
vn 0 0 1
f 21169//5293 21170//5293 21171//5293 21172//5293
v 67 96 61
v 68 96 61
v 68 95 61
v 67 95 61
vn 0 0 -1
f 21173//5294 21174//5294 21175//5294 21176//5294
v 67 96 62
v 68 96 62
v 68 96 61
v 67 96 61
vn 0 1 0
f 21177//5295 21178//5295 21179//5295 21180//5295
v 67 95 61
v 68 95 61
v 68 95 62
v 67 95 62
vn 0 -1 0
f 21181//5296 21182//5296 21183//5296 21184//5296
v 69 96 62
v 68 96 62
v 68 95 62
v 69 95 62
vn 0 0 1
f 21185//5297 21186//5297 21187//5297 21188//5297
v 68 96 61
v 69 96 61
v 69 95 61
v 68 95 61
vn 0 0 -1
f 21189//5298 21190//5298 21191//5298 21192//5298
v 68 96 62
v 69 96 62
v 69 96 61
v 68 96 61
vn 0 1 0
f 21193//5299 21194//5299 21195//5299 21196//5299
v 68 95 61
v 69 95 61
v 69 95 62
v 68 95 62
vn 0 -1 0
f 21197//5300 21198//5300 21199//5300 21200//5300
v 70 96 61
v 70 96 62
v 70 95 62
v 70 95 61
vn 1 0 0
f 21201//5301 21202//5301 21203//5301 21204//5301
v 70 96 62
v 69 96 62
v 69 95 62
v 70 95 62
vn 0 0 1
f 21205//5302 21206//5302 21207//5302 21208//5302
v 69 96 61
v 70 96 61
v 70 95 61
v 69 95 61
vn 0 0 -1
f 21209//5303 21210//5303 21211//5303 21212//5303
v 69 96 62
v 70 96 62
v 70 96 61
v 69 96 61
vn 0 1 0
f 21213//5304 21214//5304 21215//5304 21216//5304
v 69 95 61
v 70 95 61
v 70 95 62
v 69 95 62
vn 0 -1 0
f 21217//5305 21218//5305 21219//5305 21220//5305
v 62 96 55
v 62 96 56
v 62 95 56
v 62 95 55
vn 1 0 0
f 21221//5306 21222//5306 21223//5306 21224//5306
v 61 95 55
v 61 95 56
v 61 96 56
v 61 96 55
vn -1 0 0
f 21225//5307 21226//5307 21227//5307 21228//5307
v 61 96 55
v 62 96 55
v 62 95 55
v 61 95 55
vn 0 0 -1
f 21229//5308 21230//5308 21231//5308 21232//5308
v 61 96 56
v 62 96 56
v 62 96 55
v 61 96 55
vn 0 1 0
f 21233//5309 21234//5309 21235//5309 21236//5309
v 61 95 55
v 62 95 55
v 62 95 56
v 61 95 56
vn 0 -1 0
f 21237//5310 21238//5310 21239//5310 21240//5310
v 62 96 56
v 62 96 57
v 62 95 57
v 62 95 56
vn 1 0 0
f 21241//5311 21242//5311 21243//5311 21244//5311
v 61 95 56
v 61 95 57
v 61 96 57
v 61 96 56
vn -1 0 0
f 21245//5312 21246//5312 21247//5312 21248//5312
v 61 96 57
v 62 96 57
v 62 96 56
v 61 96 56
vn 0 1 0
f 21249//5313 21250//5313 21251//5313 21252//5313
v 61 95 56
v 62 95 56
v 62 95 57
v 61 95 57
vn 0 -1 0
f 21253//5314 21254//5314 21255//5314 21256//5314
v 62 96 57
v 62 96 58
v 62 95 58
v 62 95 57
vn 1 0 0
f 21257//5315 21258//5315 21259//5315 21260//5315
v 61 95 57
v 61 95 58
v 61 96 58
v 61 96 57
vn -1 0 0
f 21261//5316 21262//5316 21263//5316 21264//5316
v 61 96 58
v 62 96 58
v 62 96 57
v 61 96 57
vn 0 1 0
f 21265//5317 21266//5317 21267//5317 21268//5317
v 61 95 57
v 62 95 57
v 62 95 58
v 61 95 58
vn 0 -1 0
f 21269//5318 21270//5318 21271//5318 21272//5318
v 62 96 58
v 62 96 59
v 62 95 59
v 62 95 58
vn 1 0 0
f 21273//5319 21274//5319 21275//5319 21276//5319
v 61 95 58
v 61 95 59
v 61 96 59
v 61 96 58
vn -1 0 0
f 21277//5320 21278//5320 21279//5320 21280//5320
v 61 96 59
v 62 96 59
v 62 96 58
v 61 96 58
vn 0 1 0
f 21281//5321 21282//5321 21283//5321 21284//5321
v 61 95 58
v 62 95 58
v 62 95 59
v 61 95 59
vn 0 -1 0
f 21285//5322 21286//5322 21287//5322 21288//5322
v 62 96 59
v 62 96 60
v 62 95 60
v 62 95 59
vn 1 0 0
f 21289//5323 21290//5323 21291//5323 21292//5323
v 61 95 59
v 61 95 60
v 61 96 60
v 61 96 59
vn -1 0 0
f 21293//5324 21294//5324 21295//5324 21296//5324
v 61 96 60
v 62 96 60
v 62 96 59
v 61 96 59
vn 0 1 0
f 21297//5325 21298//5325 21299//5325 21300//5325
v 61 95 59
v 62 95 59
v 62 95 60
v 61 95 60
vn 0 -1 0
f 21301//5326 21302//5326 21303//5326 21304//5326
v 62 96 60
v 62 96 61
v 62 95 61
v 62 95 60
vn 1 0 0
f 21305//5327 21306//5327 21307//5327 21308//5327
v 61 95 60
v 61 95 61
v 61 96 61
v 61 96 60
vn -1 0 0
f 21309//5328 21310//5328 21311//5328 21312//5328
v 61 96 61
v 62 96 61
v 62 96 60
v 61 96 60
vn 0 1 0
f 21313//5329 21314//5329 21315//5329 21316//5329
v 61 95 60
v 62 95 60
v 62 95 61
v 61 95 61
vn 0 -1 0
f 21317//5330 21318//5330 21319//5330 21320//5330
v 62 96 62
v 62 96 63
v 62 95 63
v 62 95 62
vn 1 0 0
f 21321//5331 21322//5331 21323//5331 21324//5331
v 61 95 62
v 61 95 63
v 61 96 63
v 61 96 62
vn -1 0 0
f 21325//5332 21326//5332 21327//5332 21328//5332
v 61 96 63
v 62 96 63
v 62 96 62
v 61 96 62
vn 0 1 0
f 21329//5333 21330//5333 21331//5333 21332//5333
v 61 95 62
v 62 95 62
v 62 95 63
v 61 95 63
vn 0 -1 0
f 21333//5334 21334//5334 21335//5334 21336//5334
v 62 96 63
v 62 96 64
v 62 95 64
v 62 95 63
vn 1 0 0
f 21337//5335 21338//5335 21339//5335 21340//5335
v 61 95 63
v 61 95 64
v 61 96 64
v 61 96 63
vn -1 0 0
f 21341//5336 21342//5336 21343//5336 21344//5336
v 61 96 64
v 62 96 64
v 62 96 63
v 61 96 63
vn 0 1 0
f 21345//5337 21346//5337 21347//5337 21348//5337
v 61 95 63
v 62 95 63
v 62 95 64
v 61 95 64
vn 0 -1 0
f 21349//5338 21350//5338 21351//5338 21352//5338
v 62 96 64
v 62 96 65
v 62 95 65
v 62 95 64
vn 1 0 0
f 21353//5339 21354//5339 21355//5339 21356//5339
v 61 95 64
v 61 95 65
v 61 96 65
v 61 96 64
vn -1 0 0
f 21357//5340 21358//5340 21359//5340 21360//5340
v 61 96 65
v 62 96 65
v 62 96 64
v 61 96 64
vn 0 1 0
f 21361//5341 21362//5341 21363//5341 21364//5341
v 61 95 64
v 62 95 64
v 62 95 65
v 61 95 65
vn 0 -1 0
f 21365//5342 21366//5342 21367//5342 21368//5342
v 62 96 65
v 62 96 66
v 62 95 66
v 62 95 65
vn 1 0 0
f 21369//5343 21370//5343 21371//5343 21372//5343
v 61 95 65
v 61 95 66
v 61 96 66
v 61 96 65
vn -1 0 0
f 21373//5344 21374//5344 21375//5344 21376//5344
v 61 96 66
v 62 96 66
v 62 96 65
v 61 96 65
vn 0 1 0
f 21377//5345 21378//5345 21379//5345 21380//5345
v 61 95 65
v 62 95 65
v 62 95 66
v 61 95 66
vn 0 -1 0
f 21381//5346 21382//5346 21383//5346 21384//5346
v 62 96 66
v 62 96 67
v 62 95 67
v 62 95 66
vn 1 0 0
f 21385//5347 21386//5347 21387//5347 21388//5347
v 61 95 66
v 61 95 67
v 61 96 67
v 61 96 66
vn -1 0 0
f 21389//5348 21390//5348 21391//5348 21392//5348
v 61 96 67
v 62 96 67
v 62 96 66
v 61 96 66
vn 0 1 0
f 21393//5349 21394//5349 21395//5349 21396//5349
v 61 95 66
v 62 95 66
v 62 95 67
v 61 95 67
vn 0 -1 0
f 21397//5350 21398//5350 21399//5350 21400//5350
v 62 96 67
v 62 96 68
v 62 95 68
v 62 95 67
vn 1 0 0
f 21401//5351 21402//5351 21403//5351 21404//5351
v 61 95 67
v 61 95 68
v 61 96 68
v 61 96 67
vn -1 0 0
f 21405//5352 21406//5352 21407//5352 21408//5352
v 61 96 68
v 62 96 68
v 62 96 67
v 61 96 67
vn 0 1 0
f 21409//5353 21410//5353 21411//5353 21412//5353
v 61 95 67
v 62 95 67
v 62 95 68
v 61 95 68
vn 0 -1 0
f 21413//5354 21414//5354 21415//5354 21416//5354
v 62 96 68
v 62 96 69
v 62 95 69
v 62 95 68
vn 1 0 0
f 21417//5355 21418//5355 21419//5355 21420//5355
v 61 95 68
v 61 95 69
v 61 96 69
v 61 96 68
vn -1 0 0
f 21421//5356 21422//5356 21423//5356 21424//5356
v 61 96 69
v 62 96 69
v 62 96 68
v 61 96 68
vn 0 1 0
f 21425//5357 21426//5357 21427//5357 21428//5357
v 61 95 68
v 62 95 68
v 62 95 69
v 61 95 69
vn 0 -1 0
f 21429//5358 21430//5358 21431//5358 21432//5358
v 62 96 69
v 62 96 70
v 62 95 70
v 62 95 69
vn 1 0 0
f 21433//5359 21434//5359 21435//5359 21436//5359
v 61 95 69
v 61 95 70
v 61 96 70
v 61 96 69
vn -1 0 0
f 21437//5360 21438//5360 21439//5360 21440//5360
v 62 96 70
v 61 96 70
v 61 95 70
v 62 95 70
vn 0 0 1
f 21441//5361 21442//5361 21443//5361 21444//5361
v 61 96 70
v 62 96 70
v 62 96 69
v 61 96 69
vn 0 1 0
f 21445//5362 21446//5362 21447//5362 21448//5362
v 61 95 69
v 62 95 69
v 62 95 70
v 61 95 70
vn 0 -1 0
f 21449//5363 21450//5363 21451//5363 21452//5363
v 185 11 184
v 185 11 185
v 185 10 185
v 185 10 184
vn 1 0 0
f 21453//5364 21454//5364 21455//5364 21456//5364
v 184 11 185
v 185 11 185
v 185 11 184
v 184 11 184
vn 0 1 0
f 21457//5365 21458//5365 21459//5365 21460//5365
v 184 10 184
v 185 10 184
v 185 10 185
v 184 10 185
vn 0 -1 0
f 21461//5366 21462//5366 21463//5366 21464//5366
v 189 11 182
v 189 11 183
v 189 10 183
v 189 10 182
vn 1 0 0
f 21465//5367 21466//5367 21467//5367 21468//5367
v 188 10 182
v 188 10 183
v 188 11 183
v 188 11 182
vn -1 0 0
f 21469//5368 21470//5368 21471//5368 21472//5368
v 189 11 183
v 188 11 183
v 188 10 183
v 189 10 183
vn 0 0 1
f 21473//5369 21474//5369 21475//5369 21476//5369
v 188 11 183
v 189 11 183
v 189 11 182
v 188 11 182
vn 0 1 0
f 21477//5370 21478//5370 21479//5370 21480//5370
v 188 10 182
v 189 10 182
v 189 10 183
v 188 10 183
vn 0 -1 0
f 21481//5371 21482//5371 21483//5371 21484//5371
v 189 11 181
v 189 11 182
v 189 10 182
v 189 10 181
vn 1 0 0
f 21485//5372 21486//5372 21487//5372 21488//5372
v 188 11 182
v 189 11 182
v 189 11 181
v 188 11 181
vn 0 1 0
f 21489//5373 21490//5373 21491//5373 21492//5373
v 188 10 181
v 189 10 181
v 189 10 182
v 188 10 182
vn 0 -1 0
f 21493//5374 21494//5374 21495//5374 21496//5374
